text,source,context_text,hate_speech,sexist,threat,bullying,toxic,hate_speech_mask,sexist_mask,threat_mask,bullying_mask,toxic_mask
রাস্তার মধ্যে নারী কর্তৃক পুরুষ হেনস্থা এবং শারীরিক নির্যাতন হয়েছে সেটার তো কোন পদক্ষেপ নিতে দেখছি না। ওই মেয়েটি বৃদ্ধ লোকটির গায়ে হাত তুলেছিল দাড়ি ধরে টেনেছে এবং টুপি খুলে নিয়ে ছিল ।যে আইন সমান বিচার করতে পারে না সে আইনকে ধিক্কার জানাই। নারী পুরুষ অপরাধ যেই করুক তাকেই আইনের আওতায় আনতে হবে।,banglatoco,"রাজধানীর ফুটপাতে নারীকে হেনস্তা, সেই যুবককে ধরে আনল পুলিশ রাজধানীর মিরপুর ১০ নম্বরে ফুটপাতে বসা ভাসমান বিক্রেতার কাছ থেকে জুতা কিনতে গিয়ে এক নারী হেনস্তার শিকার হয়েছেন, এমন একটি ভিডিও সামাজিক যোগাযোগমাধ্যমে ছড়িয়ে পড়েছে। ১ মিনিট ১৬ সেকেন্ডের ওই ভিডিওতে দেখা গেছে, ওই নারীকে চড়-থাপ্পড় দিচ্ছেন একজন। তাঁর হাত ধরে টানাটানিও করা হচ্ছিল। কয়েকজন ওই নারীকে চোর, চোর বলছিলেন।পুলিশ জানায়, মূলত জুতা কেনা নিয়ে ভাসমান বিক্রেতার সঙ্গে ওই নারীর ঝগড়া হয়। একপর্যায়ে এ ঘটনা ঘটে। তাওহিদী পায়ুসোইনিক দেখতে পাচ্ছি😆😆;মিথ্যাচার করার জায়গা পান না? মেয়েটি বলেছে গালাগালি যখন করতেছেন, তাহলে দাড়িটুপি পরে করতে দিবো না, এইগুলোর সম্মান নষ্ট কররেছেন, যেখানেও ঐ মুরব্বি অন্যায় করেছে, কে কি পোশাক পরবে সেটা তার বিষয়, কিন্তু মেয়েটিকে উনি হ্যারেজ করেছেন, যা রাষ্ট্রীয় ভাবে অন্যায় ও আইনে অপরাধ, কারণ রাষ্ট্র কর্তৃক নিষিদ্ধ জামা গায়ে দিয়ে কি সে চলাফেরা করতেছিলো? নাকি দেশ জংগি, আফগানি, তালেবানি, পাকিস্তানি হয়ে গেছে? আগে ক্ষমতায় যান, আইন করেন, তার পরে ইতরামি করতে আইয়েন, ভালো হয়ে যান।",-1,-1,-1,-1,0,0,0,0,0,1
"মিরপুর থাকার সুবাদে এই দোকানে কয়েকবার আমার যাওয়া হইছে, এই লোকটা আসলে বদমেজাজি, যতদূর বুঝতে পারি, উনার আচরণ আমারও খারাপ লাগছে একবার, তাই যতদূর পারি এই দোকান এভয়েড করি, যেহেতু ব্যাবসা করেন উনার একটু সহনশীল হওয়া উচিত, লোকজন দেখবে দরাদরি করবে এটাই স্বাভাবিক, পছন্দ হলে নিবে, না হলে নাই, কিন্তু উনি রেগে যান অল্পতে",banglatoco,"রাজধানীর ফুটপাতে নারীকে হেনস্তা, সেই যুবককে ধরে আনল পুলিশ রাজধানীর মিরপুর ১০ নম্বরে ফুটপাতে বসা ভাসমান বিক্রেতার কাছ থেকে জুতা কিনতে গিয়ে এক নারী হেনস্তার শিকার হয়েছেন, এমন একটি ভিডিও সামাজিক যোগাযোগমাধ্যমে ছড়িয়ে পড়েছে। ১ মিনিট ১৬ সেকেন্ডের ওই ভিডিওতে দেখা গেছে, ওই নারীকে চড়-থাপ্পড় দিচ্ছেন একজন। তাঁর হাত ধরে টানাটানিও করা হচ্ছিল। কয়েকজন ওই নারীকে চোর, চোর বলছিলেন।পুলিশ জানায়, মূলত জুতা কেনা নিয়ে ভাসমান বিক্রেতার সঙ্গে ওই নারীর ঝগড়া হয়। একপর্যায়ে এ ঘটনা ঘটে। দেখতে তো মাসুম মাসুম মনে হয়",-1,-1,-1,-1,0,0,0,0,0,1
"চরিত্র খারাপ মনে হয় না, তবে বদমেজাজি মনে হয়, রাগ কন্ট্রোল করতে পারে না",banglatoco,"রাজধানীর ফুটপাতে নারীকে হেনস্তা, সেই যুবককে ধরে আনল পুলিশ রাজধানীর মিরপুর ১০ নম্বরে ফুটপাতে বসা ভাসমান বিক্রেতার কাছ থেকে জুতা কিনতে গিয়ে এক নারী হেনস্তার শিকার হয়েছেন, এমন একটি ভিডিও সামাজিক যোগাযোগমাধ্যমে ছড়িয়ে পড়েছে। ১ মিনিট ১৬ সেকেন্ডের ওই ভিডিওতে দেখা গেছে, ওই নারীকে চড়-থাপ্পড় দিচ্ছেন একজন। তাঁর হাত ধরে টানাটানিও করা হচ্ছিল। কয়েকজন ওই নারীকে চোর, চোর বলছিলেন।পুলিশ জানায়, মূলত জুতা কেনা নিয়ে ভাসমান বিক্রেতার সঙ্গে ওই নারীর ঝগড়া হয়। একপর্যায়ে এ ঘটনা ঘটে।",-1,-1,-1,-1,0,0,0,0,0,1
বাদী এবং বিবাদীকে নিয়ে দ্রুত বিষয়টি সমাধানের জন্য পুলিশকে ধন্যবাদ,banglatoco,"রাজধানীর ফুটপাতে নারীকে হেনস্তা, সেই যুবককে ধরে আনল পুলিশ রাজধানীর মিরপুর ১০ নম্বরে ফুটপাতে বসা ভাসমান বিক্রেতার কাছ থেকে জুতা কিনতে গিয়ে এক নারী হেনস্তার শিকার হয়েছেন, এমন একটি ভিডিও সামাজিক যোগাযোগমাধ্যমে ছড়িয়ে পড়েছে। ১ মিনিট ১৬ সেকেন্ডের ওই ভিডিওতে দেখা গেছে, ওই নারীকে চড়-থাপ্পড় দিচ্ছেন একজন। তাঁর হাত ধরে টানাটানিও করা হচ্ছিল। কয়েকজন ওই নারীকে চোর, চোর বলছিলেন।পুলিশ জানায়, মূলত জুতা কেনা নিয়ে ভাসমান বিক্রেতার সঙ্গে ওই নারীর ঝগড়া হয়। একপর্যায়ে এ ঘটনা ঘটে।",-1,-1,-1,-1,0,0,0,0,0,1
"একদম ঠিক আছে,১০নাম্বারে বিশেষ করে হোপ মার্কেটের দোকানদের ব্যবহার খুবই খারাপ।",banglatoco,"রাজধানীর ফুটপাতে নারীকে হেনস্তা, সেই যুবককে ধরে আনল পুলিশ রাজধানীর মিরপুর ১০ নম্বরে ফুটপাতে বসা ভাসমান বিক্রেতার কাছ থেকে জুতা কিনতে গিয়ে এক নারী হেনস্তার শিকার হয়েছেন, এমন একটি ভিডিও সামাজিক যোগাযোগমাধ্যমে ছড়িয়ে পড়েছে। ১ মিনিট ১৬ সেকেন্ডের ওই ভিডিওতে দেখা গেছে, ওই নারীকে চড়-থাপ্পড় দিচ্ছেন একজন। তাঁর হাত ধরে টানাটানিও করা হচ্ছিল। কয়েকজন ওই নারীকে চোর, চোর বলছিলেন।পুলিশ জানায়, মূলত জুতা কেনা নিয়ে ভাসমান বিক্রেতার সঙ্গে ওই নারীর ঝগড়া হয়। একপর্যায়ে এ ঘটনা ঘটে।",-1,-1,-1,-1,0,0,0,0,0,1
লোকটার বিচার হোক।,banglatoco,"রাজধানীর ফুটপাতে নারীকে হেনস্তা, সেই যুবককে ধরে আনল পুলিশ রাজধানীর মিরপুর ১০ নম্বরে ফুটপাতে বসা ভাসমান বিক্রেতার কাছ থেকে জুতা কিনতে গিয়ে এক নারী হেনস্তার শিকার হয়েছেন, এমন একটি ভিডিও সামাজিক যোগাযোগমাধ্যমে ছড়িয়ে পড়েছে। ১ মিনিট ১৬ সেকেন্ডের ওই ভিডিওতে দেখা গেছে, ওই নারীকে চড়-থাপ্পড় দিচ্ছেন একজন। তাঁর হাত ধরে টানাটানিও করা হচ্ছিল। কয়েকজন ওই নারীকে চোর, চোর বলছিলেন।পুলিশ জানায়, মূলত জুতা কেনা নিয়ে ভাসমান বিক্রেতার সঙ্গে ওই নারীর ঝগড়া হয়। একপর্যায়ে এ ঘটনা ঘটে। দেশটাই এখন ময়লার স্তুপ , কতো ময়লা পরিস্কার করবে?",-1,-1,-1,-1,0,0,0,0,0,1
"দেশটাই এখন ময়লার স্তুপ , কতো ময়লা পরিস্কার করবে?",banglatoco,"রাজধানীর ফুটপাতে নারীকে হেনস্তা, সেই যুবককে ধরে আনল পুলিশ রাজধানীর মিরপুর ১০ নম্বরে ফুটপাতে বসা ভাসমান বিক্রেতার কাছ থেকে জুতা কিনতে গিয়ে এক নারী হেনস্তার শিকার হয়েছেন, এমন একটি ভিডিও সামাজিক যোগাযোগমাধ্যমে ছড়িয়ে পড়েছে। ১ মিনিট ১৬ সেকেন্ডের ওই ভিডিওতে দেখা গেছে, ওই নারীকে চড়-থাপ্পড় দিচ্ছেন একজন। তাঁর হাত ধরে টানাটানিও করা হচ্ছিল। কয়েকজন ওই নারীকে চোর, চোর বলছিলেন।পুলিশ জানায়, মূলত জুতা কেনা নিয়ে ভাসমান বিক্রেতার সঙ্গে ওই নারীর ঝগড়া হয়। একপর্যায়ে এ ঘটনা ঘটে। লোকটার বিচার হোক।",-1,-1,-1,-1,0,0,0,0,0,1
উপযুক্ত বিচার করা হোক ✅,banglatoco,"রাজধানীর ফুটপাতে নারীকে হেনস্তা, সেই যুবককে ধরে আনল পুলিশ রাজধানীর মিরপুর ১০ নম্বরে ফুটপাতে বসা ভাসমান বিক্রেতার কাছ থেকে জুতা কিনতে গিয়ে এক নারী হেনস্তার শিকার হয়েছেন, এমন একটি ভিডিও সামাজিক যোগাযোগমাধ্যমে ছড়িয়ে পড়েছে। ১ মিনিট ১৬ সেকেন্ডের ওই ভিডিওতে দেখা গেছে, ওই নারীকে চড়-থাপ্পড় দিচ্ছেন একজন। তাঁর হাত ধরে টানাটানিও করা হচ্ছিল। কয়েকজন ওই নারীকে চোর, চোর বলছিলেন।পুলিশ জানায়, মূলত জুতা কেনা নিয়ে ভাসমান বিক্রেতার সঙ্গে ওই নারীর ঝগড়া হয়। একপর্যায়ে এ ঘটনা ঘটে। ভাই ঐ মেয়ে যে ছেলেটার গায়ে হাত দিলো ও জুতা দিয়ে মারতে গেলো ঐ মেয়েরও বিচার চাই কারণ নারী পুরুষ কারো ই মব করা উচিত না যেই মব করবে তাদের সমান শাস্তি হওয়া উচিত।",-1,-1,-1,-1,0,0,0,0,0,1
উচিত শিক্ষা দেয়া হোক। অধিকাংশ হকারের ব্যবহারই মারাত্বক খারাপ।,banglatoco,"রাজধানীর ফুটপাতে নারীকে হেনস্তা, সেই যুবককে ধরে আনল পুলিশ রাজধানীর মিরপুর ১০ নম্বরে ফুটপাতে বসা ভাসমান বিক্রেতার কাছ থেকে জুতা কিনতে গিয়ে এক নারী হেনস্তার শিকার হয়েছেন, এমন একটি ভিডিও সামাজিক যোগাযোগমাধ্যমে ছড়িয়ে পড়েছে। ১ মিনিট ১৬ সেকেন্ডের ওই ভিডিওতে দেখা গেছে, ওই নারীকে চড়-থাপ্পড় দিচ্ছেন একজন। তাঁর হাত ধরে টানাটানিও করা হচ্ছিল। কয়েকজন ওই নারীকে চোর, চোর বলছিলেন।পুলিশ জানায়, মূলত জুতা কেনা নিয়ে ভাসমান বিক্রেতার সঙ্গে ওই নারীর ঝগড়া হয়। একপর্যায়ে এ ঘটনা ঘটে। বোন ঐ মেয়ে যে ছেলেটার গায়ে হাত দিলো ও জুতা দিয়ে মারতে গেলো ঐ মেয়েরও বিচার চাই কারণ নারী পুরুষ কারো ই মব করা উচিত না যেই মব করবে তাদের সমান শাস্তি হওয়া উচিত।;আপনি আপনার স্বামীর পক্ষে বলবেন এটা স্বাভাবিক। তবে হেনস্তা করার বিরুদ্ধে সকলকে সোচ্চার হতে হবে",-1,-1,-1,-1,0,0,0,0,0,1
দেশে আইনের শাসন প্রতিষ্ঠিত হোক,banglatoco,"রাজধানীর ফুটপাতে নারীকে হেনস্তা, সেই যুবককে ধরে আনল পুলিশ রাজধানীর মিরপুর ১০ নম্বরে ফুটপাতে বসা ভাসমান বিক্রেতার কাছ থেকে জুতা কিনতে গিয়ে এক নারী হেনস্তার শিকার হয়েছেন, এমন একটি ভিডিও সামাজিক যোগাযোগমাধ্যমে ছড়িয়ে পড়েছে। ১ মিনিট ১৬ সেকেন্ডের ওই ভিডিওতে দেখা গেছে, ওই নারীকে চড়-থাপ্পড় দিচ্ছেন একজন। তাঁর হাত ধরে টানাটানিও করা হচ্ছিল। কয়েকজন ওই নারীকে চোর, চোর বলছিলেন।পুলিশ জানায়, মূলত জুতা কেনা নিয়ে ভাসমান বিক্রেতার সঙ্গে ওই নারীর ঝগড়া হয়। একপর্যায়ে এ ঘটনা ঘটে।",-1,-1,-1,-1,0,0,0,0,0,1
পুলিশ জুলুম করতাছে সবার আগে ধরার উচিত ছিল বদমাশ এই মহিলাকে,banglatoco,"রাজধানীর ফুটপাতে নারীকে হেনস্তা, সেই যুবককে ধরে আনল পুলিশ রাজধানীর মিরপুর ১০ নম্বরে ফুটপাতে বসা ভাসমান বিক্রেতার কাছ থেকে জুতা কিনতে গিয়ে এক নারী হেনস্তার শিকার হয়েছেন, এমন একটি ভিডিও সামাজিক যোগাযোগমাধ্যমে ছড়িয়ে পড়েছে। ১ মিনিট ১৬ সেকেন্ডের ওই ভিডিওতে দেখা গেছে, ওই নারীকে চড়-থাপ্পড় দিচ্ছেন একজন। তাঁর হাত ধরে টানাটানিও করা হচ্ছিল। কয়েকজন ওই নারীকে চোর, চোর বলছিলেন।পুলিশ জানায়, মূলত জুতা কেনা নিয়ে ভাসমান বিক্রেতার সঙ্গে ওই নারীর ঝগড়া হয়। একপর্যায়ে এ ঘটনা ঘটে। আপনার মাথায় সমস্যা আছে ভাই,মাথা পরিস্কার করুন।;ঘটনা যাই হক মেয়ের দোষ 🤣।আপনাদের কাছে মেয়েরা জন্মগত পাপি।",-1,-1,-1,-1,1,0,0,0,0,1
সঠিক বিচার করার দরকার,banglatoco,"রাজধানীর ফুটপাতে নারীকে হেনস্তা, সেই যুবককে ধরে আনল পুলিশ রাজধানীর মিরপুর ১০ নম্বরে ফুটপাতে বসা ভাসমান বিক্রেতার কাছ থেকে জুতা কিনতে গিয়ে এক নারী হেনস্তার শিকার হয়েছেন, এমন একটি ভিডিও সামাজিক যোগাযোগমাধ্যমে ছড়িয়ে পড়েছে। ১ মিনিট ১৬ সেকেন্ডের ওই ভিডিওতে দেখা গেছে, ওই নারীকে চড়-থাপ্পড় দিচ্ছেন একজন। তাঁর হাত ধরে টানাটানিও করা হচ্ছিল। কয়েকজন ওই নারীকে চোর, চোর বলছিলেন।পুলিশ জানায়, মূলত জুতা কেনা নিয়ে ভাসমান বিক্রেতার সঙ্গে ওই নারীর ঝগড়া হয়। একপর্যায়ে এ ঘটনা ঘটে।",-1,-1,-1,-1,0,0,0,0,0,1
ধন্যবাদ পুলিশ কে পরে হলেও ব্যস্ততা নিয়েছে,banglatoco,"রাজধানীর ফুটপাতে নারীকে হেনস্তা, সেই যুবককে ধরে আনল পুলিশ রাজধানীর মিরপুর ১০ নম্বরে ফুটপাতে বসা ভাসমান বিক্রেতার কাছ থেকে জুতা কিনতে গিয়ে এক নারী হেনস্তার শিকার হয়েছেন, এমন একটি ভিডিও সামাজিক যোগাযোগমাধ্যমে ছড়িয়ে পড়েছে। ১ মিনিট ১৬ সেকেন্ডের ওই ভিডিওতে দেখা গেছে, ওই নারীকে চড়-থাপ্পড় দিচ্ছেন একজন। তাঁর হাত ধরে টানাটানিও করা হচ্ছিল। কয়েকজন ওই নারীকে চোর, চোর বলছিলেন।পুলিশ জানায়, মূলত জুতা কেনা নিয়ে ভাসমান বিক্রেতার সঙ্গে ওই নারীর ঝগড়া হয়। একপর্যায়ে এ ঘটনা ঘটে।",-1,-1,-1,-1,0,0,0,0,0,1
দেশের আইন ব্যবস্থা আরো কঠোর হোক,banglatoco,"রাজধানীর ফুটপাতে নারীকে হেনস্তা, সেই যুবককে ধরে আনল পুলিশ রাজধানীর মিরপুর ১০ নম্বরে ফুটপাতে বসা ভাসমান বিক্রেতার কাছ থেকে জুতা কিনতে গিয়ে এক নারী হেনস্তার শিকার হয়েছেন, এমন একটি ভিডিও সামাজিক যোগাযোগমাধ্যমে ছড়িয়ে পড়েছে। ১ মিনিট ১৬ সেকেন্ডের ওই ভিডিওতে দেখা গেছে, ওই নারীকে চড়-থাপ্পড় দিচ্ছেন একজন। তাঁর হাত ধরে টানাটানিও করা হচ্ছিল। কয়েকজন ওই নারীকে চোর, চোর বলছিলেন।পুলিশ জানায়, মূলত জুতা কেনা নিয়ে ভাসমান বিক্রেতার সঙ্গে ওই নারীর ঝগড়া হয়। একপর্যায়ে এ ঘটনা ঘটে।",-1,-1,-1,-1,0,0,0,0,0,1
যে দোষী হবে তাকেই গঠনমূলক ও যৌক্তিক শাস্তি দিতে হবে। জিরো টলারেন্স মবের বিরুদ্ধে।,banglatoco,"রাজধানীর ফুটপাতে নারীকে হেনস্তা, সেই যুবককে ধরে আনল পুলিশ রাজধানীর মিরপুর ১০ নম্বরে ফুটপাতে বসা ভাসমান বিক্রেতার কাছ থেকে জুতা কিনতে গিয়ে এক নারী হেনস্তার শিকার হয়েছেন, এমন একটি ভিডিও সামাজিক যোগাযোগমাধ্যমে ছড়িয়ে পড়েছে। ১ মিনিট ১৬ সেকেন্ডের ওই ভিডিওতে দেখা গেছে, ওই নারীকে চড়-থাপ্পড় দিচ্ছেন একজন। তাঁর হাত ধরে টানাটানিও করা হচ্ছিল। কয়েকজন ওই নারীকে চোর, চোর বলছিলেন।পুলিশ জানায়, মূলত জুতা কেনা নিয়ে ভাসমান বিক্রেতার সঙ্গে ওই নারীর ঝগড়া হয়। একপর্যায়ে এ ঘটনা ঘটে। কেউ প্রকাশ্যে যদি আপনার গায়ে হাত তোলে তখন আপনি কি করবেন? বসে থাকবেন? মেয়েটার গায়ে প্রথমে হাত তোলা হয়েছে এরপর মেয়েটি ওই ষ্টুপিডের গায়ে হাত তুলেছে, সেটাইতো স্বাভাবিক।",-1,-1,-1,-1,0,0,0,0,0,1
ওই যুবকের পাশের গুলা যেগুলো গোলমাল পাকালো সেগুলোকেও ধরে আনা উচিৎ। ফাজিলগুলা সব একসাথে থাকে।,banglatoco,"রাজধানীর ফুটপাতে নারীকে হেনস্তা, সেই যুবককে ধরে আনল পুলিশ রাজধানীর মিরপুর ১০ নম্বরে ফুটপাতে বসা ভাসমান বিক্রেতার কাছ থেকে জুতা কিনতে গিয়ে এক নারী হেনস্তার শিকার হয়েছেন, এমন একটি ভিডিও সামাজিক যোগাযোগমাধ্যমে ছড়িয়ে পড়েছে। ১ মিনিট ১৬ সেকেন্ডের ওই ভিডিওতে দেখা গেছে, ওই নারীকে চড়-থাপ্পড় দিচ্ছেন একজন। তাঁর হাত ধরে টানাটানিও করা হচ্ছিল। কয়েকজন ওই নারীকে চোর, চোর বলছিলেন।পুলিশ জানায়, মূলত জুতা কেনা নিয়ে ভাসমান বিক্রেতার সঙ্গে ওই নারীর ঝগড়া হয়। একপর্যায়ে এ ঘটনা ঘটে।",-1,-1,-1,-1,0,0,0,0,0,1
অনেক দোকান ব্যবসায়ীরা বিক্রেতার সাথে খারাপ ব্যবহার করে।,banglatoco,"রাজধানীর ফুটপাতে নারীকে হেনস্তা, সেই যুবককে ধরে আনল পুলিশ রাজধানীর মিরপুর ১০ নম্বরে ফুটপাতে বসা ভাসমান বিক্রেতার কাছ থেকে জুতা কিনতে গিয়ে এক নারী হেনস্তার শিকার হয়েছেন, এমন একটি ভিডিও সামাজিক যোগাযোগমাধ্যমে ছড়িয়ে পড়েছে। ১ মিনিট ১৬ সেকেন্ডের ওই ভিডিওতে দেখা গেছে, ওই নারীকে চড়-থাপ্পড় দিচ্ছেন একজন। তাঁর হাত ধরে টানাটানিও করা হচ্ছিল। কয়েকজন ওই নারীকে চোর, চোর বলছিলেন।পুলিশ জানায়, মূলত জুতা কেনা নিয়ে ভাসমান বিক্রেতার সঙ্গে ওই নারীর ঝগড়া হয়। একপর্যায়ে এ ঘটনা ঘটে।",-1,-1,-1,-1,0,0,0,0,0,1
মার্কেটের দোকানদার বলেন আর ফুটপাতের দোকানদার বলেন তাদের ব্যবহার খারাপ করলেই শাস্তি দেওয়া হোক,banglatoco,"রাজধানীর ফুটপাতে নারীকে হেনস্তা, সেই যুবককে ধরে আনল পুলিশ রাজধানীর মিরপুর ১০ নম্বরে ফুটপাতে বসা ভাসমান বিক্রেতার কাছ থেকে জুতা কিনতে গিয়ে এক নারী হেনস্তার শিকার হয়েছেন, এমন একটি ভিডিও সামাজিক যোগাযোগমাধ্যমে ছড়িয়ে পড়েছে। ১ মিনিট ১৬ সেকেন্ডের ওই ভিডিওতে দেখা গেছে, ওই নারীকে চড়-থাপ্পড় দিচ্ছেন একজন। তাঁর হাত ধরে টানাটানিও করা হচ্ছিল। কয়েকজন ওই নারীকে চোর, চোর বলছিলেন।পুলিশ জানায়, মূলত জুতা কেনা নিয়ে ভাসমান বিক্রেতার সঙ্গে ওই নারীর ঝগড়া হয়। একপর্যায়ে এ ঘটনা ঘটে।",-1,-1,-1,-1,0,0,0,0,0,1
মেয়ে হলেই সাত খুন মাফ,banglatoco,"রাজধানীর ফুটপাতে নারীকে হেনস্তা, সেই যুবককে ধরে আনল পুলিশ রাজধানীর মিরপুর ১০ নম্বরে ফুটপাতে বসা ভাসমান বিক্রেতার কাছ থেকে জুতা কিনতে গিয়ে এক নারী হেনস্তার শিকার হয়েছেন, এমন একটি ভিডিও সামাজিক যোগাযোগমাধ্যমে ছড়িয়ে পড়েছে। ১ মিনিট ১৬ সেকেন্ডের ওই ভিডিওতে দেখা গেছে, ওই নারীকে চড়-থাপ্পড় দিচ্ছেন একজন। তাঁর হাত ধরে টানাটানিও করা হচ্ছিল। কয়েকজন ওই নারীকে চোর, চোর বলছিলেন।পুলিশ জানায়, মূলত জুতা কেনা নিয়ে ভাসমান বিক্রেতার সঙ্গে ওই নারীর ঝগড়া হয়। একপর্যায়ে এ ঘটনা ঘটে।",-1,-1,-1,-1,1,0,0,0,0,1
ঘটনা যাই হক মেয়ের দোষ 🤣।আপনাদের কাছে মেয়েরা জন্মগত পাপি।,banglatoco,"রাজধানীর ফুটপাতে নারীকে হেনস্তা, সেই যুবককে ধরে আনল পুলিশ রাজধানীর মিরপুর ১০ নম্বরে ফুটপাতে বসা ভাসমান বিক্রেতার কাছ থেকে জুতা কিনতে গিয়ে এক নারী হেনস্তার শিকার হয়েছেন, এমন একটি ভিডিও সামাজিক যোগাযোগমাধ্যমে ছড়িয়ে পড়েছে। ১ মিনিট ১৬ সেকেন্ডের ওই ভিডিওতে দেখা গেছে, ওই নারীকে চড়-থাপ্পড় দিচ্ছেন একজন। তাঁর হাত ধরে টানাটানিও করা হচ্ছিল। কয়েকজন ওই নারীকে চোর, চোর বলছিলেন।পুলিশ জানায়, মূলত জুতা কেনা নিয়ে ভাসমান বিক্রেতার সঙ্গে ওই নারীর ঝগড়া হয়। একপর্যায়ে এ ঘটনা ঘটে। পুলিশ জুলুম করতাছে সবার আগে ধরার উচিত ছিল বদমাশ এই মহিলাকে এনাদের মেয়ে লাগবে একাধিক কিন্তু যাই হোক না কেনো না জেনেই দোষ দিবে সেই মেয়েদের 😊",-1,-1,-1,-1,0,0,0,0,0,1
নারীদের পিছনে একটা পক্ষ লেগে গেলো কেন বুঝলাম না। প্রায় রেগুলার একটা ঘটনা দেশের কোন না কোন প্রান্তে হচ্ছে নারীদের হেনস্তা। এই সিনড্রোমগুলা দেশের জন্য ভালো নয়,banglatoco,"রাজধানীর ফুটপাতে নারীকে হেনস্তা, সেই যুবককে ধরে আনল পুলিশ রাজধানীর মিরপুর ১০ নম্বরে ফুটপাতে বসা ভাসমান বিক্রেতার কাছ থেকে জুতা কিনতে গিয়ে এক নারী হেনস্তার শিকার হয়েছেন, এমন একটি ভিডিও সামাজিক যোগাযোগমাধ্যমে ছড়িয়ে পড়েছে। ১ মিনিট ১৬ সেকেন্ডের ওই ভিডিওতে দেখা গেছে, ওই নারীকে চড়-থাপ্পড় দিচ্ছেন একজন। তাঁর হাত ধরে টানাটানিও করা হচ্ছিল। কয়েকজন ওই নারীকে চোর, চোর বলছিলেন।পুলিশ জানায়, মূলত জুতা কেনা নিয়ে ভাসমান বিক্রেতার সঙ্গে ওই নারীর ঝগড়া হয়। একপর্যায়ে এ ঘটনা ঘটে।",-1,-1,-1,-1,0,0,0,0,0,1
"মিরপুর ১০ এর ফুটপাতের মার্কেট মানেইতো ক্রেতাদের ওপর জোরপূর্বক গুন্ডামী। ভয়ে কেউ দামও জিজ্ঞেস করে না। দাম জিজ্ঞেস করলে, না নিলে- রিপ্লাই আসে বাজে।",banglatoco,"রাজধানীর ফুটপাতে নারীকে হেনস্তা, সেই যুবককে ধরে আনল পুলিশ রাজধানীর মিরপুর ১০ নম্বরে ফুটপাতে বসা ভাসমান বিক্রেতার কাছ থেকে জুতা কিনতে গিয়ে এক নারী হেনস্তার শিকার হয়েছেন, এমন একটি ভিডিও সামাজিক যোগাযোগমাধ্যমে ছড়িয়ে পড়েছে। ১ মিনিট ১৬ সেকেন্ডের ওই ভিডিওতে দেখা গেছে, ওই নারীকে চড়-থাপ্পড় দিচ্ছেন একজন। তাঁর হাত ধরে টানাটানিও করা হচ্ছিল। কয়েকজন ওই নারীকে চোর, চোর বলছিলেন।পুলিশ জানায়, মূলত জুতা কেনা নিয়ে ভাসমান বিক্রেতার সঙ্গে ওই নারীর ঝগড়া হয়। একপর্যায়ে এ ঘটনা ঘটে। মিরপুর ১০ এর ফুটপাত উঠিয়ে দেয়া হোক",-1,-1,-1,-1,0,0,0,0,0,1
ঐ ধরা পযর্ন্তই শেষ ফুলস্টপ!!বিচার নাই,banglatoco,"রাজধানীর ফুটপাতে নারীকে হেনস্তা, সেই যুবককে ধরে আনল পুলিশ রাজধানীর মিরপুর ১০ নম্বরে ফুটপাতে বসা ভাসমান বিক্রেতার কাছ থেকে জুতা কিনতে গিয়ে এক নারী হেনস্তার শিকার হয়েছেন, এমন একটি ভিডিও সামাজিক যোগাযোগমাধ্যমে ছড়িয়ে পড়েছে। ১ মিনিট ১৬ সেকেন্ডের ওই ভিডিওতে দেখা গেছে, ওই নারীকে চড়-থাপ্পড় দিচ্ছেন একজন। তাঁর হাত ধরে টানাটানিও করা হচ্ছিল। কয়েকজন ওই নারীকে চোর, চোর বলছিলেন।পুলিশ জানায়, মূলত জুতা কেনা নিয়ে ভাসমান বিক্রেতার সঙ্গে ওই নারীর ঝগড়া হয়। একপর্যায়ে এ ঘটনা ঘটে।",-1,-1,-1,-1,0,0,0,0,0,1
"ফুটপাত মুক্ত ঢাকা শহর চাই
",banglatoco,"রাজধানীর ফুটপাতে নারীকে হেনস্তা, সেই যুবককে ধরে আনল পুলিশ রাজধানীর মিরপুর ১০ নম্বরে ফুটপাতে বসা ভাসমান বিক্রেতার কাছ থেকে জুতা কিনতে গিয়ে এক নারী হেনস্তার শিকার হয়েছেন, এমন একটি ভিডিও সামাজিক যোগাযোগমাধ্যমে ছড়িয়ে পড়েছে। ১ মিনিট ১৬ সেকেন্ডের ওই ভিডিওতে দেখা গেছে, ওই নারীকে চড়-থাপ্পড় দিচ্ছেন একজন। তাঁর হাত ধরে টানাটানিও করা হচ্ছিল। কয়েকজন ওই নারীকে চোর, চোর বলছিলেন।পুলিশ জানায়, মূলত জুতা কেনা নিয়ে ভাসমান বিক্রেতার সঙ্গে ওই নারীর ঝগড়া হয়। একপর্যায়ে এ ঘটনা ঘটে।",-1,-1,-1,-1,0,0,0,0,0,1
কঠিন শাস্তি দিতে হবে নারী নির্যাতন অপরাধে,banglatoco,"রাজধানীর ফুটপাতে নারীকে হেনস্তা, সেই যুবককে ধরে আনল পুলিশ রাজধানীর মিরপুর ১০ নম্বরে ফুটপাতে বসা ভাসমান বিক্রেতার কাছ থেকে জুতা কিনতে গিয়ে এক নারী হেনস্তার শিকার হয়েছেন, এমন একটি ভিডিও সামাজিক যোগাযোগমাধ্যমে ছড়িয়ে পড়েছে। ১ মিনিট ১৬ সেকেন্ডের ওই ভিডিওতে দেখা গেছে, ওই নারীকে চড়-থাপ্পড় দিচ্ছেন একজন। তাঁর হাত ধরে টানাটানিও করা হচ্ছিল। কয়েকজন ওই নারীকে চোর, চোর বলছিলেন।পুলিশ জানায়, মূলত জুতা কেনা নিয়ে ভাসমান বিক্রেতার সঙ্গে ওই নারীর ঝগড়া হয়। একপর্যায়ে এ ঘটনা ঘটে।",-1,-1,-1,-1,0,0,0,0,0,1
সব শুয়োরের বাচ্চার দেখি টুপী দাঁড়ি কমন 😂,banglatoco,"রাজধানীর ফুটপাতে নারীকে হেনস্তা, সেই যুবককে ধরে আনল পুলিশ রাজধানীর মিরপুর ১০ নম্বরে ফুটপাতে বসা ভাসমান বিক্রেতার কাছ থেকে জুতা কিনতে গিয়ে এক নারী হেনস্তার শিকার হয়েছেন, এমন একটি ভিডিও সামাজিক যোগাযোগমাধ্যমে ছড়িয়ে পড়েছে। ১ মিনিট ১৬ সেকেন্ডের ওই ভিডিওতে দেখা গেছে, ওই নারীকে চড়-থাপ্পড় দিচ্ছেন একজন। তাঁর হাত ধরে টানাটানিও করা হচ্ছিল। কয়েকজন ওই নারীকে চোর, চোর বলছিলেন।পুলিশ জানায়, মূলত জুতা কেনা নিয়ে ভাসমান বিক্রেতার সঙ্গে ওই নারীর ঝগড়া হয়। একপর্যায়ে এ ঘটনা ঘটে।",-1,-1,-1,-1,1,0,0,0,0,1
অপরাধীদের দ্রুত গ্রেফতার করে আইনানুগ ব্যবস্থা গ্রহণ করা হোক।,banglatoco,"রাজধানীর ফুটপাতে নারীকে হেনস্তা, সেই যুবককে ধরে আনল পুলিশ রাজধানীর মিরপুর ১০ নম্বরে ফুটপাতে বসা ভাসমান বিক্রেতার কাছ থেকে জুতা কিনতে গিয়ে এক নারী হেনস্তার শিকার হয়েছেন, এমন একটি ভিডিও সামাজিক যোগাযোগমাধ্যমে ছড়িয়ে পড়েছে। ১ মিনিট ১৬ সেকেন্ডের ওই ভিডিওতে দেখা গেছে, ওই নারীকে চড়-থাপ্পড় দিচ্ছেন একজন। তাঁর হাত ধরে টানাটানিও করা হচ্ছিল। কয়েকজন ওই নারীকে চোর, চোর বলছিলেন।পুলিশ জানায়, মূলত জুতা কেনা নিয়ে ভাসমান বিক্রেতার সঙ্গে ওই নারীর ঝগড়া হয়। একপর্যায়ে এ ঘটনা ঘটে।",-1,-1,-1,-1,0,0,0,0,0,1
এবার কি তৌহিদী জনতা ছাড়াতে যাবে না?,banglatoco,"রাজধানীর ফুটপাতে নারীকে হেনস্তা, সেই যুবককে ধরে আনল পুলিশ রাজধানীর মিরপুর ১০ নম্বরে ফুটপাতে বসা ভাসমান বিক্রেতার কাছ থেকে জুতা কিনতে গিয়ে এক নারী হেনস্তার শিকার হয়েছেন, এমন একটি ভিডিও সামাজিক যোগাযোগমাধ্যমে ছড়িয়ে পড়েছে। ১ মিনিট ১৬ সেকেন্ডের ওই ভিডিওতে দেখা গেছে, ওই নারীকে চড়-থাপ্পড় দিচ্ছেন একজন। তাঁর হাত ধরে টানাটানিও করা হচ্ছিল। কয়েকজন ওই নারীকে চোর, চোর বলছিলেন।পুলিশ জানায়, মূলত জুতা কেনা নিয়ে ভাসমান বিক্রেতার সঙ্গে ওই নারীর ঝগড়া হয়। একপর্যায়ে এ ঘটনা ঘটে।",-1,-1,-1,-1,1,0,0,0,0,1
ডক্টর ইউনুসের পালিত পুত্র মৌলবাদী,banglatoco,"রাজধানীর ফুটপাতে নারীকে হেনস্তা, সেই যুবককে ধরে আনল পুলিশ রাজধানীর মিরপুর ১০ নম্বরে ফুটপাতে বসা ভাসমান বিক্রেতার কাছ থেকে জুতা কিনতে গিয়ে এক নারী হেনস্তার শিকার হয়েছেন, এমন একটি ভিডিও সামাজিক যোগাযোগমাধ্যমে ছড়িয়ে পড়েছে। ১ মিনিট ১৬ সেকেন্ডের ওই ভিডিওতে দেখা গেছে, ওই নারীকে চড়-থাপ্পড় দিচ্ছেন একজন। তাঁর হাত ধরে টানাটানিও করা হচ্ছিল। কয়েকজন ওই নারীকে চোর, চোর বলছিলেন।পুলিশ জানায়, মূলত জুতা কেনা নিয়ে ভাসমান বিক্রেতার সঙ্গে ওই নারীর ঝগড়া হয়। একপর্যায়ে এ ঘটনা ঘটে।",-1,-1,-1,-1,1,0,0,0,0,1
দয়া করে কিছু বলিয়েন না এই তৌহিদি জনতার ভাই কে। তাহলে পুলিশ কে আবার হামলা করবে জুলাই অভ্যুত্থান এর সৈনিকেরা,banglatoco,"রাজধানীর ফুটপাতে নারীকে হেনস্তা, সেই যুবককে ধরে আনল পুলিশ রাজধানীর মিরপুর ১০ নম্বরে ফুটপাতে বসা ভাসমান বিক্রেতার কাছ থেকে জুতা কিনতে গিয়ে এক নারী হেনস্তার শিকার হয়েছেন, এমন একটি ভিডিও সামাজিক যোগাযোগমাধ্যমে ছড়িয়ে পড়েছে। ১ মিনিট ১৬ সেকেন্ডের ওই ভিডিওতে দেখা গেছে, ওই নারীকে চড়-থাপ্পড় দিচ্ছেন একজন। তাঁর হাত ধরে টানাটানিও করা হচ্ছিল। কয়েকজন ওই নারীকে চোর, চোর বলছিলেন।পুলিশ জানায়, মূলত জুতা কেনা নিয়ে ভাসমান বিক্রেতার সঙ্গে ওই নারীর ঝগড়া হয়। একপর্যায়ে এ ঘটনা ঘটে।",-1,-1,-1,-1,1,0,0,0,0,1
কয়েক দিন আগে নারী নামক হিজড়া এক মুরুব্বিকে মারলো তাকে আটক করা হয়েছিলো কি?,banglatoco,"রাজধানীর ফুটপাতে নারীকে হেনস্তা, সেই যুবককে ধরে আনল পুলিশ রাজধানীর মিরপুর ১০ নম্বরে ফুটপাতে বসা ভাসমান বিক্রেতার কাছ থেকে জুতা কিনতে গিয়ে এক নারী হেনস্তার শিকার হয়েছেন, এমন একটি ভিডিও সামাজিক যোগাযোগমাধ্যমে ছড়িয়ে পড়েছে। ১ মিনিট ১৬ সেকেন্ডের ওই ভিডিওতে দেখা গেছে, ওই নারীকে চড়-থাপ্পড় দিচ্ছেন একজন। তাঁর হাত ধরে টানাটানিও করা হচ্ছিল। কয়েকজন ওই নারীকে চোর, চোর বলছিলেন।পুলিশ জানায়, মূলত জুতা কেনা নিয়ে ভাসমান বিক্রেতার সঙ্গে ওই নারীর ঝগড়া হয়। একপর্যায়ে এ ঘটনা ঘটে।",-1,-1,-1,-1,1,0,0,0,0,1
"লোকটা আক্রমণাত্মক এবং বাজে বাজে ইংগিত দিয়ে কথা বলে আগে থেকেই। লেবাস ধরে সূফী, কিন্ত আস্ত একটা পার্ভার্ট।",banglatoco,"রাজধানীর ফুটপাতে নারীকে হেনস্তা, সেই যুবককে ধরে আনল পুলিশ রাজধানীর মিরপুর ১০ নম্বরে ফুটপাতে বসা ভাসমান বিক্রেতার কাছ থেকে জুতা কিনতে গিয়ে এক নারী হেনস্তার শিকার হয়েছেন, এমন একটি ভিডিও সামাজিক যোগাযোগমাধ্যমে ছড়িয়ে পড়েছে। ১ মিনিট ১৬ সেকেন্ডের ওই ভিডিওতে দেখা গেছে, ওই নারীকে চড়-থাপ্পড় দিচ্ছেন একজন। তাঁর হাত ধরে টানাটানিও করা হচ্ছিল। কয়েকজন ওই নারীকে চোর, চোর বলছিলেন।পুলিশ জানায়, মূলত জুতা কেনা নিয়ে ভাসমান বিক্রেতার সঙ্গে ওই নারীর ঝগড়া হয়। একপর্যায়ে এ ঘটনা ঘটে।",-1,-1,-1,-1,1,0,0,0,0,1
"ভুক্তভোগী নারী আইনিভাবে বিচার চাট, বা না চাক, অপরাধীর বিচারের ব্যবস্থা করুন। তা না হলে সে পরবর্তীতে আবার আরেকজনের সাথে একই ধরনের বেয়াদবি করতে সাহস করে।",banglatoco,"রাজধানীর ফুটপাতে নারীকে হেনস্তা, সেই যুবককে ধরে আনল পুলিশ রাজধানীর মিরপুর ১০ নম্বরে ফুটপাতে বসা ভাসমান বিক্রেতার কাছ থেকে জুতা কিনতে গিয়ে এক নারী হেনস্তার শিকার হয়েছেন, এমন একটি ভিডিও সামাজিক যোগাযোগমাধ্যমে ছড়িয়ে পড়েছে। ১ মিনিট ১৬ সেকেন্ডের ওই ভিডিওতে দেখা গেছে, ওই নারীকে চড়-থাপ্পড় দিচ্ছেন একজন। তাঁর হাত ধরে টানাটানিও করা হচ্ছিল। কয়েকজন ওই নারীকে চোর, চোর বলছিলেন।পুলিশ জানায়, মূলত জুতা কেনা নিয়ে ভাসমান বিক্রেতার সঙ্গে ওই নারীর ঝগড়া হয়। একপর্যায়ে এ ঘটনা ঘটে।",-1,-1,-1,-1,0,0,0,0,0,1
এক জোড়া জুতা হকারের গোয়ার মধ্যে ভরে ছেড়ে দেন.....................,banglatoco,"রাজধানীর ফুটপাতে নারীকে হেনস্তা, সেই যুবককে ধরে আনল পুলিশ রাজধানীর মিরপুর ১০ নম্বরে ফুটপাতে বসা ভাসমান বিক্রেতার কাছ থেকে জুতা কিনতে গিয়ে এক নারী হেনস্তার শিকার হয়েছেন, এমন একটি ভিডিও সামাজিক যোগাযোগমাধ্যমে ছড়িয়ে পড়েছে। ১ মিনিট ১৬ সেকেন্ডের ওই ভিডিওতে দেখা গেছে, ওই নারীকে চড়-থাপ্পড় দিচ্ছেন একজন। তাঁর হাত ধরে টানাটানিও করা হচ্ছিল। কয়েকজন ওই নারীকে চোর, চোর বলছিলেন।পুলিশ জানায়, মূলত জুতা কেনা নিয়ে ভাসমান বিক্রেতার সঙ্গে ওই নারীর ঝগড়া হয়। একপর্যায়ে এ ঘটনা ঘটে।",-1,-1,-1,-1,1,0,0,0,0,1
ইদানীংনারীরা আগ্রাসী আচরণ শুরু করছে,banglatoco,"রাজধানীর ফুটপাতে নারীকে হেনস্তা, সেই যুবককে ধরে আনল পুলিশ রাজধানীর মিরপুর ১০ নম্বরে ফুটপাতে বসা ভাসমান বিক্রেতার কাছ থেকে জুতা কিনতে গিয়ে এক নারী হেনস্তার শিকার হয়েছেন, এমন একটি ভিডিও সামাজিক যোগাযোগমাধ্যমে ছড়িয়ে পড়েছে। ১ মিনিট ১৬ সেকেন্ডের ওই ভিডিওতে দেখা গেছে, ওই নারীকে চড়-থাপ্পড় দিচ্ছেন একজন। তাঁর হাত ধরে টানাটানিও করা হচ্ছিল। কয়েকজন ওই নারীকে চোর, চোর বলছিলেন।পুলিশ জানায়, মূলত জুতা কেনা নিয়ে ভাসমান বিক্রেতার সঙ্গে ওই নারীর ঝগড়া হয়। একপর্যায়ে এ ঘটনা ঘটে। দোষ হুজুরের",-1,-1,-1,-1,1,0,0,0,0,1
নারী তো সব মাফ,banglatoco,"রাজধানীর ফুটপাতে নারীকে হেনস্তা, সেই যুবককে ধরে আনল পুলিশ রাজধানীর মিরপুর ১০ নম্বরে ফুটপাতে বসা ভাসমান বিক্রেতার কাছ থেকে জুতা কিনতে গিয়ে এক নারী হেনস্তার শিকার হয়েছেন, এমন একটি ভিডিও সামাজিক যোগাযোগমাধ্যমে ছড়িয়ে পড়েছে। ১ মিনিট ১৬ সেকেন্ডের ওই ভিডিওতে দেখা গেছে, ওই নারীকে চড়-থাপ্পড় দিচ্ছেন একজন। তাঁর হাত ধরে টানাটানিও করা হচ্ছিল। কয়েকজন ওই নারীকে চোর, চোর বলছিলেন।পুলিশ জানায়, মূলত জুতা কেনা নিয়ে ভাসমান বিক্রেতার সঙ্গে ওই নারীর ঝগড়া হয়। একপর্যায়ে এ ঘটনা ঘটে। আপনি সামনে ছিলেন? মেয়েকে চুর বোলে মারছে সেটা কি দেখেননি??",-1,-1,-1,-1,1,0,0,0,0,1
নুনুতে ইট ঝুলিয়ে দেওয়ার দাবি জানাচ্ছি।,banglatoco,"রাজধানীর ফুটপাতে নারীকে হেনস্তা, সেই যুবককে ধরে আনল পুলিশ রাজধানীর মিরপুর ১০ নম্বরে ফুটপাতে বসা ভাসমান বিক্রেতার কাছ থেকে জুতা কিনতে গিয়ে এক নারী হেনস্তার শিকার হয়েছেন, এমন একটি ভিডিও সামাজিক যোগাযোগমাধ্যমে ছড়িয়ে পড়েছে। ১ মিনিট ১৬ সেকেন্ডের ওই ভিডিওতে দেখা গেছে, ওই নারীকে চড়-থাপ্পড় দিচ্ছেন একজন। তাঁর হাত ধরে টানাটানিও করা হচ্ছিল। কয়েকজন ওই নারীকে চোর, চোর বলছিলেন।পুলিশ জানায়, মূলত জুতা কেনা নিয়ে ভাসমান বিক্রেতার সঙ্গে ওই নারীর ঝগড়া হয়। একপর্যায়ে এ ঘটনা ঘটে।",-1,-1,-1,-1,1,0,0,0,0,1
শালা জানোয়ার টারে একদম ঠিকমতো বাটাম দেওয়া হোক,banglatoco,"রাজধানীর ফুটপাতে নারীকে হেনস্তা, সেই যুবককে ধরে আনল পুলিশ রাজধানীর মিরপুর ১০ নম্বরে ফুটপাতে বসা ভাসমান বিক্রেতার কাছ থেকে জুতা কিনতে গিয়ে এক নারী হেনস্তার শিকার হয়েছেন, এমন একটি ভিডিও সামাজিক যোগাযোগমাধ্যমে ছড়িয়ে পড়েছে। ১ মিনিট ১৬ সেকেন্ডের ওই ভিডিওতে দেখা গেছে, ওই নারীকে চড়-থাপ্পড় দিচ্ছেন একজন। তাঁর হাত ধরে টানাটানিও করা হচ্ছিল। কয়েকজন ওই নারীকে চোর, চোর বলছিলেন।পুলিশ জানায়, মূলত জুতা কেনা নিয়ে ভাসমান বিক্রেতার সঙ্গে ওই নারীর ঝগড়া হয়। একপর্যায়ে এ ঘটনা ঘটে।",-1,-1,-1,-1,1,0,0,0,0,1
শুয়োরের বাচ্চা দোকান দিয়ে মনে করে কি যে আমি মহারাজা হয়ে গেছে। ওকে ধরে ওর পাছায় টাস টাস করে মার দিতে হবে,banglatoco,"রাজধানীর ফুটপাতে নারীকে হেনস্তা, সেই যুবককে ধরে আনল পুলিশ রাজধানীর মিরপুর ১০ নম্বরে ফুটপাতে বসা ভাসমান বিক্রেতার কাছ থেকে জুতা কিনতে গিয়ে এক নারী হেনস্তার শিকার হয়েছেন, এমন একটি ভিডিও সামাজিক যোগাযোগমাধ্যমে ছড়িয়ে পড়েছে। ১ মিনিট ১৬ সেকেন্ডের ওই ভিডিওতে দেখা গেছে, ওই নারীকে চড়-থাপ্পড় দিচ্ছেন একজন। তাঁর হাত ধরে টানাটানিও করা হচ্ছিল। কয়েকজন ওই নারীকে চোর, চোর বলছিলেন।পুলিশ জানায়, মূলত জুতা কেনা নিয়ে ভাসমান বিক্রেতার সঙ্গে ওই নারীর ঝগড়া হয়। একপর্যায়ে এ ঘটনা ঘটে।",-1,-1,-1,-1,1,0,0,0,0,1
ভরে দাও এবার এই হিজবুতিকে! ❤️,banglatoco,"রাজধানীর ফুটপাতে নারীকে হেনস্তা, সেই যুবককে ধরে আনল পুলিশ রাজধানীর মিরপুর ১০ নম্বরে ফুটপাতে বসা ভাসমান বিক্রেতার কাছ থেকে জুতা কিনতে গিয়ে এক নারী হেনস্তার শিকার হয়েছেন, এমন একটি ভিডিও সামাজিক যোগাযোগমাধ্যমে ছড়িয়ে পড়েছে। ১ মিনিট ১৬ সেকেন্ডের ওই ভিডিওতে দেখা গেছে, ওই নারীকে চড়-থাপ্পড় দিচ্ছেন একজন। তাঁর হাত ধরে টানাটানিও করা হচ্ছিল। কয়েকজন ওই নারীকে চোর, চোর বলছিলেন।পুলিশ জানায়, মূলত জুতা কেনা নিয়ে ভাসমান বিক্রেতার সঙ্গে ওই নারীর ঝগড়া হয়। একপর্যায়ে এ ঘটনা ঘটে।",-1,-1,-1,-1,1,0,0,0,0,1
জুতা ওর কুটপিতে ঢুকিয়ে দেয়া উচিত,banglatoco,"রাজধানীর ফুটপাতে নারীকে হেনস্তা, সেই যুবককে ধরে আনল পুলিশ রাজধানীর মিরপুর ১০ নম্বরে ফুটপাতে বসা ভাসমান বিক্রেতার কাছ থেকে জুতা কিনতে গিয়ে এক নারী হেনস্তার শিকার হয়েছেন, এমন একটি ভিডিও সামাজিক যোগাযোগমাধ্যমে ছড়িয়ে পড়েছে। ১ মিনিট ১৬ সেকেন্ডের ওই ভিডিওতে দেখা গেছে, ওই নারীকে চড়-থাপ্পড় দিচ্ছেন একজন। তাঁর হাত ধরে টানাটানিও করা হচ্ছিল। কয়েকজন ওই নারীকে চোর, চোর বলছিলেন।পুলিশ জানায়, মূলত জুতা কেনা নিয়ে ভাসমান বিক্রেতার সঙ্গে ওই নারীর ঝগড়া হয়। একপর্যায়ে এ ঘটনা ঘটে।",-1,-1,-1,-1,1,0,0,0,0,1
হেনস্থার বিষয়টা পরে দেখেন আগে তাদের ধরেন যারা চো/র চো/র বলে মব সৃষ্টি করে মেয়েটিকে মে*রে ফেলার জন্য প্লান করছিলো।,banglatoco,"রাজধানীর ফুটপাতে নারীকে হেনস্তা, সেই যুবককে ধরে আনল পুলিশ রাজধানীর মিরপুর ১০ নম্বরে ফুটপাতে বসা ভাসমান বিক্রেতার কাছ থেকে জুতা কিনতে গিয়ে এক নারী হেনস্তার শিকার হয়েছেন, এমন একটি ভিডিও সামাজিক যোগাযোগমাধ্যমে ছড়িয়ে পড়েছে। ১ মিনিট ১৬ সেকেন্ডের ওই ভিডিওতে দেখা গেছে, ওই নারীকে চড়-থাপ্পড় দিচ্ছেন একজন। তাঁর হাত ধরে টানাটানিও করা হচ্ছিল। কয়েকজন ওই নারীকে চোর, চোর বলছিলেন।পুলিশ জানায়, মূলত জুতা কেনা নিয়ে ভাসমান বিক্রেতার সঙ্গে ওই নারীর ঝগড়া হয়। একপর্যায়ে এ ঘটনা ঘটে।",-1,-1,-1,-1,0,0,0,0,0,1
এক হাফ বেডা মার্কা বেডি একজন বৃদ্ধকে রাস্তার মাঝখানে কিক মারার ভিডিও ভাইরাল হয়।যা কালবেলা আপলোড করেছে।কয় তখন তো ওই নারীকে গ্রেপ্তার করেনি পুলিশ। আইন কি শুধু নারীদের জন্য?এই একচোখা নীতির কারণে পুরুষরা দিন দিন নারীদের প্রতি বিদ্বেষ হয়ে উঠছে।,banglatoco,"রাজধানীর ফুটপাতে নারীকে হেনস্তা, সেই যুবককে ধরে আনল পুলিশ রাজধানীর মিরপুর ১০ নম্বরে ফুটপাতে বসা ভাসমান বিক্রেতার কাছ থেকে জুতা কিনতে গিয়ে এক নারী হেনস্তার শিকার হয়েছেন, এমন একটি ভিডিও সামাজিক যোগাযোগমাধ্যমে ছড়িয়ে পড়েছে। ১ মিনিট ১৬ সেকেন্ডের ওই ভিডিওতে দেখা গেছে, ওই নারীকে চড়-থাপ্পড় দিচ্ছেন একজন। তাঁর হাত ধরে টানাটানিও করা হচ্ছিল। কয়েকজন ওই নারীকে চোর, চোর বলছিলেন।পুলিশ জানায়, মূলত জুতা কেনা নিয়ে ভাসমান বিক্রেতার সঙ্গে ওই নারীর ঝগড়া হয়। একপর্যায়ে এ ঘটনা ঘটে।",-1,-1,-1,-1,1,0,0,0,0,1
"উচিত হইছে,মহিলাটি জিনিস কিনবেনা দেখে তাকে শাহবাগি ট্যাগ মেরে গায়ে হাত দিবে এটা কেমন বিহিব?শাহবাগি ট্যাগ যেনো এখন এসব লোকদের জিকির হয়ে গেছে",banglatoco,"রাজধানীর ফুটপাতে নারীকে হেনস্তা, সেই যুবককে ধরে আনল পুলিশ রাজধানীর মিরপুর ১০ নম্বরে ফুটপাতে বসা ভাসমান বিক্রেতার কাছ থেকে জুতা কিনতে গিয়ে এক নারী হেনস্তার শিকার হয়েছেন, এমন একটি ভিডিও সামাজিক যোগাযোগমাধ্যমে ছড়িয়ে পড়েছে। ১ মিনিট ১৬ সেকেন্ডের ওই ভিডিওতে দেখা গেছে, ওই নারীকে চড়-থাপ্পড় দিচ্ছেন একজন। তাঁর হাত ধরে টানাটানিও করা হচ্ছিল। কয়েকজন ওই নারীকে চোর, চোর বলছিলেন।পুলিশ জানায়, মূলত জুতা কেনা নিয়ে ভাসমান বিক্রেতার সঙ্গে ওই নারীর ঝগড়া হয়। একপর্যায়ে এ ঘটনা ঘটে।",-1,-1,-1,-1,0,0,0,0,0,1
পুলিশকে ধন‍্যবাদ,banglatoco,"রাজধানীর ফুটপাতে নারীকে হেনস্তা, সেই যুবককে ধরে আনল পুলিশ রাজধানীর মিরপুর ১০ নম্বরে ফুটপাতে বসা ভাসমান বিক্রেতার কাছ থেকে জুতা কিনতে গিয়ে এক নারী হেনস্তার শিকার হয়েছেন, এমন একটি ভিডিও সামাজিক যোগাযোগমাধ্যমে ছড়িয়ে পড়েছে। ১ মিনিট ১৬ সেকেন্ডের ওই ভিডিওতে দেখা গেছে, ওই নারীকে চড়-থাপ্পড় দিচ্ছেন একজন। তাঁর হাত ধরে টানাটানিও করা হচ্ছিল। কয়েকজন ওই নারীকে চোর, চোর বলছিলেন।পুলিশ জানায়, মূলত জুতা কেনা নিয়ে ভাসমান বিক্রেতার সঙ্গে ওই নারীর ঝগড়া হয়। একপর্যায়ে এ ঘটনা ঘটে।",-1,-1,-1,-1,0,0,0,0,0,1
বিচি ছেইচা দেন,banglatoco,"রাজধানীর ফুটপাতে নারীকে হেনস্তা, সেই যুবককে ধরে আনল পুলিশ রাজধানীর মিরপুর ১০ নম্বরে ফুটপাতে বসা ভাসমান বিক্রেতার কাছ থেকে জুতা কিনতে গিয়ে এক নারী হেনস্তার শিকার হয়েছেন, এমন একটি ভিডিও সামাজিক যোগাযোগমাধ্যমে ছড়িয়ে পড়েছে। ১ মিনিট ১৬ সেকেন্ডের ওই ভিডিওতে দেখা গেছে, ওই নারীকে চড়-থাপ্পড় দিচ্ছেন একজন। তাঁর হাত ধরে টানাটানিও করা হচ্ছিল। কয়েকজন ওই নারীকে চোর, চোর বলছিলেন।পুলিশ জানায়, মূলত জুতা কেনা নিয়ে ভাসমান বিক্রেতার সঙ্গে ওই নারীর ঝগড়া হয়। একপর্যায়ে এ ঘটনা ঘটে। মুরুব্বি মুরুব্বীছেইচা দিলে হইব না কিমা করতে হইবো",-1,-1,-1,-1,1,0,0,0,0,1
"ছাগল কেন রাস্তায় হাটে, এদের উৎপাত বেড়ে গেছে",banglatoco,"রাজধানীর ফুটপাতে নারীকে হেনস্তা, সেই যুবককে ধরে আনল পুলিশ রাজধানীর মিরপুর ১০ নম্বরে ফুটপাতে বসা ভাসমান বিক্রেতার কাছ থেকে জুতা কিনতে গিয়ে এক নারী হেনস্তার শিকার হয়েছেন, এমন একটি ভিডিও সামাজিক যোগাযোগমাধ্যমে ছড়িয়ে পড়েছে। ১ মিনিট ১৬ সেকেন্ডের ওই ভিডিওতে দেখা গেছে, ওই নারীকে চড়-থাপ্পড় দিচ্ছেন একজন। তাঁর হাত ধরে টানাটানিও করা হচ্ছিল। কয়েকজন ওই নারীকে চোর, চোর বলছিলেন।পুলিশ জানায়, মূলত জুতা কেনা নিয়ে ভাসমান বিক্রেতার সঙ্গে ওই নারীর ঝগড়া হয়। একপর্যায়ে এ ঘটনা ঘটে।",-1,-1,-1,-1,1,0,0,0,0,1
"এগুলো শাহবাগী,গায়ে পড়ে গ্যাঞ্জাম বাধাঁতে চাইছে দেশের বিরুদ্ধে খবর তৈরির জন্য.. এগুলো ষড়যন্ত্রের অংশ",banglatoco,"রাজধানীর ফুটপাতে নারীকে হেনস্তা, সেই যুবককে ধরে আনল পুলিশ রাজধানীর মিরপুর ১০ নম্বরে ফুটপাতে বসা ভাসমান বিক্রেতার কাছ থেকে জুতা কিনতে গিয়ে এক নারী হেনস্তার শিকার হয়েছেন, এমন একটি ভিডিও সামাজিক যোগাযোগমাধ্যমে ছড়িয়ে পড়েছে। ১ মিনিট ১৬ সেকেন্ডের ওই ভিডিওতে দেখা গেছে, ওই নারীকে চড়-থাপ্পড় দিচ্ছেন একজন। তাঁর হাত ধরে টানাটানিও করা হচ্ছিল। কয়েকজন ওই নারীকে চোর, চোর বলছিলেন।পুলিশ জানায়, মূলত জুতা কেনা নিয়ে ভাসমান বিক্রেতার সঙ্গে ওই নারীর ঝগড়া হয়। একপর্যায়ে এ ঘটনা ঘটে। তাহলে এই হাইওয়ানীকে কেনো ধরবে না পুলিশ?",-1,-1,-1,-1,1,0,0,0,0,1
আবার বাইনারি রাজনীতি শুরু করবে। নারী বনাম পুরুষ এবং শেষ হবে ইসলাম বনাম নারী দিয়ে।,banglatoco,"রাজধানীর ফুটপাতে নারীকে হেনস্তা, সেই যুবককে ধরে আনল পুলিশ রাজধানীর মিরপুর ১০ নম্বরে ফুটপাতে বসা ভাসমান বিক্রেতার কাছ থেকে জুতা কিনতে গিয়ে এক নারী হেনস্তার শিকার হয়েছেন, এমন একটি ভিডিও সামাজিক যোগাযোগমাধ্যমে ছড়িয়ে পড়েছে। ১ মিনিট ১৬ সেকেন্ডের ওই ভিডিওতে দেখা গেছে, ওই নারীকে চড়-থাপ্পড় দিচ্ছেন একজন। তাঁর হাত ধরে টানাটানিও করা হচ্ছিল। কয়েকজন ওই নারীকে চোর, চোর বলছিলেন।পুলিশ জানায়, মূলত জুতা কেনা নিয়ে ভাসমান বিক্রেতার সঙ্গে ওই নারীর ঝগড়া হয়। একপর্যায়ে এ ঘটনা ঘটে।",-1,-1,-1,-1,0,0,0,0,0,1
পড়াশোনা পরে টাকা আগে। কারন টাকা থাকলে অশিক্ষিত লোকও জ্ঞানী হয়ে যায়। তাই তামিম ক্যারিয়ারকে First Priority দিয়েছে। পরের বছরও এক্সাম দেওয়া যাবে সমস্যা নেই। 🙂,banglatoco,এসএসসি পরীক্ষা না দিয়ে শ্রীলঙ্কা সফরে যাচ্ছেন তামিম আগামী ১০ এপ্রিল থেকে শুরু হচ্ছে এসএসসি পরীক্ষা। যশোরের একটি স্কুল থেকে এই পরীক্ষায় অংশ নেওয়ার কথা ছিল আজিজুল হাকিম তামিমের। তবে অনূর্ধ্ব-১৯ দলের অধিনায়ক সেই এসএসসি পরীক্ষায় বসছেন না। কারণ সে সময় যুব দলের শ্রীলঙ্কা সফর রয়েছে।,-1,-1,-1,-1,0,0,0,0,0,1
তার সিদ্ধান্তকে সঠিক মনে করি,banglatoco,এসএসসি পরীক্ষা না দিয়ে শ্রীলঙ্কা সফরে যাচ্ছেন তামিম আগামী ১০ এপ্রিল থেকে শুরু হচ্ছে এসএসসি পরীক্ষা। যশোরের একটি স্কুল থেকে এই পরীক্ষায় অংশ নেওয়ার কথা ছিল আজিজুল হাকিম তামিমের। তবে অনূর্ধ্ব-১৯ দলের অধিনায়ক সেই এসএসসি পরীক্ষায় বসছেন না। কারণ সে সময় যুব দলের শ্রীলঙ্কা সফর রয়েছে। তোমার এত মনে করা দিয়া হইবে ডা কি,-1,-1,-1,-1,0,0,0,0,0,1
চরম ভুল সিদ্ধান্ত,banglatoco,এসএসসি পরীক্ষা না দিয়ে শ্রীলঙ্কা সফরে যাচ্ছেন তামিম আগামী ১০ এপ্রিল থেকে শুরু হচ্ছে এসএসসি পরীক্ষা। যশোরের একটি স্কুল থেকে এই পরীক্ষায় অংশ নেওয়ার কথা ছিল আজিজুল হাকিম তামিমের। তবে অনূর্ধ্ব-১৯ দলের অধিনায়ক সেই এসএসসি পরীক্ষায় বসছেন না। কারণ সে সময় যুব দলের শ্রীলঙ্কা সফর রয়েছে।,-1,-1,-1,-1,0,0,0,0,0,1
ভাল করছে এত পড়াশোনা করে কাজ নাই,banglatoco,এসএসসি পরীক্ষা না দিয়ে শ্রীলঙ্কা সফরে যাচ্ছেন তামিম আগামী ১০ এপ্রিল থেকে শুরু হচ্ছে এসএসসি পরীক্ষা। যশোরের একটি স্কুল থেকে এই পরীক্ষায় অংশ নেওয়ার কথা ছিল আজিজুল হাকিম তামিমের। তবে অনূর্ধ্ব-১৯ দলের অধিনায়ক সেই এসএসসি পরীক্ষায় বসছেন না। কারণ সে সময় যুব দলের শ্রীলঙ্কা সফর রয়েছে।,-1,-1,-1,-1,0,0,0,0,0,1
গিয়া হখলতা ছিড়য়া আটা বান্দিলিবা,banglatoco,এসএসসি পরীক্ষা না দিয়ে শ্রীলঙ্কা সফরে যাচ্ছেন তামিম আগামী ১০ এপ্রিল থেকে শুরু হচ্ছে এসএসসি পরীক্ষা। যশোরের একটি স্কুল থেকে এই পরীক্ষায় অংশ নেওয়ার কথা ছিল আজিজুল হাকিম তামিমের। তবে অনূর্ধ্ব-১৯ দলের অধিনায়ক সেই এসএসসি পরীক্ষায় বসছেন না। কারণ সে সময় যুব দলের শ্রীলঙ্কা সফর রয়েছে।,-1,-1,-1,-1,1,0,0,0,0,1
পড়াশোনা করে দোকানে দোকানে বদনা বিক্রি না করে খেলাধুলা করলে মেলা টাকা কামাই হবে ভবিষ্যৎ ভালো হবে 🙂,banglatoco,এসএসসি পরীক্ষা না দিয়ে শ্রীলঙ্কা সফরে যাচ্ছেন তামিম আগামী ১০ এপ্রিল থেকে শুরু হচ্ছে এসএসসি পরীক্ষা। যশোরের একটি স্কুল থেকে এই পরীক্ষায় অংশ নেওয়ার কথা ছিল আজিজুল হাকিম তামিমের। তবে অনূর্ধ্ব-১৯ দলের অধিনায়ক সেই এসএসসি পরীক্ষায় বসছেন না। কারণ সে সময় যুব দলের শ্রীলঙ্কা সফর রয়েছে।,-1,-1,-1,-1,1,0,0,0,0,1
পড়াশোনা করে যতটুকু না আগাবে এখনের শ্রীলঙ্কার সফরে গেলে তার থেকে বহুগুণ এগিয়ে থাকবে লাইফ ও দাঁড়িয়ে যাবে। আর পড়াশোনা এর পর ও করতে পারবে। শুভ কামনা রইলো,banglatoco,"এসএসসি পরীক্ষা না দিয়ে শ্রীলঙ্কা সফরে যাচ্ছেন তামিম আগামী ১০ এপ্রিল থেকে শুরু হচ্ছে এসএসসি পরীক্ষা। যশোরের একটি স্কুল থেকে এই পরীক্ষায় অংশ নেওয়ার কথা ছিল আজিজুল হাকিম তামিমের। তবে অনূর্ধ্ব-১৯ দলের অধিনায়ক সেই এসএসসি পরীক্ষায় বসছেন না। কারণ সে সময় যুব দলের শ্রীলঙ্কা সফর রয়েছে। একদম,,পরিক্ষা সামনে বছর",-1,-1,-1,-1,0,0,0,0,0,1
ছিড়িয়া আটা বান্দিলাইবা 😆😆,banglatoco,এসএসসি পরীক্ষা না দিয়ে শ্রীলঙ্কা সফরে যাচ্ছেন তামিম আগামী ১০ এপ্রিল থেকে শুরু হচ্ছে এসএসসি পরীক্ষা। যশোরের একটি স্কুল থেকে এই পরীক্ষায় অংশ নেওয়ার কথা ছিল আজিজুল হাকিম তামিমের। তবে অনূর্ধ্ব-১৯ দলের অধিনায়ক সেই এসএসসি পরীক্ষায় বসছেন না। কারণ সে সময় যুব দলের শ্রীলঙ্কা সফর রয়েছে।,-1,-1,-1,-1,1,0,0,0,0,1
তা‌মিম নামটাই ক‌লিজা,banglatoco,এসএসসি পরীক্ষা না দিয়ে শ্রীলঙ্কা সফরে যাচ্ছেন তামিম আগামী ১০ এপ্রিল থেকে শুরু হচ্ছে এসএসসি পরীক্ষা। যশোরের একটি স্কুল থেকে এই পরীক্ষায় অংশ নেওয়ার কথা ছিল আজিজুল হাকিম তামিমের। তবে অনূর্ধ্ব-১৯ দলের অধিনায়ক সেই এসএসসি পরীক্ষায় বসছেন না। কারণ সে সময় যুব দলের শ্রীলঙ্কা সফর রয়েছে।,-1,-1,-1,-1,0,0,0,0,0,1
ঠিকই আছে 😀,banglatoco,এসএসসি পরীক্ষা না দিয়ে শ্রীলঙ্কা সফরে যাচ্ছেন তামিম আগামী ১০ এপ্রিল থেকে শুরু হচ্ছে এসএসসি পরীক্ষা। যশোরের একটি স্কুল থেকে এই পরীক্ষায় অংশ নেওয়ার কথা ছিল আজিজুল হাকিম তামিমের। তবে অনূর্ধ্ব-১৯ দলের অধিনায়ক সেই এসএসসি পরীক্ষায় বসছেন না। কারণ সে সময় যুব দলের শ্রীলঙ্কা সফর রয়েছে।,-1,-1,-1,-1,0,0,0,0,0,1
পড়া লেখা করে যে গাড়ি ঘুড়া চরে সে। 🙂,banglatoco,এসএসসি পরীক্ষা না দিয়ে শ্রীলঙ্কা সফরে যাচ্ছেন তামিম আগামী ১০ এপ্রিল থেকে শুরু হচ্ছে এসএসসি পরীক্ষা। যশোরের একটি স্কুল থেকে এই পরীক্ষায় অংশ নেওয়ার কথা ছিল আজিজুল হাকিম তামিমের। তবে অনূর্ধ্ব-১৯ দলের অধিনায়ক সেই এসএসসি পরীক্ষায় বসছেন না। কারণ সে সময় যুব দলের শ্রীলঙ্কা সফর রয়েছে।,-1,-1,-1,-1,0,0,0,0,0,1
কিছু দিন পরে আফসোস করবে💔,banglatoco,এসএসসি পরীক্ষা না দিয়ে শ্রীলঙ্কা সফরে যাচ্ছেন তামিম আগামী ১০ এপ্রিল থেকে শুরু হচ্ছে এসএসসি পরীক্ষা। যশোরের একটি স্কুল থেকে এই পরীক্ষায় অংশ নেওয়ার কথা ছিল আজিজুল হাকিম তামিমের। তবে অনূর্ধ্ব-১৯ দলের অধিনায়ক সেই এসএসসি পরীক্ষায় বসছেন না। কারণ সে সময় যুব দলের শ্রীলঙ্কা সফর রয়েছে।,-1,-1,-1,-1,0,0,0,0,0,1
এই সালা এই আকাম করিসনা 😄 আমারও পরিক্ষা 😔,banglatoco,এসএসসি পরীক্ষা না দিয়ে শ্রীলঙ্কা সফরে যাচ্ছেন তামিম আগামী ১০ এপ্রিল থেকে শুরু হচ্ছে এসএসসি পরীক্ষা। যশোরের একটি স্কুল থেকে এই পরীক্ষায় অংশ নেওয়ার কথা ছিল আজিজুল হাকিম তামিমের। তবে অনূর্ধ্ব-১৯ দলের অধিনায়ক সেই এসএসসি পরীক্ষায় বসছেন না। কারণ সে সময় যুব দলের শ্রীলঙ্কা সফর রয়েছে।,-1,-1,-1,-1,1,0,0,0,0,1
চুলের পড়ালেখা। বাংলাদেশে পড়ালেখার কোন দাম আছে। ঠিক সিদ্ধান্ত নিচ্ছে।,banglatoco,এসএসসি পরীক্ষা না দিয়ে শ্রীলঙ্কা সফরে যাচ্ছেন তামিম আগামী ১০ এপ্রিল থেকে শুরু হচ্ছে এসএসসি পরীক্ষা। যশোরের একটি স্কুল থেকে এই পরীক্ষায় অংশ নেওয়ার কথা ছিল আজিজুল হাকিম তামিমের। তবে অনূর্ধ্ব-১৯ দলের অধিনায়ক সেই এসএসসি পরীক্ষায় বসছেন না। কারণ সে সময় যুব দলের শ্রীলঙ্কা সফর রয়েছে।,-1,-1,-1,-1,1,0,0,0,0,1
ও বুঝতে পারছে যে এ দেশে পড়াশোনা করে কনো কিছু হবেনা,banglatoco,এসএসসি পরীক্ষা না দিয়ে শ্রীলঙ্কা সফরে যাচ্ছেন তামিম আগামী ১০ এপ্রিল থেকে শুরু হচ্ছে এসএসসি পরীক্ষা। যশোরের একটি স্কুল থেকে এই পরীক্ষায় অংশ নেওয়ার কথা ছিল আজিজুল হাকিম তামিমের। তবে অনূর্ধ্ব-১৯ দলের অধিনায়ক সেই এসএসসি পরীক্ষায় বসছেন না। কারণ সে সময় যুব দলের শ্রীলঙ্কা সফর রয়েছে।,-1,-1,-1,-1,0,0,0,0,0,1
সালারা চিনছে টাকা কি পরিক্ষা দিবো🤣,banglatoco,এসএসসি পরীক্ষা না দিয়ে শ্রীলঙ্কা সফরে যাচ্ছেন তামিম আগামী ১০ এপ্রিল থেকে শুরু হচ্ছে এসএসসি পরীক্ষা। যশোরের একটি স্কুল থেকে এই পরীক্ষায় অংশ নেওয়ার কথা ছিল আজিজুল হাকিম তামিমের। তবে অনূর্ধ্ব-১৯ দলের অধিনায়ক সেই এসএসসি পরীক্ষায় বসছেন না। কারণ সে সময় যুব দলের শ্রীলঙ্কা সফর রয়েছে।,-1,-1,-1,-1,1,0,0,0,0,1
ভং ধরার জায়গা পাইতেছে না হালায়😀😀 টাকা মিস হয়ে যাবে এটার জন্য এসএসসি দিচ্ছে না এটা না বলে দেশের জন্য বলে ভাউতামি করস,banglatoco,এসএসসি পরীক্ষা না দিয়ে শ্রীলঙ্কা সফরে যাচ্ছেন তামিম আগামী ১০ এপ্রিল থেকে শুরু হচ্ছে এসএসসি পরীক্ষা। যশোরের একটি স্কুল থেকে এই পরীক্ষায় অংশ নেওয়ার কথা ছিল আজিজুল হাকিম তামিমের। তবে অনূর্ধ্ব-১৯ দলের অধিনায়ক সেই এসএসসি পরীক্ষায় বসছেন না। কারণ সে সময় যুব দলের শ্রীলঙ্কা সফর রয়েছে।,-1,-1,-1,-1,1,0,0,0,0,1
তো কি হইছে টাকা কামাইতে গেছে নাহয় তো প্রায়োরিটি পরীক্ষাকে দিতো,banglatoco,এসএসসি পরীক্ষা না দিয়ে শ্রীলঙ্কা সফরে যাচ্ছেন তামিম আগামী ১০ এপ্রিল থেকে শুরু হচ্ছে এসএসসি পরীক্ষা। যশোরের একটি স্কুল থেকে এই পরীক্ষায় অংশ নেওয়ার কথা ছিল আজিজুল হাকিম তামিমের। তবে অনূর্ধ্ব-১৯ দলের অধিনায়ক সেই এসএসসি পরীক্ষায় বসছেন না। কারণ সে সময় যুব দলের শ্রীলঙ্কা সফর রয়েছে।,-1,-1,-1,-1,0,0,0,0,0,1
"নতুন না, মাল আগে ও তিনবার দেই নাই😒",banglatoco,এসএসসি পরীক্ষা না দিয়ে শ্রীলঙ্কা সফরে যাচ্ছেন তামিম আগামী ১০ এপ্রিল থেকে শুরু হচ্ছে এসএসসি পরীক্ষা। যশোরের একটি স্কুল থেকে এই পরীক্ষায় অংশ নেওয়ার কথা ছিল আজিজুল হাকিম তামিমের। তবে অনূর্ধ্ব-১৯ দলের অধিনায়ক সেই এসএসসি পরীক্ষায় বসছেন না। কারণ সে সময় যুব দলের শ্রীলঙ্কা সফর রয়েছে।,-1,-1,-1,-1,1,0,0,0,0,1
খুব বাল ফেলাইছে,banglatoco,এসএসসি পরীক্ষা না দিয়ে শ্রীলঙ্কা সফরে যাচ্ছেন তামিম আগামী ১০ এপ্রিল থেকে শুরু হচ্ছে এসএসসি পরীক্ষা। যশোরের একটি স্কুল থেকে এই পরীক্ষায় অংশ নেওয়ার কথা ছিল আজিজুল হাকিম তামিমের। তবে অনূর্ধ্ব-১৯ দলের অধিনায়ক সেই এসএসসি পরীক্ষায় বসছেন না। কারণ সে সময় যুব দলের শ্রীলঙ্কা সফর রয়েছে।,-1,-1,-1,-1,1,0,0,0,0,1
ক্যারিয়ার আগে 🥱,banglatoco,এসএসসি পরীক্ষা না দিয়ে শ্রীলঙ্কা সফরে যাচ্ছেন তামিম আগামী ১০ এপ্রিল থেকে শুরু হচ্ছে এসএসসি পরীক্ষা। যশোরের একটি স্কুল থেকে এই পরীক্ষায় অংশ নেওয়ার কথা ছিল আজিজুল হাকিম তামিমের। তবে অনূর্ধ্ব-১৯ দলের অধিনায়ক সেই এসএসসি পরীক্ষায় বসছেন না। কারণ সে সময় যুব দলের শ্রীলঙ্কা সফর রয়েছে। পড়া লেখা করে যে অনাহারে মরে সেহ,-1,-1,-1,-1,0,0,0,0,0,1
পরিক্ষা দিয়ে ভবিষ্যৎ কি ঠিক করবে যেখানে ভবিষ্যৎ নির্ধারণ হয়ে আছে,banglatoco,এসএসসি পরীক্ষা না দিয়ে শ্রীলঙ্কা সফরে যাচ্ছেন তামিম আগামী ১০ এপ্রিল থেকে শুরু হচ্ছে এসএসসি পরীক্ষা। যশোরের একটি স্কুল থেকে এই পরীক্ষায় অংশ নেওয়ার কথা ছিল আজিজুল হাকিম তামিমের। তবে অনূর্ধ্ব-১৯ দলের অধিনায়ক সেই এসএসসি পরীক্ষায় বসছেন না। কারণ সে সময় যুব দলের শ্রীলঙ্কা সফর রয়েছে।,-1,-1,-1,-1,0,0,0,0,0,1
সেই সিদ্ধান্ত 👌👌👌👈👈👈👈👈👈,banglatoco,এসএসসি পরীক্ষা না দিয়ে শ্রীলঙ্কা সফরে যাচ্ছেন তামিম আগামী ১০ এপ্রিল থেকে শুরু হচ্ছে এসএসসি পরীক্ষা। যশোরের একটি স্কুল থেকে এই পরীক্ষায় অংশ নেওয়ার কথা ছিল আজিজুল হাকিম তামিমের। তবে অনূর্ধ্ব-১৯ দলের অধিনায়ক সেই এসএসসি পরীক্ষায় বসছেন না। কারণ সে সময় যুব দলের শ্রীলঙ্কা সফর রয়েছে।,-1,-1,-1,-1,0,0,0,0,0,1
লেখা পড়া করে জীবনে কি করবো,banglatoco,এসএসসি পরীক্ষা না দিয়ে শ্রীলঙ্কা সফরে যাচ্ছেন তামিম আগামী ১০ এপ্রিল থেকে শুরু হচ্ছে এসএসসি পরীক্ষা। যশোরের একটি স্কুল থেকে এই পরীক্ষায় অংশ নেওয়ার কথা ছিল আজিজুল হাকিম তামিমের। তবে অনূর্ধ্ব-১৯ দলের অধিনায়ক সেই এসএসসি পরীক্ষায় বসছেন না। কারণ সে সময় যুব দলের শ্রীলঙ্কা সফর রয়েছে।,-1,-1,-1,-1,0,0,0,0,0,1
এই এক কথা আরো কয় দিন শুনতে হবে,banglatoco,এসএসসি পরীক্ষা না দিয়ে শ্রীলঙ্কা সফরে যাচ্ছেন তামিম আগামী ১০ এপ্রিল থেকে শুরু হচ্ছে এসএসসি পরীক্ষা। যশোরের একটি স্কুল থেকে এই পরীক্ষায় অংশ নেওয়ার কথা ছিল আজিজুল হাকিম তামিমের। তবে অনূর্ধ্ব-১৯ দলের অধিনায়ক সেই এসএসসি পরীক্ষায় বসছেন না। কারণ সে সময় যুব দলের শ্রীলঙ্কা সফর রয়েছে।,-1,-1,-1,-1,0,0,0,0,0,1
ভালো পজিশন থাকলে। শিক্ষার দরকার হয় না এটাই চলছে।,banglatoco,এসএসসি পরীক্ষা না দিয়ে শ্রীলঙ্কা সফরে যাচ্ছেন তামিম আগামী ১০ এপ্রিল থেকে শুরু হচ্ছে এসএসসি পরীক্ষা। যশোরের একটি স্কুল থেকে এই পরীক্ষায় অংশ নেওয়ার কথা ছিল আজিজুল হাকিম তামিমের। তবে অনূর্ধ্ব-১৯ দলের অধিনায়ক সেই এসএসসি পরীক্ষায় বসছেন না। কারণ সে সময় যুব দলের শ্রীলঙ্কা সফর রয়েছে।,-1,-1,-1,-1,0,0,0,0,0,1
ওরে দেখেই বোঝা যায় ও এসএসসি পাস করবে না।ও একটু বেশিই চালাক প্রাণী তাই পরিক্ষা দিতে চায় না।🙃,banglatoco,এসএসসি পরীক্ষা না দিয়ে শ্রীলঙ্কা সফরে যাচ্ছেন তামিম আগামী ১০ এপ্রিল থেকে শুরু হচ্ছে এসএসসি পরীক্ষা। যশোরের একটি স্কুল থেকে এই পরীক্ষায় অংশ নেওয়ার কথা ছিল আজিজুল হাকিম তামিমের। তবে অনূর্ধ্ব-১৯ দলের অধিনায়ক সেই এসএসসি পরীক্ষায় বসছেন না। কারণ সে সময় যুব দলের শ্রীলঙ্কা সফর রয়েছে।,-1,-1,-1,-1,1,0,0,0,0,1
সঠিক সময় সঠিক সিদ্ধান্ত এটা পড়া লেখা করে কি করবে কয় জন্যে চিনবে,banglatoco,এসএসসি পরীক্ষা না দিয়ে শ্রীলঙ্কা সফরে যাচ্ছেন তামিম আগামী ১০ এপ্রিল থেকে শুরু হচ্ছে এসএসসি পরীক্ষা। যশোরের একটি স্কুল থেকে এই পরীক্ষায় অংশ নেওয়ার কথা ছিল আজিজুল হাকিম তামিমের। তবে অনূর্ধ্ব-১৯ দলের অধিনায়ক সেই এসএসসি পরীক্ষায় বসছেন না। কারণ সে সময় যুব দলের শ্রীলঙ্কা সফর রয়েছে।,-1,-1,-1,-1,0,0,0,0,0,1
ভালো সিধান্ত দেশে পড়াশোনার দাম নেই,banglatoco,এসএসসি পরীক্ষা না দিয়ে শ্রীলঙ্কা সফরে যাচ্ছেন তামিম আগামী ১০ এপ্রিল থেকে শুরু হচ্ছে এসএসসি পরীক্ষা। যশোরের একটি স্কুল থেকে এই পরীক্ষায় অংশ নেওয়ার কথা ছিল আজিজুল হাকিম তামিমের। তবে অনূর্ধ্ব-১৯ দলের অধিনায়ক সেই এসএসসি পরীক্ষায় বসছেন না। কারণ সে সময় যুব দলের শ্রীলঙ্কা সফর রয়েছে।,-1,-1,-1,-1,0,0,0,0,0,1
এইটা সহ ৩ বার দিচ্ছে না পরিক্ষা তামিম।,banglatoco,এসএসসি পরীক্ষা না দিয়ে শ্রীলঙ্কা সফরে যাচ্ছেন তামিম আগামী ১০ এপ্রিল থেকে শুরু হচ্ছে এসএসসি পরীক্ষা। যশোরের একটি স্কুল থেকে এই পরীক্ষায় অংশ নেওয়ার কথা ছিল আজিজুল হাকিম তামিমের। তবে অনূর্ধ্ব-১৯ দলের অধিনায়ক সেই এসএসসি পরীক্ষায় বসছেন না। কারণ সে সময় যুব দলের শ্রীলঙ্কা সফর রয়েছে।,-1,-1,-1,-1,0,0,0,0,0,1
এই পোলটায় নিজের ভবিষ্যতটারে নিজেই মাটি দিতাসে হায়রে😐,banglatoco,এসএসসি পরীক্ষা না দিয়ে শ্রীলঙ্কা সফরে যাচ্ছেন তামিম আগামী ১০ এপ্রিল থেকে শুরু হচ্ছে এসএসসি পরীক্ষা। যশোরের একটি স্কুল থেকে এই পরীক্ষায় অংশ নেওয়ার কথা ছিল আজিজুল হাকিম তামিমের। তবে অনূর্ধ্ব-১৯ দলের অধিনায়ক সেই এসএসসি পরীক্ষায় বসছেন না। কারণ সে সময় যুব দলের শ্রীলঙ্কা সফর রয়েছে।,-1,-1,-1,-1,1,0,0,0,0,1
"পড়াশোনা করে দোকানে দোকানে চকলেট বিক্রি করার চেয়ে, খেলেই ভালো ইনকাম করতে পারবে,তাই ভালো একটা সিদ্ধান্ত নিয়েছে......",banglatoco,এসএসসি পরীক্ষা না দিয়ে শ্রীলঙ্কা সফরে যাচ্ছেন তামিম আগামী ১০ এপ্রিল থেকে শুরু হচ্ছে এসএসসি পরীক্ষা। যশোরের একটি স্কুল থেকে এই পরীক্ষায় অংশ নেওয়ার কথা ছিল আজিজুল হাকিম তামিমের। তবে অনূর্ধ্ব-১৯ দলের অধিনায়ক সেই এসএসসি পরীক্ষায় বসছেন না। কারণ সে সময় যুব দলের শ্রীলঙ্কা সফর রয়েছে।,-1,-1,-1,-1,1,0,0,0,0,1
তামিম মানে অটোপাশ,banglatoco,এসএসসি পরীক্ষা না দিয়ে শ্রীলঙ্কা সফরে যাচ্ছেন তামিম আগামী ১০ এপ্রিল থেকে শুরু হচ্ছে এসএসসি পরীক্ষা। যশোরের একটি স্কুল থেকে এই পরীক্ষায় অংশ নেওয়ার কথা ছিল আজিজুল হাকিম তামিমের। তবে অনূর্ধ্ব-১৯ দলের অধিনায়ক সেই এসএসসি পরীক্ষায় বসছেন না। কারণ সে সময় যুব দলের শ্রীলঙ্কা সফর রয়েছে।,-1,-1,-1,-1,1,0,0,0,0,1
এত্ত আবেগ ভালো না,banglatoco,এসএসসি পরীক্ষা না দিয়ে শ্রীলঙ্কা সফরে যাচ্ছেন তামিম আগামী ১০ এপ্রিল থেকে শুরু হচ্ছে এসএসসি পরীক্ষা। যশোরের একটি স্কুল থেকে এই পরীক্ষায় অংশ নেওয়ার কথা ছিল আজিজুল হাকিম তামিমের। তবে অনূর্ধ্ব-১৯ দলের অধিনায়ক সেই এসএসসি পরীক্ষায় বসছেন না। কারণ সে সময় যুব দলের শ্রীলঙ্কা সফর রয়েছে।,-1,-1,-1,-1,1,0,0,0,0,1
"আরে ও তো পড়াশোনা ও করে নাই, পরীক্ষায় ফেল যাবে জেনে, তাই শ্রীলংকার সাথে খেলতেছে",banglatoco,এসএসসি পরীক্ষা না দিয়ে শ্রীলঙ্কা সফরে যাচ্ছেন তামিম আগামী ১০ এপ্রিল থেকে শুরু হচ্ছে এসএসসি পরীক্ষা। যশোরের একটি স্কুল থেকে এই পরীক্ষায় অংশ নেওয়ার কথা ছিল আজিজুল হাকিম তামিমের। তবে অনূর্ধ্ব-১৯ দলের অধিনায়ক সেই এসএসসি পরীক্ষায় বসছেন না। কারণ সে সময় যুব দলের শ্রীলঙ্কা সফর রয়েছে।,-1,-1,-1,-1,1,0,0,0,0,1
এজন্য তো বাংলাদেশের উন্নতি হয় না। খালি খেলাধুলা পড়াশোনা নাই,banglatoco,এসএসসি পরীক্ষা না দিয়ে শ্রীলঙ্কা সফরে যাচ্ছেন তামিম আগামী ১০ এপ্রিল থেকে শুরু হচ্ছে এসএসসি পরীক্ষা। যশোরের একটি স্কুল থেকে এই পরীক্ষায় অংশ নেওয়ার কথা ছিল আজিজুল হাকিম তামিমের। তবে অনূর্ধ্ব-১৯ দলের অধিনায়ক সেই এসএসসি পরীক্ষায় বসছেন না। কারণ সে সময় যুব দলের শ্রীলঙ্কা সফর রয়েছে।,-1,-1,-1,-1,1,0,0,0,0,1
এখন মা বাবা কিছু বলবে না।শুরু পাড়ার খেলা হতো এখল তারপর এনা মাইর কারে কো,banglatoco,এসএসসি পরীক্ষা না দিয়ে শ্রীলঙ্কা সফরে যাচ্ছেন তামিম আগামী ১০ এপ্রিল থেকে শুরু হচ্ছে এসএসসি পরীক্ষা। যশোরের একটি স্কুল থেকে এই পরীক্ষায় অংশ নেওয়ার কথা ছিল আজিজুল হাকিম তামিমের। তবে অনূর্ধ্ব-১৯ দলের অধিনায়ক সেই এসএসসি পরীক্ষায় বসছেন না। কারণ সে সময় যুব দলের শ্রীলঙ্কা সফর রয়েছে।,-1,-1,-1,-1,1,0,0,0,0,1
আগে টাকা পড়ালেখা লেখা দি আর কি হইবো,banglatoco,এসএসসি পরীক্ষা না দিয়ে শ্রীলঙ্কা সফরে যাচ্ছেন তামিম আগামী ১০ এপ্রিল থেকে শুরু হচ্ছে এসএসসি পরীক্ষা। যশোরের একটি স্কুল থেকে এই পরীক্ষায় অংশ নেওয়ার কথা ছিল আজিজুল হাকিম তামিমের। তবে অনূর্ধ্ব-১৯ দলের অধিনায়ক সেই এসএসসি পরীক্ষায় বসছেন না। কারণ সে সময় যুব দলের শ্রীলঙ্কা সফর রয়েছে।,-1,-1,-1,-1,1,0,0,0,0,1
"ভালো সিদ্ধান্ত,দেশে লেখাপড়া বলতে কিছু নাই",banglatoco,এসএসসি পরীক্ষা না দিয়ে শ্রীলঙ্কা সফরে যাচ্ছেন তামিম আগামী ১০ এপ্রিল থেকে শুরু হচ্ছে এসএসসি পরীক্ষা। যশোরের একটি স্কুল থেকে এই পরীক্ষায় অংশ নেওয়ার কথা ছিল আজিজুল হাকিম তামিমের। তবে অনূর্ধ্ব-১৯ দলের অধিনায়ক সেই এসএসসি পরীক্ষায় বসছেন না। কারণ সে সময় যুব দলের শ্রীলঙ্কা সফর রয়েছে।,-1,-1,-1,-1,0,0,0,0,0,1
ভাই বুঝে গেছে এদেশে পড়াশোনা কইরা লাভ নাই,banglatoco,এসএসসি পরীক্ষা না দিয়ে শ্রীলঙ্কা সফরে যাচ্ছেন তামিম আগামী ১০ এপ্রিল থেকে শুরু হচ্ছে এসএসসি পরীক্ষা। যশোরের একটি স্কুল থেকে এই পরীক্ষায় অংশ নেওয়ার কথা ছিল আজিজুল হাকিম তামিমের। তবে অনূর্ধ্ব-১৯ দলের অধিনায়ক সেই এসএসসি পরীক্ষায় বসছেন না। কারণ সে সময় যুব দলের শ্রীলঙ্কা সফর রয়েছে।,-1,-1,-1,-1,0,0,0,0,0,1
টেকা থাকায় আন্ডার মেট্রিক মুস্তাফিজ ও ভারসিটির সুন্দরী বিয়া করছে। মেট্রিক দিয়া কি বাল ফালাবে।,banglatoco,এসএসসি পরীক্ষা না দিয়ে শ্রীলঙ্কা সফরে যাচ্ছেন তামিম আগামী ১০ এপ্রিল থেকে শুরু হচ্ছে এসএসসি পরীক্ষা। যশোরের একটি স্কুল থেকে এই পরীক্ষায় অংশ নেওয়ার কথা ছিল আজিজুল হাকিম তামিমের। তবে অনূর্ধ্ব-১৯ দলের অধিনায়ক সেই এসএসসি পরীক্ষায় বসছেন না। কারণ সে সময় যুব দলের শ্রীলঙ্কা সফর রয়েছে।,-1,-1,-1,-1,1,0,0,0,0,1
"ভালো সিদ্ধান্ত, আগামী বছর ও নাও সুযোগ পেতে পারে দলে, নিজেকে প্রমাণ করার সুযোগ কাজে লাগানো উচিৎ ।",banglatoco,এসএসসি পরীক্ষা না দিয়ে শ্রীলঙ্কা সফরে যাচ্ছেন তামিম আগামী ১০ এপ্রিল থেকে শুরু হচ্ছে এসএসসি পরীক্ষা। যশোরের একটি স্কুল থেকে এই পরীক্ষায় অংশ নেওয়ার কথা ছিল আজিজুল হাকিম তামিমের। তবে অনূর্ধ্ব-১৯ দলের অধিনায়ক সেই এসএসসি পরীক্ষায় বসছেন না। কারণ সে সময় যুব দলের শ্রীলঙ্কা সফর রয়েছে। দোয়া করেন ভাই আমার জন্য যাতে আমিও নিজেরে দুই বছরের মধ্যে প্রমাণ করতে পারি,-1,-1,-1,-1,0,0,0,0,0,1
"হুমম, প্রেস কনফারেন্স এ গিয়ে ইংরেজি বলতে পারবে না, সাংবাদিক এর প্রশ্নের উত্তর দিতে পারবে না, তাহলে এত ভালো খেলে কি হবে?",banglatoco,এসএসসি পরীক্ষা না দিয়ে শ্রীলঙ্কা সফরে যাচ্ছেন তামিম আগামী ১০ এপ্রিল থেকে শুরু হচ্ছে এসএসসি পরীক্ষা। যশোরের একটি স্কুল থেকে এই পরীক্ষায় অংশ নেওয়ার কথা ছিল আজিজুল হাকিম তামিমের। তবে অনূর্ধ্ব-১৯ দলের অধিনায়ক সেই এসএসসি পরীক্ষায় বসছেন না। কারণ সে সময় যুব দলের শ্রীলঙ্কা সফর রয়েছে।,-1,-1,-1,-1,1,0,0,0,0,1
বাংলাদেশে লেখা পড়া করে লাব কি চোর দুর্নীতি বাজ হবে বাংলাদেশের লেখা পড়া মানে চোর দুর্নীতি বাজ হওয়া,banglatoco,এসএসসি পরীক্ষা না দিয়ে শ্রীলঙ্কা সফরে যাচ্ছেন তামিম আগামী ১০ এপ্রিল থেকে শুরু হচ্ছে এসএসসি পরীক্ষা। যশোরের একটি স্কুল থেকে এই পরীক্ষায় অংশ নেওয়ার কথা ছিল আজিজুল হাকিম তামিমের। তবে অনূর্ধ্ব-১৯ দলের অধিনায়ক সেই এসএসসি পরীক্ষায় বসছেন না। কারণ সে সময় যুব দলের শ্রীলঙ্কা সফর রয়েছে।,-1,-1,-1,-1,1,0,0,0,0,1
যদি খারাপ খেলে ওর ক্যারিয়ার শেষ।,banglatoco,এসএসসি পরীক্ষা না দিয়ে শ্রীলঙ্কা সফরে যাচ্ছেন তামিম আগামী ১০ এপ্রিল থেকে শুরু হচ্ছে এসএসসি পরীক্ষা। যশোরের একটি স্কুল থেকে এই পরীক্ষায় অংশ নেওয়ার কথা ছিল আজিজুল হাকিম তামিমের। তবে অনূর্ধ্ব-১৯ দলের অধিনায়ক সেই এসএসসি পরীক্ষায় বসছেন না। কারণ সে সময় যুব দলের শ্রীলঙ্কা সফর রয়েছে।,-1,-1,-1,-1,1,0,0,0,0,1
"এতো বড় ত্যাগ দেশের হয়ে খেলার জন্য। তারপরও কয়েকদিন পর যখন তারা জাতীয় দলে খেলবে, বেতন নিয়ে কথা বলবে অনেকেই বলবে খেলোয়াড়েরা টাকার জন্য লোভী!!!",banglatoco,এসএসসি পরীক্ষা না দিয়ে শ্রীলঙ্কা সফরে যাচ্ছেন তামিম আগামী ১০ এপ্রিল থেকে শুরু হচ্ছে এসএসসি পরীক্ষা। যশোরের একটি স্কুল থেকে এই পরীক্ষায় অংশ নেওয়ার কথা ছিল আজিজুল হাকিম তামিমের। তবে অনূর্ধ্ব-১৯ দলের অধিনায়ক সেই এসএসসি পরীক্ষায় বসছেন না। কারণ সে সময় যুব দলের শ্রীলঙ্কা সফর রয়েছে।,-1,-1,-1,-1,0,0,0,0,0,1
ভুল সিদ্ধান্ত। একদিন আফসোস করবে এই ছেলে!,banglatoco,এসএসসি পরীক্ষা না দিয়ে শ্রীলঙ্কা সফরে যাচ্ছেন তামিম আগামী ১০ এপ্রিল থেকে শুরু হচ্ছে এসএসসি পরীক্ষা। যশোরের একটি স্কুল থেকে এই পরীক্ষায় অংশ নেওয়ার কথা ছিল আজিজুল হাকিম তামিমের। তবে অনূর্ধ্ব-১৯ দলের অধিনায়ক সেই এসএসসি পরীক্ষায় বসছেন না। কারণ সে সময় যুব দলের শ্রীলঙ্কা সফর রয়েছে।,-1,-1,-1,-1,1,0,0,0,0,1
মুর্খর দেশে আর কি শোনা লাগবে জানি না🥺,banglatoco,এসএসসি পরীক্ষা না দিয়ে শ্রীলঙ্কা সফরে যাচ্ছেন তামিম আগামী ১০ এপ্রিল থেকে শুরু হচ্ছে এসএসসি পরীক্ষা। যশোরের একটি স্কুল থেকে এই পরীক্ষায় অংশ নেওয়ার কথা ছিল আজিজুল হাকিম তামিমের। তবে অনূর্ধ্ব-১৯ দলের অধিনায়ক সেই এসএসসি পরীক্ষায় বসছেন না। কারণ সে সময় যুব দলের শ্রীলঙ্কা সফর রয়েছে।,-1,-1,-1,-1,1,0,0,0,0,1
বাল উঠার আগেই বাল পাকনামি করছে বিসিবি।,banglatoco,এসএসসি পরীক্ষা না দিয়ে শ্রীলঙ্কা সফরে যাচ্ছেন তামিম আগামী ১০ এপ্রিল থেকে শুরু হচ্ছে এসএসসি পরীক্ষা। যশোরের একটি স্কুল থেকে এই পরীক্ষায় অংশ নেওয়ার কথা ছিল আজিজুল হাকিম তামিমের। তবে অনূর্ধ্ব-১৯ দলের অধিনায়ক সেই এসএসসি পরীক্ষায় বসছেন না। কারণ সে সময় যুব দলের শ্রীলঙ্কা সফর রয়েছে।,-1,-1,-1,-1,1,0,0,0,0,1
ভালো সিদ্ধান্ত 🙂,banglatoco,এসএসসি পরীক্ষা না দিয়ে শ্রীলঙ্কা সফরে যাচ্ছেন তামিম আগামী ১০ এপ্রিল থেকে শুরু হচ্ছে এসএসসি পরীক্ষা। যশোরের একটি স্কুল থেকে এই পরীক্ষায় অংশ নেওয়ার কথা ছিল আজিজুল হাকিম তামিমের। তবে অনূর্ধ্ব-১৯ দলের অধিনায়ক সেই এসএসসি পরীক্ষায় বসছেন না। কারণ সে সময় যুব দলের শ্রীলঙ্কা সফর রয়েছে।,-1,-1,-1,-1,0,0,0,0,0,1
না বাপ বড় না ভাইয়া সবচেয়ে বড় রুপাইয়া।,banglatoco,এসএসসি পরীক্ষা না দিয়ে শ্রীলঙ্কা সফরে যাচ্ছেন তামিম আগামী ১০ এপ্রিল থেকে শুরু হচ্ছে এসএসসি পরীক্ষা। যশোরের একটি স্কুল থেকে এই পরীক্ষায় অংশ নেওয়ার কথা ছিল আজিজুল হাকিম তামিমের। তবে অনূর্ধ্ব-১৯ দলের অধিনায়ক সেই এসএসসি পরীক্ষায় বসছেন না। কারণ সে সময় যুব দলের শ্রীলঙ্কা সফর রয়েছে।,-1,-1,-1,-1,1,0,0,0,0,1
পড়া ফাকিবাজ,banglatoco,এসএসসি পরীক্ষা না দিয়ে শ্রীলঙ্কা সফরে যাচ্ছেন তামিম আগামী ১০ এপ্রিল থেকে শুরু হচ্ছে এসএসসি পরীক্ষা। যশোরের একটি স্কুল থেকে এই পরীক্ষায় অংশ নেওয়ার কথা ছিল আজিজুল হাকিম তামিমের। তবে অনূর্ধ্ব-১৯ দলের অধিনায়ক সেই এসএসসি পরীক্ষায় বসছেন না। কারণ সে সময় যুব দলের শ্রীলঙ্কা সফর রয়েছে।,-1,-1,-1,-1,1,0,0,0,0,1
ডাক মারার জন্য যাচ্ছে,banglatoco,এসএসসি পরীক্ষা না দিয়ে শ্রীলঙ্কা সফরে যাচ্ছেন তামিম আগামী ১০ এপ্রিল থেকে শুরু হচ্ছে এসএসসি পরীক্ষা। যশোরের একটি স্কুল থেকে এই পরীক্ষায় অংশ নেওয়ার কথা ছিল আজিজুল হাকিম তামিমের। তবে অনূর্ধ্ব-১৯ দলের অধিনায়ক সেই এসএসসি পরীক্ষায় বসছেন না। কারণ সে সময় যুব দলের শ্রীলঙ্কা সফর রয়েছে।,-1,-1,-1,-1,1,0,0,0,0,1
শুভ কামনা রইলো,banglatoco,এসএসসি পরীক্ষা না দিয়ে শ্রীলঙ্কা সফরে যাচ্ছেন তামিম আগামী ১০ এপ্রিল থেকে শুরু হচ্ছে এসএসসি পরীক্ষা। যশোরের একটি স্কুল থেকে এই পরীক্ষায় অংশ নেওয়ার কথা ছিল আজিজুল হাকিম তামিমের। তবে অনূর্ধ্ব-১৯ দলের অধিনায়ক সেই এসএসসি পরীক্ষায় বসছেন না। কারণ সে সময় যুব দলের শ্রীলঙ্কা সফর রয়েছে।,-1,-1,-1,-1,0,0,0,0,0,1
তার জন্যে আলাদা ভাবে পরিক্ষা দেওয়ার ব্যাব্স্থা করবে বোড' এগুলা কি আপনারা হলুদ সাংবাদিক রা বুঝেয়ো না বুঝার ভান করেন।,banglatoco,এসএসসি পরীক্ষা না দিয়ে শ্রীলঙ্কা সফরে যাচ্ছেন তামিম আগামী ১০ এপ্রিল থেকে শুরু হচ্ছে এসএসসি পরীক্ষা। যশোরের একটি স্কুল থেকে এই পরীক্ষায় অংশ নেওয়ার কথা ছিল আজিজুল হাকিম তামিমের। তবে অনূর্ধ্ব-১৯ দলের অধিনায়ক সেই এসএসসি পরীক্ষায় বসছেন না। কারণ সে সময় যুব দলের শ্রীলঙ্কা সফর রয়েছে।,-1,-1,-1,-1,1,0,0,0,0,1
উদ্দেশ্যে সফল হয়েছে....এই ভাইরাল হওয়ার জন্যেই কাজটা করছে....,banglatoco,এসএসসি পরীক্ষা না দিয়ে শ্রীলঙ্কা সফরে যাচ্ছেন তামিম আগামী ১০ এপ্রিল থেকে শুরু হচ্ছে এসএসসি পরীক্ষা। যশোরের একটি স্কুল থেকে এই পরীক্ষায় অংশ নেওয়ার কথা ছিল আজিজুল হাকিম তামিমের। তবে অনূর্ধ্ব-১৯ দলের অধিনায়ক সেই এসএসসি পরীক্ষায় বসছেন না। কারণ সে সময় যুব দলের শ্রীলঙ্কা সফর রয়েছে।,-1,-1,-1,-1,1,0,0,0,0,1
"সাটিফিকেট সাজিয়ে রাখে কিছু হবে নাহ অভিজ্ঞতা অর্জন করো,শুভকামোনা তোমার জন্য",banglatoco,এসএসসি পরীক্ষা না দিয়ে শ্রীলঙ্কা সফরে যাচ্ছেন তামিম আগামী ১০ এপ্রিল থেকে শুরু হচ্ছে এসএসসি পরীক্ষা। যশোরের একটি স্কুল থেকে এই পরীক্ষায় অংশ নেওয়ার কথা ছিল আজিজুল হাকিম তামিমের। তবে অনূর্ধ্ব-১৯ দলের অধিনায়ক সেই এসএসসি পরীক্ষায় বসছেন না। কারণ সে সময় যুব দলের শ্রীলঙ্কা সফর রয়েছে।,-1,-1,-1,-1,0,0,0,0,0,1
"পরিক্ষা দিলে রেজাল্ট খারাপ আসবে,😪😪",banglatoco,এসএসসি পরীক্ষা না দিয়ে শ্রীলঙ্কা সফরে যাচ্ছেন তামিম আগামী ১০ এপ্রিল থেকে শুরু হচ্ছে এসএসসি পরীক্ষা। যশোরের একটি স্কুল থেকে এই পরীক্ষায় অংশ নেওয়ার কথা ছিল আজিজুল হাকিম তামিমের। তবে অনূর্ধ্ব-১৯ দলের অধিনায়ক সেই এসএসসি পরীক্ষায় বসছেন না। কারণ সে সময় যুব দলের শ্রীলঙ্কা সফর রয়েছে।,-1,-1,-1,-1,1,0,0,0,0,1
আবাল,banglatoco,এসএসসি পরীক্ষা না দিয়ে শ্রীলঙ্কা সফরে যাচ্ছেন তামিম আগামী ১০ এপ্রিল থেকে শুরু হচ্ছে এসএসসি পরীক্ষা। যশোরের একটি স্কুল থেকে এই পরীক্ষায় অংশ নেওয়ার কথা ছিল আজিজুল হাকিম তামিমের। তবে অনূর্ধ্ব-১৯ দলের অধিনায়ক সেই এসএসসি পরীক্ষায় বসছেন না। কারণ সে সময় যুব দলের শ্রীলঙ্কা সফর রয়েছে।,-1,-1,-1,-1,1,0,0,0,0,1
বেশ কাজ করেছে ছেলে আমার,banglatoco,এসএসসি পরীক্ষা না দিয়ে শ্রীলঙ্কা সফরে যাচ্ছেন তামিম আগামী ১০ এপ্রিল থেকে শুরু হচ্ছে এসএসসি পরীক্ষা। যশোরের একটি স্কুল থেকে এই পরীক্ষায় অংশ নেওয়ার কথা ছিল আজিজুল হাকিম তামিমের। তবে অনূর্ধ্ব-১৯ দলের অধিনায়ক সেই এসএসসি পরীক্ষায় বসছেন না। কারণ সে সময় যুব দলের শ্রীলঙ্কা সফর রয়েছে।,-1,-1,-1,-1,0,0,0,0,0,1
এস এস সি পরীক্ষা দিয়ে কি করবে লাভ নাই,banglatoco,এসএসসি পরীক্ষা না দিয়ে শ্রীলঙ্কা সফরে যাচ্ছেন তামিম আগামী ১০ এপ্রিল থেকে শুরু হচ্ছে এসএসসি পরীক্ষা। যশোরের একটি স্কুল থেকে এই পরীক্ষায় অংশ নেওয়ার কথা ছিল আজিজুল হাকিম তামিমের। তবে অনূর্ধ্ব-১৯ দলের অধিনায়ক সেই এসএসসি পরীক্ষায় বসছেন না। কারণ সে সময় যুব দলের শ্রীলঙ্কা সফর রয়েছে।,-1,-1,-1,-1,0,0,0,0,0,1
সবার পাশে আছি সব সময় পাশে পাবেন ইনশাআল্লাহ 💙💙,banglatoco,এসএসসি পরীক্ষা না দিয়ে শ্রীলঙ্কা সফরে যাচ্ছেন তামিম আগামী ১০ এপ্রিল থেকে শুরু হচ্ছে এসএসসি পরীক্ষা। যশোরের একটি স্কুল থেকে এই পরীক্ষায় অংশ নেওয়ার কথা ছিল আজিজুল হাকিম তামিমের। তবে অনূর্ধ্ব-১৯ দলের অধিনায়ক সেই এসএসসি পরীক্ষায় বসছেন না। কারণ সে সময় যুব দলের শ্রীলঙ্কা সফর রয়েছে।,-1,-1,-1,-1,0,0,0,0,0,1
গুড ডিসিশন এসব পরিক্ষা পরের বছর দেওয়া যাবে তোবে এমন সুযোগ আসবেনা,banglatoco,এসএসসি পরীক্ষা না দিয়ে শ্রীলঙ্কা সফরে যাচ্ছেন তামিম আগামী ১০ এপ্রিল থেকে শুরু হচ্ছে এসএসসি পরীক্ষা। যশোরের একটি স্কুল থেকে এই পরীক্ষায় অংশ নেওয়ার কথা ছিল আজিজুল হাকিম তামিমের। তবে অনূর্ধ্ব-১৯ দলের অধিনায়ক সেই এসএসসি পরীক্ষায় বসছেন না। কারণ সে সময় যুব দলের শ্রীলঙ্কা সফর রয়েছে।,-1,-1,-1,-1,0,0,0,0,0,1
ভাল সিদ্ধান্ত৷,banglatoco,এসএসসি পরীক্ষা না দিয়ে শ্রীলঙ্কা সফরে যাচ্ছেন তামিম আগামী ১০ এপ্রিল থেকে শুরু হচ্ছে এসএসসি পরীক্ষা। যশোরের একটি স্কুল থেকে এই পরীক্ষায় অংশ নেওয়ার কথা ছিল আজিজুল হাকিম তামিমের। তবে অনূর্ধ্ব-১৯ দলের অধিনায়ক সেই এসএসসি পরীক্ষায় বসছেন না। কারণ সে সময় যুব দলের শ্রীলঙ্কা সফর রয়েছে।,-1,-1,-1,-1,0,0,0,0,0,1
এটা নিয়ে এত মাখামাখি কেন এটা তার ব্যক্তিগত ব্যাপার,banglatoco,এসএসসি পরীক্ষা না দিয়ে শ্রীলঙ্কা সফরে যাচ্ছেন তামিম আগামী ১০ এপ্রিল থেকে শুরু হচ্ছে এসএসসি পরীক্ষা। যশোরের একটি স্কুল থেকে এই পরীক্ষায় অংশ নেওয়ার কথা ছিল আজিজুল হাকিম তামিমের। তবে অনূর্ধ্ব-১৯ দলের অধিনায়ক সেই এসএসসি পরীক্ষায় বসছেন না। কারণ সে সময় যুব দলের শ্রীলঙ্কা সফর রয়েছে।,-1,-1,-1,-1,0,0,0,0,0,1
স্যালুট জানাই তার সিদ্ধান্তকে✌️পড়ালেখা করে কি বা***ল পালাইবো😜,banglatoco,এসএসসি পরীক্ষা না দিয়ে শ্রীলঙ্কা সফরে যাচ্ছেন তামিম আগামী ১০ এপ্রিল থেকে শুরু হচ্ছে এসএসসি পরীক্ষা। যশোরের একটি স্কুল থেকে এই পরীক্ষায় অংশ নেওয়ার কথা ছিল আজিজুল হাকিম তামিমের। তবে অনূর্ধ্ব-১৯ দলের অধিনায়ক সেই এসএসসি পরীক্ষায় বসছেন না। কারণ সে সময় যুব দলের শ্রীলঙ্কা সফর রয়েছে।,-1,-1,-1,-1,1,0,0,0,0,1
এরা কোন যোগ্যতায় জাতীয় দলে সুযোগ পেয়েছেন???এদেরকে যদি খেলোয়াড় বলে তাহলে অন্য অন্য দেশের খেলোয়াড়দের কি বলবে।,banglatoco,এসএসসি পরীক্ষা না দিয়ে শ্রীলঙ্কা সফরে যাচ্ছেন তামিম আগামী ১০ এপ্রিল থেকে শুরু হচ্ছে এসএসসি পরীক্ষা। যশোরের একটি স্কুল থেকে এই পরীক্ষায় অংশ নেওয়ার কথা ছিল আজিজুল হাকিম তামিমের। তবে অনূর্ধ্ব-১৯ দলের অধিনায়ক সেই এসএসসি পরীক্ষায় বসছেন না। কারণ সে সময় যুব দলের শ্রীলঙ্কা সফর রয়েছে।,-1,-1,-1,-1,1,0,0,0,0,1
কয়েকদিন পরে যখন স্কোয়াডেই জায়গা হবেনা তখন বুঝবে।,banglatoco,এসএসসি পরীক্ষা না দিয়ে শ্রীলঙ্কা সফরে যাচ্ছেন তামিম আগামী ১০ এপ্রিল থেকে শুরু হচ্ছে এসএসসি পরীক্ষা। যশোরের একটি স্কুল থেকে এই পরীক্ষায় অংশ নেওয়ার কথা ছিল আজিজুল হাকিম তামিমের। তবে অনূর্ধ্ব-১৯ দলের অধিনায়ক সেই এসএসসি পরীক্ষায় বসছেন না। কারণ সে সময় যুব দলের শ্রীলঙ্কা সফর রয়েছে।,-1,-1,-1,-1,1,0,0,0,0,1
বা*লের পড়ালেখা করে লাভ আছে নি😒,banglatoco,এসএসসি পরীক্ষা না দিয়ে শ্রীলঙ্কা সফরে যাচ্ছেন তামিম আগামী ১০ এপ্রিল থেকে শুরু হচ্ছে এসএসসি পরীক্ষা। যশোরের একটি স্কুল থেকে এই পরীক্ষায় অংশ নেওয়ার কথা ছিল আজিজুল হাকিম তামিমের। তবে অনূর্ধ্ব-১৯ দলের অধিনায়ক সেই এসএসসি পরীক্ষায় বসছেন না। কারণ সে সময় যুব দলের শ্রীলঙ্কা সফর রয়েছে।,-1,-1,-1,-1,1,0,0,0,0,1
পরিক্ষা দিলে পাশ করবে না তাই দিচ্ছে না,banglatoco,এসএসসি পরীক্ষা না দিয়ে শ্রীলঙ্কা সফরে যাচ্ছেন তামিম আগামী ১০ এপ্রিল থেকে শুরু হচ্ছে এসএসসি পরীক্ষা। যশোরের একটি স্কুল থেকে এই পরীক্ষায় অংশ নেওয়ার কথা ছিল আজিজুল হাকিম তামিমের। তবে অনূর্ধ্ব-১৯ দলের অধিনায়ক সেই এসএসসি পরীক্ষায় বসছেন না। কারণ সে সময় যুব দলের শ্রীলঙ্কা সফর রয়েছে।,-1,-1,-1,-1,1,0,0,0,0,1
সমস্যা কি পরিক্ষা পরবর্তী বছরে দিবে,banglatoco,এসএসসি পরীক্ষা না দিয়ে শ্রীলঙ্কা সফরে যাচ্ছেন তামিম আগামী ১০ এপ্রিল থেকে শুরু হচ্ছে এসএসসি পরীক্ষা। যশোরের একটি স্কুল থেকে এই পরীক্ষায় অংশ নেওয়ার কথা ছিল আজিজুল হাকিম তামিমের। তবে অনূর্ধ্ব-১৯ দলের অধিনায়ক সেই এসএসসি পরীক্ষায় বসছেন না। কারণ সে সময় যুব দলের শ্রীলঙ্কা সফর রয়েছে।,-1,-1,-1,-1,0,0,0,0,0,1
ভালো জায়গায় ইনভেস্ট করেছে তার সময় টা,banglatoco,এসএসসি পরীক্ষা না দিয়ে শ্রীলঙ্কা সফরে যাচ্ছেন তামিম আগামী ১০ এপ্রিল থেকে শুরু হচ্ছে এসএসসি পরীক্ষা। যশোরের একটি স্কুল থেকে এই পরীক্ষায় অংশ নেওয়ার কথা ছিল আজিজুল হাকিম তামিমের। তবে অনূর্ধ্ব-১৯ দলের অধিনায়ক সেই এসএসসি পরীক্ষায় বসছেন না। কারণ সে সময় যুব দলের শ্রীলঙ্কা সফর রয়েছে।,-1,-1,-1,-1,0,0,0,0,0,1
পড়ে কি বাল হবে লাগা পাসপোর্ট,banglatoco,এসএসসি পরীক্ষা না দিয়ে শ্রীলঙ্কা সফরে যাচ্ছেন তামিম আগামী ১০ এপ্রিল থেকে শুরু হচ্ছে এসএসসি পরীক্ষা। যশোরের একটি স্কুল থেকে এই পরীক্ষায় অংশ নেওয়ার কথা ছিল আজিজুল হাকিম তামিমের। তবে অনূর্ধ্ব-১৯ দলের অধিনায়ক সেই এসএসসি পরীক্ষায় বসছেন না। কারণ সে সময় যুব দলের শ্রীলঙ্কা সফর রয়েছে।,-1,-1,-1,-1,1,0,0,0,0,1
সঠিক সিদ্ধান্ত।,banglatoco,এসএসসি পরীক্ষা না দিয়ে শ্রীলঙ্কা সফরে যাচ্ছেন তামিম আগামী ১০ এপ্রিল থেকে শুরু হচ্ছে এসএসসি পরীক্ষা। যশোরের একটি স্কুল থেকে এই পরীক্ষায় অংশ নেওয়ার কথা ছিল আজিজুল হাকিম তামিমের। তবে অনূর্ধ্ব-১৯ দলের অধিনায়ক সেই এসএসসি পরীক্ষায় বসছেন না। কারণ সে সময় যুব দলের শ্রীলঙ্কা সফর রয়েছে।,-1,-1,-1,-1,0,0,0,0,0,1
তামিম লেখাপড়ায় ডাব্বা তার চেয়ে খেলতে যাওয়াই ভালো,banglatoco,এসএসসি পরীক্ষা না দিয়ে শ্রীলঙ্কা সফরে যাচ্ছেন তামিম আগামী ১০ এপ্রিল থেকে শুরু হচ্ছে এসএসসি পরীক্ষা। যশোরের একটি স্কুল থেকে এই পরীক্ষায় অংশ নেওয়ার কথা ছিল আজিজুল হাকিম তামিমের। তবে অনূর্ধ্ব-১৯ দলের অধিনায়ক সেই এসএসসি পরীক্ষায় বসছেন না। কারণ সে সময় যুব দলের শ্রীলঙ্কা সফর রয়েছে।,-1,-1,-1,-1,1,0,0,0,0,1
ঠিকাছে,banglatoco,এসএসসি পরীক্ষা না দিয়ে শ্রীলঙ্কা সফরে যাচ্ছেন তামিম আগামী ১০ এপ্রিল থেকে শুরু হচ্ছে এসএসসি পরীক্ষা। যশোরের একটি স্কুল থেকে এই পরীক্ষায় অংশ নেওয়ার কথা ছিল আজিজুল হাকিম তামিমের। তবে অনূর্ধ্ব-১৯ দলের অধিনায়ক সেই এসএসসি পরীক্ষায় বসছেন না। কারণ সে সময় যুব দলের শ্রীলঙ্কা সফর রয়েছে।,-1,-1,-1,-1,0,0,0,0,0,1
সমস্যা কী যেটাতে সে ভবিষ্যৎ দেখে সেখানে সে তার সময় টা ব্যায় করবে এটাই মূল কথা!! পরীক্ষা সে সামনের বছর ও দিতে পারবে!!সে খুবই সম্ভাবনাময় অতএব ফোকাস টা ক্রিকেট এ রাখাই উত্তম!!,banglatoco,এসএসসি পরীক্ষা না দিয়ে শ্রীলঙ্কা সফরে যাচ্ছেন তামিম আগামী ১০ এপ্রিল থেকে শুরু হচ্ছে এসএসসি পরীক্ষা। যশোরের একটি স্কুল থেকে এই পরীক্ষায় অংশ নেওয়ার কথা ছিল আজিজুল হাকিম তামিমের। তবে অনূর্ধ্ব-১৯ দলের অধিনায়ক সেই এসএসসি পরীক্ষায় বসছেন না। কারণ সে সময় যুব দলের শ্রীলঙ্কা সফর রয়েছে।,-1,-1,-1,-1,0,0,0,0,0,1
পরীক্ষা দিয়ে কি করবে? পরীক্ষা পরে দিলেও হবে। আগে ক্যারিয়ার।,banglatoco,এসএসসি পরীক্ষা না দিয়ে শ্রীলঙ্কা সফরে যাচ্ছেন তামিম আগামী ১০ এপ্রিল থেকে শুরু হচ্ছে এসএসসি পরীক্ষা। যশোরের একটি স্কুল থেকে এই পরীক্ষায় অংশ নেওয়ার কথা ছিল আজিজুল হাকিম তামিমের। তবে অনূর্ধ্ব-১৯ দলের অধিনায়ক সেই এসএসসি পরীক্ষায় বসছেন না। কারণ সে সময় যুব দলের শ্রীলঙ্কা সফর রয়েছে।,-1,-1,-1,-1,0,0,0,0,0,1
nan,banglatoco,এসএসসি পরীক্ষা না দিয়ে শ্রীলঙ্কা সফরে যাচ্ছেন তামিম আগামী ১০ এপ্রিল থেকে শুরু হচ্ছে এসএসসি পরীক্ষা। যশোরের একটি স্কুল থেকে এই পরীক্ষায় অংশ নেওয়ার কথা ছিল আজিজুল হাকিম তামিমের। তবে অনূর্ধ্ব-১৯ দলের অধিনায়ক সেই এসএসসি পরীক্ষায় বসছেন না। কারণ সে সময় যুব দলের শ্রীলঙ্কা সফর রয়েছে।,-1,-1,-1,-1,0,0,0,0,0,1
"সে তার প্যাসন ফলো করছে, এট তাকে লাইফে এগিয়ে নিবে, পড়া শোনা পড়েও করা যাবে, লাইফ স্কিলসএর প্রেফারেন্স আগে আসে",banglatoco,এসএসসি পরীক্ষা না দিয়ে শ্রীলঙ্কা সফরে যাচ্ছেন তামিম আগামী ১০ এপ্রিল থেকে শুরু হচ্ছে এসএসসি পরীক্ষা। যশোরের একটি স্কুল থেকে এই পরীক্ষায় অংশ নেওয়ার কথা ছিল আজিজুল হাকিম তামিমের। তবে অনূর্ধ্ব-১৯ দলের অধিনায়ক সেই এসএসসি পরীক্ষায় বসছেন না। কারণ সে সময় যুব দলের শ্রীলঙ্কা সফর রয়েছে।,-1,-1,-1,-1,0,0,0,0,0,1
একদম পারফেক্ট কাজটা করছে পোলায় 🤝,banglatoco,এসএসসি পরীক্ষা না দিয়ে শ্রীলঙ্কা সফরে যাচ্ছেন তামিম আগামী ১০ এপ্রিল থেকে শুরু হচ্ছে এসএসসি পরীক্ষা। যশোরের একটি স্কুল থেকে এই পরীক্ষায় অংশ নেওয়ার কথা ছিল আজিজুল হাকিম তামিমের। তবে অনূর্ধ্ব-১৯ দলের অধিনায়ক সেই এসএসসি পরীক্ষায় বসছেন না। কারণ সে সময় যুব দলের শ্রীলঙ্কা সফর রয়েছে।,-1,-1,-1,-1,0,0,0,0,0,1
মুখে ঝাটা মারা দরকার,banglatoco,এসএসসি পরীক্ষা না দিয়ে শ্রীলঙ্কা সফরে যাচ্ছেন তামিম আগামী ১০ এপ্রিল থেকে শুরু হচ্ছে এসএসসি পরীক্ষা। যশোরের একটি স্কুল থেকে এই পরীক্ষায় অংশ নেওয়ার কথা ছিল আজিজুল হাকিম তামিমের। তবে অনূর্ধ্ব-১৯ দলের অধিনায়ক সেই এসএসসি পরীক্ষায় বসছেন না। কারণ সে সময় যুব দলের শ্রীলঙ্কা সফর রয়েছে।,-1,-1,-1,-1,1,0,0,0,0,1
অবাক হওয়ার কিছু নেই খেলাটা তার পেশা,banglatoco,এসএসসি পরীক্ষা না দিয়ে শ্রীলঙ্কা সফরে যাচ্ছেন তামিম আগামী ১০ এপ্রিল থেকে শুরু হচ্ছে এসএসসি পরীক্ষা। যশোরের একটি স্কুল থেকে এই পরীক্ষায় অংশ নেওয়ার কথা ছিল আজিজুল হাকিম তামিমের। তবে অনূর্ধ্ব-১৯ দলের অধিনায়ক সেই এসএসসি পরীক্ষায় বসছেন না। কারণ সে সময় যুব দলের শ্রীলঙ্কা সফর রয়েছে।,-1,-1,-1,-1,0,0,0,0,0,1
সে বুঝে গেছে এইবার দিলে কপালে দুঃখ আছে😂😂,banglatoco,এসএসসি পরীক্ষা না দিয়ে শ্রীলঙ্কা সফরে যাচ্ছেন তামিম আগামী ১০ এপ্রিল থেকে শুরু হচ্ছে এসএসসি পরীক্ষা। যশোরের একটি স্কুল থেকে এই পরীক্ষায় অংশ নেওয়ার কথা ছিল আজিজুল হাকিম তামিমের। তবে অনূর্ধ্ব-১৯ দলের অধিনায়ক সেই এসএসসি পরীক্ষায় বসছেন না। কারণ সে সময় যুব দলের শ্রীলঙ্কা সফর রয়েছে।,-1,-1,-1,-1,1,0,0,0,0,1
ফেইল করবে এজন্য পরীক্ষা দিবে না,banglatoco,এসএসসি পরীক্ষা না দিয়ে শ্রীলঙ্কা সফরে যাচ্ছেন তামিম আগামী ১০ এপ্রিল থেকে শুরু হচ্ছে এসএসসি পরীক্ষা। যশোরের একটি স্কুল থেকে এই পরীক্ষায় অংশ নেওয়ার কথা ছিল আজিজুল হাকিম তামিমের। তবে অনূর্ধ্ব-১৯ দলের অধিনায়ক সেই এসএসসি পরীক্ষায় বসছেন না। কারণ সে সময় যুব দলের শ্রীলঙ্কা সফর রয়েছে।,-1,-1,-1,-1,1,0,0,0,0,1
তবুও একদিন ঢাবিতে পরীক্ষা না দিয়েই চান্স পাবে।,banglatoco,এসএসসি পরীক্ষা না দিয়ে শ্রীলঙ্কা সফরে যাচ্ছেন তামিম আগামী ১০ এপ্রিল থেকে শুরু হচ্ছে এসএসসি পরীক্ষা। যশোরের একটি স্কুল থেকে এই পরীক্ষায় অংশ নেওয়ার কথা ছিল আজিজুল হাকিম তামিমের। তবে অনূর্ধ্ব-১৯ দলের অধিনায়ক সেই এসএসসি পরীক্ষায় বসছেন না। কারণ সে সময় যুব দলের শ্রীলঙ্কা সফর রয়েছে।,-1,-1,-1,-1,1,0,0,0,0,1
অন্যভাবে ওর এসএসসি পরীক্ষা নেওয়ার ব্যবস্থা করা হোক,banglatoco,এসএসসি পরীক্ষা না দিয়ে শ্রীলঙ্কা সফরে যাচ্ছেন তামিম আগামী ১০ এপ্রিল থেকে শুরু হচ্ছে এসএসসি পরীক্ষা। যশোরের একটি স্কুল থেকে এই পরীক্ষায় অংশ নেওয়ার কথা ছিল আজিজুল হাকিম তামিমের। তবে অনূর্ধ্ব-১৯ দলের অধিনায়ক সেই এসএসসি পরীক্ষায় বসছেন না। কারণ সে সময় যুব দলের শ্রীলঙ্কা সফর রয়েছে।,-1,-1,-1,-1,0,0,0,0,0,1
ও জানে পরিক্ষা দিয়ে ফেল করবে।মানসন্মান জাবে তাই দিবে না।,banglatoco,এসএসসি পরীক্ষা না দিয়ে শ্রীলঙ্কা সফরে যাচ্ছেন তামিম আগামী ১০ এপ্রিল থেকে শুরু হচ্ছে এসএসসি পরীক্ষা। যশোরের একটি স্কুল থেকে এই পরীক্ষায় অংশ নেওয়ার কথা ছিল আজিজুল হাকিম তামিমের। তবে অনূর্ধ্ব-১৯ দলের অধিনায়ক সেই এসএসসি পরীক্ষায় বসছেন না। কারণ সে সময় যুব দলের শ্রীলঙ্কা সফর রয়েছে।,-1,-1,-1,-1,1,0,0,0,0,1
"বাজে সিদ্ধান্ত, এসএসসি পরীক্ষার ওর কোন প্রস্তুতি নাই বিধায় ও এরকম করতেছে",banglatoco,এসএসসি পরীক্ষা না দিয়ে শ্রীলঙ্কা সফরে যাচ্ছেন তামিম আগামী ১০ এপ্রিল থেকে শুরু হচ্ছে এসএসসি পরীক্ষা। যশোরের একটি স্কুল থেকে এই পরীক্ষায় অংশ নেওয়ার কথা ছিল আজিজুল হাকিম তামিমের। তবে অনূর্ধ্ব-১৯ দলের অধিনায়ক সেই এসএসসি পরীক্ষায় বসছেন না। কারণ সে সময় যুব দলের শ্রীলঙ্কা সফর রয়েছে।,-1,-1,-1,-1,1,0,0,0,0,1
পড়াশুনা করে 10 হাজার টাকার চাকরি খুঁজতে খুঁজতে পাচা লাল করে কোন লাভ নাই,banglatoco,এসএসসি পরীক্ষা না দিয়ে শ্রীলঙ্কা সফরে যাচ্ছেন তামিম আগামী ১০ এপ্রিল থেকে শুরু হচ্ছে এসএসসি পরীক্ষা। যশোরের একটি স্কুল থেকে এই পরীক্ষায় অংশ নেওয়ার কথা ছিল আজিজুল হাকিম তামিমের। তবে অনূর্ধ্ব-১৯ দলের অধিনায়ক সেই এসএসসি পরীক্ষায় বসছেন না। কারণ সে সময় যুব দলের শ্রীলঙ্কা সফর রয়েছে।,-1,-1,-1,-1,1,0,0,0,0,1
ভাল জায়গায় ইনভেস্ট করছে তার সময় টা।,banglatoco,এসএসসি পরীক্ষা না দিয়ে শ্রীলঙ্কা সফরে যাচ্ছেন তামিম আগামী ১০ এপ্রিল থেকে শুরু হচ্ছে এসএসসি পরীক্ষা। যশোরের একটি স্কুল থেকে এই পরীক্ষায় অংশ নেওয়ার কথা ছিল আজিজুল হাকিম তামিমের। তবে অনূর্ধ্ব-১৯ দলের অধিনায়ক সেই এসএসসি পরীক্ষায় বসছেন না। কারণ সে সময় যুব দলের শ্রীলঙ্কা সফর রয়েছে।,-1,-1,-1,-1,0,0,0,0,0,1
ছেলেটা গোল্লাই গেছে। ছিঃ,banglatoco,এসএসসি পরীক্ষা না দিয়ে শ্রীলঙ্কা সফরে যাচ্ছেন তামিম আগামী ১০ এপ্রিল থেকে শুরু হচ্ছে এসএসসি পরীক্ষা। যশোরের একটি স্কুল থেকে এই পরীক্ষায় অংশ নেওয়ার কথা ছিল আজিজুল হাকিম তামিমের। তবে অনূর্ধ্ব-১৯ দলের অধিনায়ক সেই এসএসসি পরীক্ষায় বসছেন না। কারণ সে সময় যুব দলের শ্রীলঙ্কা সফর রয়েছে।,-1,-1,-1,-1,1,0,0,0,0,1
এতে ভুঁড়া বেড়া কি পরীক্ষা দিবো😉,banglatoco,এসএসসি পরীক্ষা না দিয়ে শ্রীলঙ্কা সফরে যাচ্ছেন তামিম আগামী ১০ এপ্রিল থেকে শুরু হচ্ছে এসএসসি পরীক্ষা। যশোরের একটি স্কুল থেকে এই পরীক্ষায় অংশ নেওয়ার কথা ছিল আজিজুল হাকিম তামিমের। তবে অনূর্ধ্ব-১৯ দলের অধিনায়ক সেই এসএসসি পরীক্ষায় বসছেন না। কারণ সে সময় যুব দলের শ্রীলঙ্কা সফর রয়েছে।,-1,-1,-1,-1,1,0,0,0,0,1
তোমরা মাঠে খেলা থেকে বেশি খাট কাঁপাতে পার,banglatoco,এসএসসি পরীক্ষা না দিয়ে শ্রীলঙ্কা সফরে যাচ্ছেন তামিম আগামী ১০ এপ্রিল থেকে শুরু হচ্ছে এসএসসি পরীক্ষা। যশোরের একটি স্কুল থেকে এই পরীক্ষায় অংশ নেওয়ার কথা ছিল আজিজুল হাকিম তামিমের। তবে অনূর্ধ্ব-১৯ দলের অধিনায়ক সেই এসএসসি পরীক্ষায় বসছেন না। কারণ সে সময় যুব দলের শ্রীলঙ্কা সফর রয়েছে।,-1,-1,-1,-1,1,0,0,0,0,1
কি আর পরীক্ষা দিবে।যেই সেই এই সুযোগ হাতছাড়া করা উচিত নয়,banglatoco,এসএসসি পরীক্ষা না দিয়ে শ্রীলঙ্কা সফরে যাচ্ছেন তামিম আগামী ১০ এপ্রিল থেকে শুরু হচ্ছে এসএসসি পরীক্ষা। যশোরের একটি স্কুল থেকে এই পরীক্ষায় অংশ নেওয়ার কথা ছিল আজিজুল হাকিম তামিমের। তবে অনূর্ধ্ব-১৯ দলের অধিনায়ক সেই এসএসসি পরীক্ষায় বসছেন না। কারণ সে সময় যুব দলের শ্রীলঙ্কা সফর রয়েছে।,-1,-1,-1,-1,0,0,0,0,0,1
"পরীক্ষা দিয়ে বাল করবে,এখনোই যদি টাকা কামাই করা যায় তাহলে পরীক্ষা কি করে,ভালো বুদ্ধি",banglatoco,এসএসসি পরীক্ষা না দিয়ে শ্রীলঙ্কা সফরে যাচ্ছেন তামিম আগামী ১০ এপ্রিল থেকে শুরু হচ্ছে এসএসসি পরীক্ষা। যশোরের একটি স্কুল থেকে এই পরীক্ষায় অংশ নেওয়ার কথা ছিল আজিজুল হাকিম তামিমের। তবে অনূর্ধ্ব-১৯ দলের অধিনায়ক সেই এসএসসি পরীক্ষায় বসছেন না। কারণ সে সময় যুব দলের শ্রীলঙ্কা সফর রয়েছে।,-1,-1,-1,-1,1,0,0,0,0,1
একদম ঠিক আছে,banglatoco,শবনম ফারিয়াকে নিয়ে আপত্তিকর মন্তব্য করে চাকরি হারালেন সেই কর্মী ছোটপর্দার জনপ্রিয় অভিনেত্রী শবনম ফারিয়ার ফেসবুক পোস্টে গত ১৮ মার্চ আপত্তিকর মন্তব্য করেন রাকিবুল হাসান নামের এক ব্যক্তি। এ ঘটনায় অভিনেত্রী ওই ব্যক্তির অশালীন মন্তব্যের স্ক্রিনশট ও প্রোফাইলসহ পোস্ট করে তার বিরুদ্ধে ব্যবস্থা নেয়ার দাবি জানান। যা দৃষ্টি এড়ায়নি মন্তব্যকারী ব্যক্তির কর্মস্থল প্রতিষ্ঠানটির। ফলে পরদিনই সেই কর্মীর বিরুদ্ধে তদন্ত চলমান জানিয়ে এক পোস্টে বিষয়টি নিশ্চিত করে বেসরকারি প্রতিষ্ঠানটি। আপত্তিকর মন্তব্যকারী কর্মী রাকিবুল হাসান বেসরকারি সংস্থা সাজেদা ফাউন্ডেশনের কর্মী। কিন্তু তার আপত্তিকর মন্তব্যের জন্য তাকে চাকরিচ্যুত করেছে প্রতিষ্ঠানটি। রোববার (২৩ মার্চ) রাতে বিষয়টি এক ফেসবুক পোস্টে নিশ্চিত করেছেন অভিনেত্রী শবনম ফারিয়া।,-1,-1,-1,-1,0,0,0,0,0,1
আলহামদুলিল্লাহ।,banglatoco,শবনম ফারিয়াকে নিয়ে আপত্তিকর মন্তব্য করে চাকরি হারালেন সেই কর্মী ছোটপর্দার জনপ্রিয় অভিনেত্রী শবনম ফারিয়ার ফেসবুক পোস্টে গত ১৮ মার্চ আপত্তিকর মন্তব্য করেন রাকিবুল হাসান নামের এক ব্যক্তি। এ ঘটনায় অভিনেত্রী ওই ব্যক্তির অশালীন মন্তব্যের স্ক্রিনশট ও প্রোফাইলসহ পোস্ট করে তার বিরুদ্ধে ব্যবস্থা নেয়ার দাবি জানান। যা দৃষ্টি এড়ায়নি মন্তব্যকারী ব্যক্তির কর্মস্থল প্রতিষ্ঠানটির। ফলে পরদিনই সেই কর্মীর বিরুদ্ধে তদন্ত চলমান জানিয়ে এক পোস্টে বিষয়টি নিশ্চিত করে বেসরকারি প্রতিষ্ঠানটি। আপত্তিকর মন্তব্যকারী কর্মী রাকিবুল হাসান বেসরকারি সংস্থা সাজেদা ফাউন্ডেশনের কর্মী। কিন্তু তার আপত্তিকর মন্তব্যের জন্য তাকে চাকরিচ্যুত করেছে প্রতিষ্ঠানটি। রোববার (২৩ মার্চ) রাতে বিষয়টি এক ফেসবুক পোস্টে নিশ্চিত করেছেন অভিনেত্রী শবনম ফারিয়া।,-1,-1,-1,-1,0,0,0,0,0,1
এটা একটা থার্ড ক্লাস একটা অভিনেত্রী। কাজ পায়না দেখে সুযোগ খুঁজছিলো ভাইরাল হওয়ার জন্য।তার পোস্টগুলোতে ৯৫% খারাপ কমেন্ট। ভাল হলে তার পোস্টগুলো কেউ খারাপ কমেন্ট করতনা।,banglatoco,শবনম ফারিয়াকে নিয়ে আপত্তিকর মন্তব্য করে চাকরি হারালেন সেই কর্মী ছোটপর্দার জনপ্রিয় অভিনেত্রী শবনম ফারিয়ার ফেসবুক পোস্টে গত ১৮ মার্চ আপত্তিকর মন্তব্য করেন রাকিবুল হাসান নামের এক ব্যক্তি। এ ঘটনায় অভিনেত্রী ওই ব্যক্তির অশালীন মন্তব্যের স্ক্রিনশট ও প্রোফাইলসহ পোস্ট করে তার বিরুদ্ধে ব্যবস্থা নেয়ার দাবি জানান। যা দৃষ্টি এড়ায়নি মন্তব্যকারী ব্যক্তির কর্মস্থল প্রতিষ্ঠানটির। ফলে পরদিনই সেই কর্মীর বিরুদ্ধে তদন্ত চলমান জানিয়ে এক পোস্টে বিষয়টি নিশ্চিত করে বেসরকারি প্রতিষ্ঠানটি। আপত্তিকর মন্তব্যকারী কর্মী রাকিবুল হাসান বেসরকারি সংস্থা সাজেদা ফাউন্ডেশনের কর্মী। কিন্তু তার আপত্তিকর মন্তব্যের জন্য তাকে চাকরিচ্যুত করেছে প্রতিষ্ঠানটি। রোববার (২৩ মার্চ) রাতে বিষয়টি এক ফেসবুক পোস্টে নিশ্চিত করেছেন অভিনেত্রী শবনম ফারিয়া। সঠিক,-1,-1,-1,-1,1,0,0,0,0,1
"এটা ভালো হয়েছে,,যে যা ইচ্ছা করুক তার কর্মফল সে ভোগ করবে,,,অন্যদের এত জ্বলেকেন,,, যে তার আইডিতে গিয়ে কটু কথা বলতে হবে।।",banglatoco,শবনম ফারিয়াকে নিয়ে আপত্তিকর মন্তব্য করে চাকরি হারালেন সেই কর্মী ছোটপর্দার জনপ্রিয় অভিনেত্রী শবনম ফারিয়ার ফেসবুক পোস্টে গত ১৮ মার্চ আপত্তিকর মন্তব্য করেন রাকিবুল হাসান নামের এক ব্যক্তি। এ ঘটনায় অভিনেত্রী ওই ব্যক্তির অশালীন মন্তব্যের স্ক্রিনশট ও প্রোফাইলসহ পোস্ট করে তার বিরুদ্ধে ব্যবস্থা নেয়ার দাবি জানান। যা দৃষ্টি এড়ায়নি মন্তব্যকারী ব্যক্তির কর্মস্থল প্রতিষ্ঠানটির। ফলে পরদিনই সেই কর্মীর বিরুদ্ধে তদন্ত চলমান জানিয়ে এক পোস্টে বিষয়টি নিশ্চিত করে বেসরকারি প্রতিষ্ঠানটি। আপত্তিকর মন্তব্যকারী কর্মী রাকিবুল হাসান বেসরকারি সংস্থা সাজেদা ফাউন্ডেশনের কর্মী। কিন্তু তার আপত্তিকর মন্তব্যের জন্য তাকে চাকরিচ্যুত করেছে প্রতিষ্ঠানটি। রোববার (২৩ মার্চ) রাতে বিষয়টি এক ফেসবুক পোস্টে নিশ্চিত করেছেন অভিনেত্রী শবনম ফারিয়া।,-1,-1,-1,-1,0,0,0,0,0,1
"যার ফ্রেমেলির মুখের ভাত কেরে নিলো তার বিচার আল্লাহ ঠিক দিবে,,এই সব বেপর্দা মহিলাদের জন্য দেশের এই অবস্থা",banglatoco,"শবনম ফারিয়াকে নিয়ে আপত্তিকর মন্তব্য করে চাকরি হারালেন সেই কর্মী ছোটপর্দার জনপ্রিয় অভিনেত্রী শবনম ফারিয়ার ফেসবুক পোস্টে গত ১৮ মার্চ আপত্তিকর মন্তব্য করেন রাকিবুল হাসান নামের এক ব্যক্তি। এ ঘটনায় অভিনেত্রী ওই ব্যক্তির অশালীন মন্তব্যের স্ক্রিনশট ও প্রোফাইলসহ পোস্ট করে তার বিরুদ্ধে ব্যবস্থা নেয়ার দাবি জানান। যা দৃষ্টি এড়ায়নি মন্তব্যকারী ব্যক্তির কর্মস্থল প্রতিষ্ঠানটির। ফলে পরদিনই সেই কর্মীর বিরুদ্ধে তদন্ত চলমান জানিয়ে এক পোস্টে বিষয়টি নিশ্চিত করে বেসরকারি প্রতিষ্ঠানটি। আপত্তিকর মন্তব্যকারী কর্মী রাকিবুল হাসান বেসরকারি সংস্থা সাজেদা ফাউন্ডেশনের কর্মী। কিন্তু তার আপত্তিকর মন্তব্যের জন্য তাকে চাকরিচ্যুত করেছে প্রতিষ্ঠানটি। রোববার (২৩ মার্চ) রাতে বিষয়টি এক ফেসবুক পোস্টে নিশ্চিত করেছেন অভিনেত্রী শবনম ফারিয়া। আপনি পর্দানলীল,অথচ এটা মিডিয়া সংবাদ, এবং বেপর্দা মহিলার।আপনার তো তসবী জপার কথা অবসরে, এখানে কেন?",-1,-1,-1,-1,1,0,0,0,0,1
আরেকজন শাহাবাগী পাওয়া গেলো,banglatoco,"শবনম ফারিয়াকে নিয়ে আপত্তিকর মন্তব্য করে চাকরি হারালেন সেই কর্মী ছোটপর্দার জনপ্রিয় অভিনেত্রী শবনম ফারিয়ার ফেসবুক পোস্টে গত ১৮ মার্চ আপত্তিকর মন্তব্য করেন রাকিবুল হাসান নামের এক ব্যক্তি। এ ঘটনায় অভিনেত্রী ওই ব্যক্তির অশালীন মন্তব্যের স্ক্রিনশট ও প্রোফাইলসহ পোস্ট করে তার বিরুদ্ধে ব্যবস্থা নেয়ার দাবি জানান। যা দৃষ্টি এড়ায়নি মন্তব্যকারী ব্যক্তির কর্মস্থল প্রতিষ্ঠানটির। ফলে পরদিনই সেই কর্মীর বিরুদ্ধে তদন্ত চলমান জানিয়ে এক পোস্টে বিষয়টি নিশ্চিত করে বেসরকারি প্রতিষ্ঠানটি। আপত্তিকর মন্তব্যকারী কর্মী রাকিবুল হাসান বেসরকারি সংস্থা সাজেদা ফাউন্ডেশনের কর্মী। কিন্তু তার আপত্তিকর মন্তব্যের জন্য তাকে চাকরিচ্যুত করেছে প্রতিষ্ঠানটি। রোববার (২৩ মার্চ) রাতে বিষয়টি এক ফেসবুক পোস্টে নিশ্চিত করেছেন অভিনেত্রী শবনম ফারিয়া। আপনি পর্দানলীল,অথচ এটা মিডিয়া সংবাদ, এবং বেপর্দা মহিলার।আপনার তো তসবী জপার কথা অবসরে, এখানে কেন? নারীদের পক্ষে কথা বল্লে শাহাবাগী ট্যাগ লাগান কেন? ওনি কি পর্দাশীল পুরুষ সেটা উওর দিন? বেপর্দা মহিলার সব দোষ বেপর্দা পুরুষ কি দেশে নাই তারা কি?",-1,-1,-1,-1,1,0,0,0,0,1
আচ্ছা ঠিক আছে,banglatoco,শবনম ফারিয়াকে নিয়ে আপত্তিকর মন্তব্য করে চাকরি হারালেন সেই কর্মী ছোটপর্দার জনপ্রিয় অভিনেত্রী শবনম ফারিয়ার ফেসবুক পোস্টে গত ১৮ মার্চ আপত্তিকর মন্তব্য করেন রাকিবুল হাসান নামের এক ব্যক্তি। এ ঘটনায় অভিনেত্রী ওই ব্যক্তির অশালীন মন্তব্যের স্ক্রিনশট ও প্রোফাইলসহ পোস্ট করে তার বিরুদ্ধে ব্যবস্থা নেয়ার দাবি জানান। যা দৃষ্টি এড়ায়নি মন্তব্যকারী ব্যক্তির কর্মস্থল প্রতিষ্ঠানটির। ফলে পরদিনই সেই কর্মীর বিরুদ্ধে তদন্ত চলমান জানিয়ে এক পোস্টে বিষয়টি নিশ্চিত করে বেসরকারি প্রতিষ্ঠানটি। আপত্তিকর মন্তব্যকারী কর্মী রাকিবুল হাসান বেসরকারি সংস্থা সাজেদা ফাউন্ডেশনের কর্মী। কিন্তু তার আপত্তিকর মন্তব্যের জন্য তাকে চাকরিচ্যুত করেছে প্রতিষ্ঠানটি। রোববার (২৩ মার্চ) রাতে বিষয়টি এক ফেসবুক পোস্টে নিশ্চিত করেছেন অভিনেত্রী শবনম ফারিয়া।,-1,-1,-1,-1,0,0,0,0,0,1
কর্মফল,banglatoco,শবনম ফারিয়াকে নিয়ে আপত্তিকর মন্তব্য করে চাকরি হারালেন সেই কর্মী ছোটপর্দার জনপ্রিয় অভিনেত্রী শবনম ফারিয়ার ফেসবুক পোস্টে গত ১৮ মার্চ আপত্তিকর মন্তব্য করেন রাকিবুল হাসান নামের এক ব্যক্তি। এ ঘটনায় অভিনেত্রী ওই ব্যক্তির অশালীন মন্তব্যের স্ক্রিনশট ও প্রোফাইলসহ পোস্ট করে তার বিরুদ্ধে ব্যবস্থা নেয়ার দাবি জানান। যা দৃষ্টি এড়ায়নি মন্তব্যকারী ব্যক্তির কর্মস্থল প্রতিষ্ঠানটির। ফলে পরদিনই সেই কর্মীর বিরুদ্ধে তদন্ত চলমান জানিয়ে এক পোস্টে বিষয়টি নিশ্চিত করে বেসরকারি প্রতিষ্ঠানটি। আপত্তিকর মন্তব্যকারী কর্মী রাকিবুল হাসান বেসরকারি সংস্থা সাজেদা ফাউন্ডেশনের কর্মী। কিন্তু তার আপত্তিকর মন্তব্যের জন্য তাকে চাকরিচ্যুত করেছে প্রতিষ্ঠানটি। রোববার (২৩ মার্চ) রাতে বিষয়টি এক ফেসবুক পোস্টে নিশ্চিত করেছেন অভিনেত্রী শবনম ফারিয়া।,-1,-1,-1,-1,1,0,0,0,0,1
ঠিক কাজ হয়ছে,banglatoco,শবনম ফারিয়াকে নিয়ে আপত্তিকর মন্তব্য করে চাকরি হারালেন সেই কর্মী ছোটপর্দার জনপ্রিয় অভিনেত্রী শবনম ফারিয়ার ফেসবুক পোস্টে গত ১৮ মার্চ আপত্তিকর মন্তব্য করেন রাকিবুল হাসান নামের এক ব্যক্তি। এ ঘটনায় অভিনেত্রী ওই ব্যক্তির অশালীন মন্তব্যের স্ক্রিনশট ও প্রোফাইলসহ পোস্ট করে তার বিরুদ্ধে ব্যবস্থা নেয়ার দাবি জানান। যা দৃষ্টি এড়ায়নি মন্তব্যকারী ব্যক্তির কর্মস্থল প্রতিষ্ঠানটির। ফলে পরদিনই সেই কর্মীর বিরুদ্ধে তদন্ত চলমান জানিয়ে এক পোস্টে বিষয়টি নিশ্চিত করে বেসরকারি প্রতিষ্ঠানটি। আপত্তিকর মন্তব্যকারী কর্মী রাকিবুল হাসান বেসরকারি সংস্থা সাজেদা ফাউন্ডেশনের কর্মী। কিন্তু তার আপত্তিকর মন্তব্যের জন্য তাকে চাকরিচ্যুত করেছে প্রতিষ্ঠানটি। রোববার (২৩ মার্চ) রাতে বিষয়টি এক ফেসবুক পোস্টে নিশ্চিত করেছেন অভিনেত্রী শবনম ফারিয়া।,-1,-1,-1,-1,0,0,0,0,0,1
"জিহ্বা হোক সংযত, মানুষ হোক বিনয়ী- পৃথিবী হোক সুন্দর",banglatoco,শবনম ফারিয়াকে নিয়ে আপত্তিকর মন্তব্য করে চাকরি হারালেন সেই কর্মী ছোটপর্দার জনপ্রিয় অভিনেত্রী শবনম ফারিয়ার ফেসবুক পোস্টে গত ১৮ মার্চ আপত্তিকর মন্তব্য করেন রাকিবুল হাসান নামের এক ব্যক্তি। এ ঘটনায় অভিনেত্রী ওই ব্যক্তির অশালীন মন্তব্যের স্ক্রিনশট ও প্রোফাইলসহ পোস্ট করে তার বিরুদ্ধে ব্যবস্থা নেয়ার দাবি জানান। যা দৃষ্টি এড়ায়নি মন্তব্যকারী ব্যক্তির কর্মস্থল প্রতিষ্ঠানটির। ফলে পরদিনই সেই কর্মীর বিরুদ্ধে তদন্ত চলমান জানিয়ে এক পোস্টে বিষয়টি নিশ্চিত করে বেসরকারি প্রতিষ্ঠানটি। আপত্তিকর মন্তব্যকারী কর্মী রাকিবুল হাসান বেসরকারি সংস্থা সাজেদা ফাউন্ডেশনের কর্মী। কিন্তু তার আপত্তিকর মন্তব্যের জন্য তাকে চাকরিচ্যুত করেছে প্রতিষ্ঠানটি। রোববার (২৩ মার্চ) রাতে বিষয়টি এক ফেসবুক পোস্টে নিশ্চিত করেছেন অভিনেত্রী শবনম ফারিয়া।,-1,-1,-1,-1,0,0,0,0,0,1
একদম উচিত কাজ করছে।অন্যকে যা তা বলে অপমান করলে যেমন কষ্ট হয় চাকরি হারিয়ে আশা করি তা অনুধাবন করবে।,banglatoco,শবনম ফারিয়াকে নিয়ে আপত্তিকর মন্তব্য করে চাকরি হারালেন সেই কর্মী ছোটপর্দার জনপ্রিয় অভিনেত্রী শবনম ফারিয়ার ফেসবুক পোস্টে গত ১৮ মার্চ আপত্তিকর মন্তব্য করেন রাকিবুল হাসান নামের এক ব্যক্তি। এ ঘটনায় অভিনেত্রী ওই ব্যক্তির অশালীন মন্তব্যের স্ক্রিনশট ও প্রোফাইলসহ পোস্ট করে তার বিরুদ্ধে ব্যবস্থা নেয়ার দাবি জানান। যা দৃষ্টি এড়ায়নি মন্তব্যকারী ব্যক্তির কর্মস্থল প্রতিষ্ঠানটির। ফলে পরদিনই সেই কর্মীর বিরুদ্ধে তদন্ত চলমান জানিয়ে এক পোস্টে বিষয়টি নিশ্চিত করে বেসরকারি প্রতিষ্ঠানটি। আপত্তিকর মন্তব্যকারী কর্মী রাকিবুল হাসান বেসরকারি সংস্থা সাজেদা ফাউন্ডেশনের কর্মী। কিন্তু তার আপত্তিকর মন্তব্যের জন্য তাকে চাকরিচ্যুত করেছে প্রতিষ্ঠানটি। রোববার (২৩ মার্চ) রাতে বিষয়টি এক ফেসবুক পোস্টে নিশ্চিত করেছেন অভিনেত্রী শবনম ফারিয়া।,-1,-1,-1,-1,0,0,0,0,0,1
একদম উচিৎ শিক্ষা হয়েছে লোকটার জন্য । 👌👌👌,banglatoco,শবনম ফারিয়াকে নিয়ে আপত্তিকর মন্তব্য করে চাকরি হারালেন সেই কর্মী ছোটপর্দার জনপ্রিয় অভিনেত্রী শবনম ফারিয়ার ফেসবুক পোস্টে গত ১৮ মার্চ আপত্তিকর মন্তব্য করেন রাকিবুল হাসান নামের এক ব্যক্তি। এ ঘটনায় অভিনেত্রী ওই ব্যক্তির অশালীন মন্তব্যের স্ক্রিনশট ও প্রোফাইলসহ পোস্ট করে তার বিরুদ্ধে ব্যবস্থা নেয়ার দাবি জানান। যা দৃষ্টি এড়ায়নি মন্তব্যকারী ব্যক্তির কর্মস্থল প্রতিষ্ঠানটির। ফলে পরদিনই সেই কর্মীর বিরুদ্ধে তদন্ত চলমান জানিয়ে এক পোস্টে বিষয়টি নিশ্চিত করে বেসরকারি প্রতিষ্ঠানটি। আপত্তিকর মন্তব্যকারী কর্মী রাকিবুল হাসান বেসরকারি সংস্থা সাজেদা ফাউন্ডেশনের কর্মী। কিন্তু তার আপত্তিকর মন্তব্যের জন্য তাকে চাকরিচ্যুত করেছে প্রতিষ্ঠানটি। রোববার (২৩ মার্চ) রাতে বিষয়টি এক ফেসবুক পোস্টে নিশ্চিত করেছেন অভিনেত্রী শবনম ফারিয়া।,-1,-1,-1,-1,0,0,0,0,0,1
সে কেমন এটা সবাই জানে এমনি এমনি মানুষ খারাপ বলে না,banglatoco,শবনম ফারিয়াকে নিয়ে আপত্তিকর মন্তব্য করে চাকরি হারালেন সেই কর্মী ছোটপর্দার জনপ্রিয় অভিনেত্রী শবনম ফারিয়ার ফেসবুক পোস্টে গত ১৮ মার্চ আপত্তিকর মন্তব্য করেন রাকিবুল হাসান নামের এক ব্যক্তি। এ ঘটনায় অভিনেত্রী ওই ব্যক্তির অশালীন মন্তব্যের স্ক্রিনশট ও প্রোফাইলসহ পোস্ট করে তার বিরুদ্ধে ব্যবস্থা নেয়ার দাবি জানান। যা দৃষ্টি এড়ায়নি মন্তব্যকারী ব্যক্তির কর্মস্থল প্রতিষ্ঠানটির। ফলে পরদিনই সেই কর্মীর বিরুদ্ধে তদন্ত চলমান জানিয়ে এক পোস্টে বিষয়টি নিশ্চিত করে বেসরকারি প্রতিষ্ঠানটি। আপত্তিকর মন্তব্যকারী কর্মী রাকিবুল হাসান বেসরকারি সংস্থা সাজেদা ফাউন্ডেশনের কর্মী। কিন্তু তার আপত্তিকর মন্তব্যের জন্য তাকে চাকরিচ্যুত করেছে প্রতিষ্ঠানটি। রোববার (২৩ মার্চ) রাতে বিষয়টি এক ফেসবুক পোস্টে নিশ্চিত করেছেন অভিনেত্রী শবনম ফারিয়া।,-1,-1,-1,-1,1,0,0,0,0,1
দারুণ শিক্ষা হয়েছে।,banglatoco,শবনম ফারিয়াকে নিয়ে আপত্তিকর মন্তব্য করে চাকরি হারালেন সেই কর্মী ছোটপর্দার জনপ্রিয় অভিনেত্রী শবনম ফারিয়ার ফেসবুক পোস্টে গত ১৮ মার্চ আপত্তিকর মন্তব্য করেন রাকিবুল হাসান নামের এক ব্যক্তি। এ ঘটনায় অভিনেত্রী ওই ব্যক্তির অশালীন মন্তব্যের স্ক্রিনশট ও প্রোফাইলসহ পোস্ট করে তার বিরুদ্ধে ব্যবস্থা নেয়ার দাবি জানান। যা দৃষ্টি এড়ায়নি মন্তব্যকারী ব্যক্তির কর্মস্থল প্রতিষ্ঠানটির। ফলে পরদিনই সেই কর্মীর বিরুদ্ধে তদন্ত চলমান জানিয়ে এক পোস্টে বিষয়টি নিশ্চিত করে বেসরকারি প্রতিষ্ঠানটি। আপত্তিকর মন্তব্যকারী কর্মী রাকিবুল হাসান বেসরকারি সংস্থা সাজেদা ফাউন্ডেশনের কর্মী। কিন্তু তার আপত্তিকর মন্তব্যের জন্য তাকে চাকরিচ্যুত করেছে প্রতিষ্ঠানটি। রোববার (২৩ মার্চ) রাতে বিষয়টি এক ফেসবুক পোস্টে নিশ্চিত করেছেন অভিনেত্রী শবনম ফারিয়া। উনারা ওড়না খুলে নাচা নাচি করে ওটা ফির ঠিক,-1,-1,-1,-1,0,0,0,0,0,1
উনারা ওড়না খুলে নাচা নাচি করে ওটা ফির ঠিক,banglatoco,শবনম ফারিয়াকে নিয়ে আপত্তিকর মন্তব্য করে চাকরি হারালেন সেই কর্মী ছোটপর্দার জনপ্রিয় অভিনেত্রী শবনম ফারিয়ার ফেসবুক পোস্টে গত ১৮ মার্চ আপত্তিকর মন্তব্য করেন রাকিবুল হাসান নামের এক ব্যক্তি। এ ঘটনায় অভিনেত্রী ওই ব্যক্তির অশালীন মন্তব্যের স্ক্রিনশট ও প্রোফাইলসহ পোস্ট করে তার বিরুদ্ধে ব্যবস্থা নেয়ার দাবি জানান। যা দৃষ্টি এড়ায়নি মন্তব্যকারী ব্যক্তির কর্মস্থল প্রতিষ্ঠানটির। ফলে পরদিনই সেই কর্মীর বিরুদ্ধে তদন্ত চলমান জানিয়ে এক পোস্টে বিষয়টি নিশ্চিত করে বেসরকারি প্রতিষ্ঠানটি। আপত্তিকর মন্তব্যকারী কর্মী রাকিবুল হাসান বেসরকারি সংস্থা সাজেদা ফাউন্ডেশনের কর্মী। কিন্তু তার আপত্তিকর মন্তব্যের জন্য তাকে চাকরিচ্যুত করেছে প্রতিষ্ঠানটি। রোববার (২৩ মার্চ) রাতে বিষয়টি এক ফেসবুক পোস্টে নিশ্চিত করেছেন অভিনেত্রী শবনম ফারিয়া। দারুণ শিক্ষা হয়েছে।,-1,-1,-1,-1,1,0,0,0,0,1
ঠিক হইসে একদম,banglatoco,শবনম ফারিয়াকে নিয়ে আপত্তিকর মন্তব্য করে চাকরি হারালেন সেই কর্মী ছোটপর্দার জনপ্রিয় অভিনেত্রী শবনম ফারিয়ার ফেসবুক পোস্টে গত ১৮ মার্চ আপত্তিকর মন্তব্য করেন রাকিবুল হাসান নামের এক ব্যক্তি। এ ঘটনায় অভিনেত্রী ওই ব্যক্তির অশালীন মন্তব্যের স্ক্রিনশট ও প্রোফাইলসহ পোস্ট করে তার বিরুদ্ধে ব্যবস্থা নেয়ার দাবি জানান। যা দৃষ্টি এড়ায়নি মন্তব্যকারী ব্যক্তির কর্মস্থল প্রতিষ্ঠানটির। ফলে পরদিনই সেই কর্মীর বিরুদ্ধে তদন্ত চলমান জানিয়ে এক পোস্টে বিষয়টি নিশ্চিত করে বেসরকারি প্রতিষ্ঠানটি। আপত্তিকর মন্তব্যকারী কর্মী রাকিবুল হাসান বেসরকারি সংস্থা সাজেদা ফাউন্ডেশনের কর্মী। কিন্তু তার আপত্তিকর মন্তব্যের জন্য তাকে চাকরিচ্যুত করেছে প্রতিষ্ঠানটি। রোববার (২৩ মার্চ) রাতে বিষয়টি এক ফেসবুক পোস্টে নিশ্চিত করেছেন অভিনেত্রী শবনম ফারিয়া।,-1,-1,-1,-1,0,0,0,0,0,1
খুব ভালো হইসে,banglatoco,শবনম ফারিয়াকে নিয়ে আপত্তিকর মন্তব্য করে চাকরি হারালেন সেই কর্মী ছোটপর্দার জনপ্রিয় অভিনেত্রী শবনম ফারিয়ার ফেসবুক পোস্টে গত ১৮ মার্চ আপত্তিকর মন্তব্য করেন রাকিবুল হাসান নামের এক ব্যক্তি। এ ঘটনায় অভিনেত্রী ওই ব্যক্তির অশালীন মন্তব্যের স্ক্রিনশট ও প্রোফাইলসহ পোস্ট করে তার বিরুদ্ধে ব্যবস্থা নেয়ার দাবি জানান। যা দৃষ্টি এড়ায়নি মন্তব্যকারী ব্যক্তির কর্মস্থল প্রতিষ্ঠানটির। ফলে পরদিনই সেই কর্মীর বিরুদ্ধে তদন্ত চলমান জানিয়ে এক পোস্টে বিষয়টি নিশ্চিত করে বেসরকারি প্রতিষ্ঠানটি। আপত্তিকর মন্তব্যকারী কর্মী রাকিবুল হাসান বেসরকারি সংস্থা সাজেদা ফাউন্ডেশনের কর্মী। কিন্তু তার আপত্তিকর মন্তব্যের জন্য তাকে চাকরিচ্যুত করেছে প্রতিষ্ঠানটি। রোববার (২৩ মার্চ) রাতে বিষয়টি এক ফেসবুক পোস্টে নিশ্চিত করেছেন অভিনেত্রী শবনম ফারিয়া।,-1,-1,-1,-1,0,0,0,0,0,1
ঠিক আছে,banglatoco,শবনম ফারিয়াকে নিয়ে আপত্তিকর মন্তব্য করে চাকরি হারালেন সেই কর্মী ছোটপর্দার জনপ্রিয় অভিনেত্রী শবনম ফারিয়ার ফেসবুক পোস্টে গত ১৮ মার্চ আপত্তিকর মন্তব্য করেন রাকিবুল হাসান নামের এক ব্যক্তি। এ ঘটনায় অভিনেত্রী ওই ব্যক্তির অশালীন মন্তব্যের স্ক্রিনশট ও প্রোফাইলসহ পোস্ট করে তার বিরুদ্ধে ব্যবস্থা নেয়ার দাবি জানান। যা দৃষ্টি এড়ায়নি মন্তব্যকারী ব্যক্তির কর্মস্থল প্রতিষ্ঠানটির। ফলে পরদিনই সেই কর্মীর বিরুদ্ধে তদন্ত চলমান জানিয়ে এক পোস্টে বিষয়টি নিশ্চিত করে বেসরকারি প্রতিষ্ঠানটি। আপত্তিকর মন্তব্যকারী কর্মী রাকিবুল হাসান বেসরকারি সংস্থা সাজেদা ফাউন্ডেশনের কর্মী। কিন্তু তার আপত্তিকর মন্তব্যের জন্য তাকে চাকরিচ্যুত করেছে প্রতিষ্ঠানটি। রোববার (২৩ মার্চ) রাতে বিষয়টি এক ফেসবুক পোস্টে নিশ্চিত করেছেন অভিনেত্রী শবনম ফারিয়া।,-1,-1,-1,-1,0,0,0,0,0,1
এদেরকে আপত্তিকর মন্তব্য করলে এরা কিছু মনে করে না কারণ এরা ট্রেন্ডিং এ থাকতে চায় সব সময়,banglatoco,শবনম ফারিয়াকে নিয়ে আপত্তিকর মন্তব্য করে চাকরি হারালেন সেই কর্মী ছোটপর্দার জনপ্রিয় অভিনেত্রী শবনম ফারিয়ার ফেসবুক পোস্টে গত ১৮ মার্চ আপত্তিকর মন্তব্য করেন রাকিবুল হাসান নামের এক ব্যক্তি। এ ঘটনায় অভিনেত্রী ওই ব্যক্তির অশালীন মন্তব্যের স্ক্রিনশট ও প্রোফাইলসহ পোস্ট করে তার বিরুদ্ধে ব্যবস্থা নেয়ার দাবি জানান। যা দৃষ্টি এড়ায়নি মন্তব্যকারী ব্যক্তির কর্মস্থল প্রতিষ্ঠানটির। ফলে পরদিনই সেই কর্মীর বিরুদ্ধে তদন্ত চলমান জানিয়ে এক পোস্টে বিষয়টি নিশ্চিত করে বেসরকারি প্রতিষ্ঠানটি। আপত্তিকর মন্তব্যকারী কর্মী রাকিবুল হাসান বেসরকারি সংস্থা সাজেদা ফাউন্ডেশনের কর্মী। কিন্তু তার আপত্তিকর মন্তব্যের জন্য তাকে চাকরিচ্যুত করেছে প্রতিষ্ঠানটি। রোববার (২৩ মার্চ) রাতে বিষয়টি এক ফেসবুক পোস্টে নিশ্চিত করেছেন অভিনেত্রী শবনম ফারিয়া।,-1,-1,-1,-1,1,0,0,0,0,1
হাসিনার দোসর এই মেয়ে,banglatoco,শবনম ফারিয়াকে নিয়ে আপত্তিকর মন্তব্য করে চাকরি হারালেন সেই কর্মী ছোটপর্দার জনপ্রিয় অভিনেত্রী শবনম ফারিয়ার ফেসবুক পোস্টে গত ১৮ মার্চ আপত্তিকর মন্তব্য করেন রাকিবুল হাসান নামের এক ব্যক্তি। এ ঘটনায় অভিনেত্রী ওই ব্যক্তির অশালীন মন্তব্যের স্ক্রিনশট ও প্রোফাইলসহ পোস্ট করে তার বিরুদ্ধে ব্যবস্থা নেয়ার দাবি জানান। যা দৃষ্টি এড়ায়নি মন্তব্যকারী ব্যক্তির কর্মস্থল প্রতিষ্ঠানটির। ফলে পরদিনই সেই কর্মীর বিরুদ্ধে তদন্ত চলমান জানিয়ে এক পোস্টে বিষয়টি নিশ্চিত করে বেসরকারি প্রতিষ্ঠানটি। আপত্তিকর মন্তব্যকারী কর্মী রাকিবুল হাসান বেসরকারি সংস্থা সাজেদা ফাউন্ডেশনের কর্মী। কিন্তু তার আপত্তিকর মন্তব্যের জন্য তাকে চাকরিচ্যুত করেছে প্রতিষ্ঠানটি। রোববার (২৩ মার্চ) রাতে বিষয়টি এক ফেসবুক পোস্টে নিশ্চিত করেছেন অভিনেত্রী শবনম ফারিয়া।,-1,-1,-1,-1,1,0,0,0,0,1
"বেপর্দা করা নারী,, নারীদের যে পর্দা করা ফরজ তারা কি জানে নাহ?",banglatoco,"শবনম ফারিয়াকে নিয়ে আপত্তিকর মন্তব্য করে চাকরি হারালেন সেই কর্মী ছোটপর্দার জনপ্রিয় অভিনেত্রী শবনম ফারিয়ার ফেসবুক পোস্টে গত ১৮ মার্চ আপত্তিকর মন্তব্য করেন রাকিবুল হাসান নামের এক ব্যক্তি। এ ঘটনায় অভিনেত্রী ওই ব্যক্তির অশালীন মন্তব্যের স্ক্রিনশট ও প্রোফাইলসহ পোস্ট করে তার বিরুদ্ধে ব্যবস্থা নেয়ার দাবি জানান। যা দৃষ্টি এড়ায়নি মন্তব্যকারী ব্যক্তির কর্মস্থল প্রতিষ্ঠানটির। ফলে পরদিনই সেই কর্মীর বিরুদ্ধে তদন্ত চলমান জানিয়ে এক পোস্টে বিষয়টি নিশ্চিত করে বেসরকারি প্রতিষ্ঠানটি। আপত্তিকর মন্তব্যকারী কর্মী রাকিবুল হাসান বেসরকারি সংস্থা সাজেদা ফাউন্ডেশনের কর্মী। কিন্তু তার আপত্তিকর মন্তব্যের জন্য তাকে চাকরিচ্যুত করেছে প্রতিষ্ঠানটি। রোববার (২৩ মার্চ) রাতে বিষয়টি এক ফেসবুক পোস্টে নিশ্চিত করেছেন অভিনেত্রী শবনম ফারিয়া। পুরুষ ও পর্দা আছে।আপনি বেপর্দা নারীর ছবি দেখে এবং পড়ে এখানে কমেন্ট করতে আসছেন কেন?নিজে মানেনা,ফতোয়াবাজ।",-1,-1,-1,-1,1,0,0,0,0,1
ঠিক আছে চাকরি গেছে বাজে মন্তব্য কেন করবে?,banglatoco,শবনম ফারিয়াকে নিয়ে আপত্তিকর মন্তব্য করে চাকরি হারালেন সেই কর্মী ছোটপর্দার জনপ্রিয় অভিনেত্রী শবনম ফারিয়ার ফেসবুক পোস্টে গত ১৮ মার্চ আপত্তিকর মন্তব্য করেন রাকিবুল হাসান নামের এক ব্যক্তি। এ ঘটনায় অভিনেত্রী ওই ব্যক্তির অশালীন মন্তব্যের স্ক্রিনশট ও প্রোফাইলসহ পোস্ট করে তার বিরুদ্ধে ব্যবস্থা নেয়ার দাবি জানান। যা দৃষ্টি এড়ায়নি মন্তব্যকারী ব্যক্তির কর্মস্থল প্রতিষ্ঠানটির। ফলে পরদিনই সেই কর্মীর বিরুদ্ধে তদন্ত চলমান জানিয়ে এক পোস্টে বিষয়টি নিশ্চিত করে বেসরকারি প্রতিষ্ঠানটি। আপত্তিকর মন্তব্যকারী কর্মী রাকিবুল হাসান বেসরকারি সংস্থা সাজেদা ফাউন্ডেশনের কর্মী। কিন্তু তার আপত্তিকর মন্তব্যের জন্য তাকে চাকরিচ্যুত করেছে প্রতিষ্ঠানটি। রোববার (২৩ মার্চ) রাতে বিষয়টি এক ফেসবুক পোস্টে নিশ্চিত করেছেন অভিনেত্রী শবনম ফারিয়া।,-1,-1,-1,-1,0,0,0,0,0,1
পালতু মহিলার জন্ন কি জব জেতে পারে এট কনো কথা,banglatoco,শবনম ফারিয়াকে নিয়ে আপত্তিকর মন্তব্য করে চাকরি হারালেন সেই কর্মী ছোটপর্দার জনপ্রিয় অভিনেত্রী শবনম ফারিয়ার ফেসবুক পোস্টে গত ১৮ মার্চ আপত্তিকর মন্তব্য করেন রাকিবুল হাসান নামের এক ব্যক্তি। এ ঘটনায় অভিনেত্রী ওই ব্যক্তির অশালীন মন্তব্যের স্ক্রিনশট ও প্রোফাইলসহ পোস্ট করে তার বিরুদ্ধে ব্যবস্থা নেয়ার দাবি জানান। যা দৃষ্টি এড়ায়নি মন্তব্যকারী ব্যক্তির কর্মস্থল প্রতিষ্ঠানটির। ফলে পরদিনই সেই কর্মীর বিরুদ্ধে তদন্ত চলমান জানিয়ে এক পোস্টে বিষয়টি নিশ্চিত করে বেসরকারি প্রতিষ্ঠানটি। আপত্তিকর মন্তব্যকারী কর্মী রাকিবুল হাসান বেসরকারি সংস্থা সাজেদা ফাউন্ডেশনের কর্মী। কিন্তু তার আপত্তিকর মন্তব্যের জন্য তাকে চাকরিচ্যুত করেছে প্রতিষ্ঠানটি। রোববার (২৩ মার্চ) রাতে বিষয়টি এক ফেসবুক পোস্টে নিশ্চিত করেছেন অভিনেত্রী শবনম ফারিয়া।,-1,-1,-1,-1,1,0,0,0,0,1
ময়মনসিংহের মানুষ আাসলেই ক্ষেত,banglatoco,"ময়মনসিংহে প্রচারে বিঘ্ন ঘটায় সিনেমা হলে দর্শকদের ভাঙচুর ঈশ্বরগঞ্জ পৌর বাজারের মাছ মহালে সোনালি টকিজ সিনেমা হলে ঈদ উপলক্ষে ‘বরবাদ’ সিনেমা চলছে। গতকাল সন্ধ্যা সাড়ে ৬টায় শুরু হওয়া শোতে বিভিন্ন এলাকা থেকে দর্শকেরা আসেন। ডিসি, বেলকনি ও প্রথম শ্রেণির টিকিট বিক্রি হয়েছিল। কিন্তু সিনেমার মাঝপথে সাউন্ড সিস্টেমে যান্ত্রিক ত্রুটির কারণে সিনেমা প্রদর্শন থেমে যায়। বেশ কিছু সময় নিয়ে যান্ত্রিক ত্রুটি ঠিক করতে না পারায় দর্শকেরা হলের ভেতরে রাত সাড়ে ৮টা থেকে ভাঙচুর শুরু করেন। আধা ঘণ্টা ধরে চলে এই অবস্থা। এই সময় দর্শকেরা সিনেমা হলে বসার বেঞ্চ, চেয়ার ও টিকিট বিক্রির কক্ষে ভাঙচুর চালান। পোস্টার ছিঁড়ে হলের নিচতলায় অগ্নিসংযোগ করেন। এ সময় দর্শকদের ধাওয়া দেন স্থানীয় একদল যুবক। তখন তাঁরা এলাকা ছেড়ে যান। রাত সাড়ে ৯টার দিকে পুলিশ ঘটনাস্থলে যায়। ওরে আমারে শিক্ষত্য প্রেমিকারে ময়মনসিংহের নাম বিক্রি করে খাওয়ার মানুষেরা বলে ময়মনসিংহের মানুষ ক্ষেত 😄😀😃😂",-1,-1,-1,-1,1,0,0,0,0,1
ওরে আমারে শিক্ষত্য প্রেমিকারে ময়মনসিংহের নাম বিক্রি করে খাওয়ার মানুষেরা বলে ময়মনসিংহের মানুষ ক্ষেত 😄😀😃😂,banglatoco,"ময়মনসিংহে প্রচারে বিঘ্ন ঘটায় সিনেমা হলে দর্শকদের ভাঙচুর ঈশ্বরগঞ্জ পৌর বাজারের মাছ মহালে সোনালি টকিজ সিনেমা হলে ঈদ উপলক্ষে ‘বরবাদ’ সিনেমা চলছে। গতকাল সন্ধ্যা সাড়ে ৬টায় শুরু হওয়া শোতে বিভিন্ন এলাকা থেকে দর্শকেরা আসেন। ডিসি, বেলকনি ও প্রথম শ্রেণির টিকিট বিক্রি হয়েছিল। কিন্তু সিনেমার মাঝপথে সাউন্ড সিস্টেমে যান্ত্রিক ত্রুটির কারণে সিনেমা প্রদর্শন থেমে যায়। বেশ কিছু সময় নিয়ে যান্ত্রিক ত্রুটি ঠিক করতে না পারায় দর্শকেরা হলের ভেতরে রাত সাড়ে ৮টা থেকে ভাঙচুর শুরু করেন। আধা ঘণ্টা ধরে চলে এই অবস্থা। এই সময় দর্শকেরা সিনেমা হলে বসার বেঞ্চ, চেয়ার ও টিকিট বিক্রির কক্ষে ভাঙচুর চালান। পোস্টার ছিঁড়ে হলের নিচতলায় অগ্নিসংযোগ করেন। এ সময় দর্শকদের ধাওয়া দেন স্থানীয় একদল যুবক। তখন তাঁরা এলাকা ছেড়ে যান। রাত সাড়ে ৯টার দিকে পুলিশ ঘটনাস্থলে যায়। ময়মনসিংহের মানুষ আাসলেই ক্ষেত আপনাকে দেখলেই বুঝা যায় আপনি খুব উচ্চ শিক্ষিত আর স্মার্ট।",-1,-1,-1,-1,1,0,0,0,0,1
কিশোরগঞ্জের পাট ক্ষেত।,banglatoco,"ময়মনসিংহে প্রচারে বিঘ্ন ঘটায় সিনেমা হলে দর্শকদের ভাঙচুর ঈশ্বরগঞ্জ পৌর বাজারের মাছ মহালে সোনালি টকিজ সিনেমা হলে ঈদ উপলক্ষে ‘বরবাদ’ সিনেমা চলছে। গতকাল সন্ধ্যা সাড়ে ৬টায় শুরু হওয়া শোতে বিভিন্ন এলাকা থেকে দর্শকেরা আসেন। ডিসি, বেলকনি ও প্রথম শ্রেণির টিকিট বিক্রি হয়েছিল। কিন্তু সিনেমার মাঝপথে সাউন্ড সিস্টেমে যান্ত্রিক ত্রুটির কারণে সিনেমা প্রদর্শন থেমে যায়। বেশ কিছু সময় নিয়ে যান্ত্রিক ত্রুটি ঠিক করতে না পারায় দর্শকেরা হলের ভেতরে রাত সাড়ে ৮টা থেকে ভাঙচুর শুরু করেন। আধা ঘণ্টা ধরে চলে এই অবস্থা। এই সময় দর্শকেরা সিনেমা হলে বসার বেঞ্চ, চেয়ার ও টিকিট বিক্রির কক্ষে ভাঙচুর চালান। পোস্টার ছিঁড়ে হলের নিচতলায় অগ্নিসংযোগ করেন। এ সময় দর্শকদের ধাওয়া দেন স্থানীয় একদল যুবক। তখন তাঁরা এলাকা ছেড়ে যান। রাত সাড়ে ৯টার দিকে পুলিশ ঘটনাস্থলে যায়। ময়মনসিংহের মানুষ আাসলেই ক্ষেত;আমরা কিশোরগঞ্জের কিশোরী মমিসিং থু*থু ফেলতেও যায় না",-1,-1,-1,-1,1,0,0,0,0,1
এটা নিশ্চয়ই জামাতের কাজ😆😆😆,banglatoco,"ময়মনসিংহে প্রচারে বিঘ্ন ঘটায় সিনেমা হলে দর্শকদের ভাঙচুর ঈশ্বরগঞ্জ পৌর বাজারের মাছ মহালে সোনালি টকিজ সিনেমা হলে ঈদ উপলক্ষে ‘বরবাদ’ সিনেমা চলছে। গতকাল সন্ধ্যা সাড়ে ৬টায় শুরু হওয়া শোতে বিভিন্ন এলাকা থেকে দর্শকেরা আসেন। ডিসি, বেলকনি ও প্রথম শ্রেণির টিকিট বিক্রি হয়েছিল। কিন্তু সিনেমার মাঝপথে সাউন্ড সিস্টেমে যান্ত্রিক ত্রুটির কারণে সিনেমা প্রদর্শন থেমে যায়। বেশ কিছু সময় নিয়ে যান্ত্রিক ত্রুটি ঠিক করতে না পারায় দর্শকেরা হলের ভেতরে রাত সাড়ে ৮টা থেকে ভাঙচুর শুরু করেন। আধা ঘণ্টা ধরে চলে এই অবস্থা। এই সময় দর্শকেরা সিনেমা হলে বসার বেঞ্চ, চেয়ার ও টিকিট বিক্রির কক্ষে ভাঙচুর চালান। পোস্টার ছিঁড়ে হলের নিচতলায় অগ্নিসংযোগ করেন। এ সময় দর্শকদের ধাওয়া দেন স্থানীয় একদল যুবক। তখন তাঁরা এলাকা ছেড়ে যান। রাত সাড়ে ৯টার দিকে পুলিশ ঘটনাস্থলে যায়।",-1,-1,-1,-1,1,0,0,0,0,1
অত্যন্ত ভালো কাজ এ যুদ্ধে তোমরা যদি মারা যেতে তাহলে শহীদ হয়ে যেতে। বিনা হিসাবে মনে হয় জাহান্নামে যেতো। মজাই মজা....,banglatoco,"ময়মনসিংহে প্রচারে বিঘ্ন ঘটায় সিনেমা হলে দর্শকদের ভাঙচুর ঈশ্বরগঞ্জ পৌর বাজারের মাছ মহালে সোনালি টকিজ সিনেমা হলে ঈদ উপলক্ষে ‘বরবাদ’ সিনেমা চলছে। গতকাল সন্ধ্যা সাড়ে ৬টায় শুরু হওয়া শোতে বিভিন্ন এলাকা থেকে দর্শকেরা আসেন। ডিসি, বেলকনি ও প্রথম শ্রেণির টিকিট বিক্রি হয়েছিল। কিন্তু সিনেমার মাঝপথে সাউন্ড সিস্টেমে যান্ত্রিক ত্রুটির কারণে সিনেমা প্রদর্শন থেমে যায়। বেশ কিছু সময় নিয়ে যান্ত্রিক ত্রুটি ঠিক করতে না পারায় দর্শকেরা হলের ভেতরে রাত সাড়ে ৮টা থেকে ভাঙচুর শুরু করেন। আধা ঘণ্টা ধরে চলে এই অবস্থা। এই সময় দর্শকেরা সিনেমা হলে বসার বেঞ্চ, চেয়ার ও টিকিট বিক্রির কক্ষে ভাঙচুর চালান। পোস্টার ছিঁড়ে হলের নিচতলায় অগ্নিসংযোগ করেন। এ সময় দর্শকদের ধাওয়া দেন স্থানীয় একদল যুবক। তখন তাঁরা এলাকা ছেড়ে যান। রাত সাড়ে ৯টার দিকে পুলিশ ঘটনাস্থলে যায়। এই যুদ্ধে তোমার বন্ধু Badsha প্রত্যক্ষভাবে জড়িত।",-1,-1,-1,-1,1,0,0,0,0,1
২০০ টাকা করে টিকেট নিয়ে সাউন্ড সিস্টেম ভালো না হলে পাব্লিক ত উত্তেজিত হবেই।,banglatoco,"ময়মনসিংহে প্রচারে বিঘ্ন ঘটায় সিনেমা হলে দর্শকদের ভাঙচুর ঈশ্বরগঞ্জ পৌর বাজারের মাছ মহালে সোনালি টকিজ সিনেমা হলে ঈদ উপলক্ষে ‘বরবাদ’ সিনেমা চলছে। গতকাল সন্ধ্যা সাড়ে ৬টায় শুরু হওয়া শোতে বিভিন্ন এলাকা থেকে দর্শকেরা আসেন। ডিসি, বেলকনি ও প্রথম শ্রেণির টিকিট বিক্রি হয়েছিল। কিন্তু সিনেমার মাঝপথে সাউন্ড সিস্টেমে যান্ত্রিক ত্রুটির কারণে সিনেমা প্রদর্শন থেমে যায়। বেশ কিছু সময় নিয়ে যান্ত্রিক ত্রুটি ঠিক করতে না পারায় দর্শকেরা হলের ভেতরে রাত সাড়ে ৮টা থেকে ভাঙচুর শুরু করেন। আধা ঘণ্টা ধরে চলে এই অবস্থা। এই সময় দর্শকেরা সিনেমা হলে বসার বেঞ্চ, চেয়ার ও টিকিট বিক্রির কক্ষে ভাঙচুর চালান। পোস্টার ছিঁড়ে হলের নিচতলায় অগ্নিসংযোগ করেন। এ সময় দর্শকদের ধাওয়া দেন স্থানীয় একদল যুবক। তখন তাঁরা এলাকা ছেড়ে যান। রাত সাড়ে ৯টার দিকে পুলিশ ঘটনাস্থলে যায়। সব আল্লাহর ইচ্ছা।",-1,-1,-1,-1,0,0,0,0,0,1
এটাই জংগী দেশ,banglatoco,"ময়মনসিংহে প্রচারে বিঘ্ন ঘটায় সিনেমা হলে দর্শকদের ভাঙচুর ঈশ্বরগঞ্জ পৌর বাজারের মাছ মহালে সোনালি টকিজ সিনেমা হলে ঈদ উপলক্ষে ‘বরবাদ’ সিনেমা চলছে। গতকাল সন্ধ্যা সাড়ে ৬টায় শুরু হওয়া শোতে বিভিন্ন এলাকা থেকে দর্শকেরা আসেন। ডিসি, বেলকনি ও প্রথম শ্রেণির টিকিট বিক্রি হয়েছিল। কিন্তু সিনেমার মাঝপথে সাউন্ড সিস্টেমে যান্ত্রিক ত্রুটির কারণে সিনেমা প্রদর্শন থেমে যায়। বেশ কিছু সময় নিয়ে যান্ত্রিক ত্রুটি ঠিক করতে না পারায় দর্শকেরা হলের ভেতরে রাত সাড়ে ৮টা থেকে ভাঙচুর শুরু করেন। আধা ঘণ্টা ধরে চলে এই অবস্থা। এই সময় দর্শকেরা সিনেমা হলে বসার বেঞ্চ, চেয়ার ও টিকিট বিক্রির কক্ষে ভাঙচুর চালান। পোস্টার ছিঁড়ে হলের নিচতলায় অগ্নিসংযোগ করেন। এ সময় দর্শকদের ধাওয়া দেন স্থানীয় একদল যুবক। তখন তাঁরা এলাকা ছেড়ে যান। রাত সাড়ে ৯টার দিকে পুলিশ ঘটনাস্থলে যায়। তুই ভারতের মুদির প্রোডাকশন... 😆😆",-1,-1,-1,-1,1,0,0,0,0,1
অসাধারণ কাজ,banglatoco,"ময়মনসিংহে প্রচারে বিঘ্ন ঘটায় সিনেমা হলে দর্শকদের ভাঙচুর ঈশ্বরগঞ্জ পৌর বাজারের মাছ মহালে সোনালি টকিজ সিনেমা হলে ঈদ উপলক্ষে ‘বরবাদ’ সিনেমা চলছে। গতকাল সন্ধ্যা সাড়ে ৬টায় শুরু হওয়া শোতে বিভিন্ন এলাকা থেকে দর্শকেরা আসেন। ডিসি, বেলকনি ও প্রথম শ্রেণির টিকিট বিক্রি হয়েছিল। কিন্তু সিনেমার মাঝপথে সাউন্ড সিস্টেমে যান্ত্রিক ত্রুটির কারণে সিনেমা প্রদর্শন থেমে যায়। বেশ কিছু সময় নিয়ে যান্ত্রিক ত্রুটি ঠিক করতে না পারায় দর্শকেরা হলের ভেতরে রাত সাড়ে ৮টা থেকে ভাঙচুর শুরু করেন। আধা ঘণ্টা ধরে চলে এই অবস্থা। এই সময় দর্শকেরা সিনেমা হলে বসার বেঞ্চ, চেয়ার ও টিকিট বিক্রির কক্ষে ভাঙচুর চালান। পোস্টার ছিঁড়ে হলের নিচতলায় অগ্নিসংযোগ করেন। এ সময় দর্শকদের ধাওয়া দেন স্থানীয় একদল যুবক। তখন তাঁরা এলাকা ছেড়ে যান। রাত সাড়ে ৯টার দিকে পুলিশ ঘটনাস্থলে যায়।",-1,-1,-1,-1,1,0,0,0,0,1
মাদারচোদ! সব জায়গাতে আলহামদুলিল্লাহ চোদায় ! সিনেমা হারাম আর ফেসবুক হালাল মাদারচোদ???,banglatoco,"ময়মনসিংহে প্রচারে বিঘ্ন ঘটায় সিনেমা হলে দর্শকদের ভাঙচুর ঈশ্বরগঞ্জ পৌর বাজারের মাছ মহালে সোনালি টকিজ সিনেমা হলে ঈদ উপলক্ষে ‘বরবাদ’ সিনেমা চলছে। গতকাল সন্ধ্যা সাড়ে ৬টায় শুরু হওয়া শোতে বিভিন্ন এলাকা থেকে দর্শকেরা আসেন। ডিসি, বেলকনি ও প্রথম শ্রেণির টিকিট বিক্রি হয়েছিল। কিন্তু সিনেমার মাঝপথে সাউন্ড সিস্টেমে যান্ত্রিক ত্রুটির কারণে সিনেমা প্রদর্শন থেমে যায়। বেশ কিছু সময় নিয়ে যান্ত্রিক ত্রুটি ঠিক করতে না পারায় দর্শকেরা হলের ভেতরে রাত সাড়ে ৮টা থেকে ভাঙচুর শুরু করেন। আধা ঘণ্টা ধরে চলে এই অবস্থা। এই সময় দর্শকেরা সিনেমা হলে বসার বেঞ্চ, চেয়ার ও টিকিট বিক্রির কক্ষে ভাঙচুর চালান। পোস্টার ছিঁড়ে হলের নিচতলায় অগ্নিসংযোগ করেন। এ সময় দর্শকদের ধাওয়া দেন স্থানীয় একদল যুবক। তখন তাঁরা এলাকা ছেড়ে যান। রাত সাড়ে ৯টার দিকে পুলিশ ঘটনাস্থলে যায়। মিয়া ভাই দেখি আমার আইডিতে ঘোড়াঘুড়িও কইরালছেন। গ্রেট ওয়ার্ক। থ্যানক্স 😏🥰 আলহামদুলিল্লাহ 😂",-1,-1,-1,-1,1,0,0,0,0,1
এরকম উচ্ছৃঙ্খলা কাম্য নয়।যান্ত্রিক ত্রুটি হতেই পারে।,banglatoco,"ময়মনসিংহে প্রচারে বিঘ্ন ঘটায় সিনেমা হলে দর্শকদের ভাঙচুর ঈশ্বরগঞ্জ পৌর বাজারের মাছ মহালে সোনালি টকিজ সিনেমা হলে ঈদ উপলক্ষে ‘বরবাদ’ সিনেমা চলছে। গতকাল সন্ধ্যা সাড়ে ৬টায় শুরু হওয়া শোতে বিভিন্ন এলাকা থেকে দর্শকেরা আসেন। ডিসি, বেলকনি ও প্রথম শ্রেণির টিকিট বিক্রি হয়েছিল। কিন্তু সিনেমার মাঝপথে সাউন্ড সিস্টেমে যান্ত্রিক ত্রুটির কারণে সিনেমা প্রদর্শন থেমে যায়। বেশ কিছু সময় নিয়ে যান্ত্রিক ত্রুটি ঠিক করতে না পারায় দর্শকেরা হলের ভেতরে রাত সাড়ে ৮টা থেকে ভাঙচুর শুরু করেন। আধা ঘণ্টা ধরে চলে এই অবস্থা। এই সময় দর্শকেরা সিনেমা হলে বসার বেঞ্চ, চেয়ার ও টিকিট বিক্রির কক্ষে ভাঙচুর চালান। পোস্টার ছিঁড়ে হলের নিচতলায় অগ্নিসংযোগ করেন। এ সময় দর্শকদের ধাওয়া দেন স্থানীয় একদল যুবক। তখন তাঁরা এলাকা ছেড়ে যান। রাত সাড়ে ৯টার দিকে পুলিশ ঘটনাস্থলে যায়।",-1,-1,-1,-1,0,0,0,0,0,1
তোগোরে বরবাদ করে দিলো😄,banglatoco,"ময়মনসিংহে প্রচারে বিঘ্ন ঘটায় সিনেমা হলে দর্শকদের ভাঙচুর ঈশ্বরগঞ্জ পৌর বাজারের মাছ মহালে সোনালি টকিজ সিনেমা হলে ঈদ উপলক্ষে ‘বরবাদ’ সিনেমা চলছে। গতকাল সন্ধ্যা সাড়ে ৬টায় শুরু হওয়া শোতে বিভিন্ন এলাকা থেকে দর্শকেরা আসেন। ডিসি, বেলকনি ও প্রথম শ্রেণির টিকিট বিক্রি হয়েছিল। কিন্তু সিনেমার মাঝপথে সাউন্ড সিস্টেমে যান্ত্রিক ত্রুটির কারণে সিনেমা প্রদর্শন থেমে যায়। বেশ কিছু সময় নিয়ে যান্ত্রিক ত্রুটি ঠিক করতে না পারায় দর্শকেরা হলের ভেতরে রাত সাড়ে ৮টা থেকে ভাঙচুর শুরু করেন। আধা ঘণ্টা ধরে চলে এই অবস্থা। এই সময় দর্শকেরা সিনেমা হলে বসার বেঞ্চ, চেয়ার ও টিকিট বিক্রির কক্ষে ভাঙচুর চালান। পোস্টার ছিঁড়ে হলের নিচতলায় অগ্নিসংযোগ করেন। এ সময় দর্শকদের ধাওয়া দেন স্থানীয় একদল যুবক। তখন তাঁরা এলাকা ছেড়ে যান। রাত সাড়ে ৯টার দিকে পুলিশ ঘটনাস্থলে যায়।",-1,-1,-1,-1,1,0,0,0,0,1
সিনেমা হল জাতির জন্য ক্ষতিকর।সব গুড়িয়ে দেওয়া হোক,banglatoco,"ময়মনসিংহে প্রচারে বিঘ্ন ঘটায় সিনেমা হলে দর্শকদের ভাঙচুর ঈশ্বরগঞ্জ পৌর বাজারের মাছ মহালে সোনালি টকিজ সিনেমা হলে ঈদ উপলক্ষে ‘বরবাদ’ সিনেমা চলছে। গতকাল সন্ধ্যা সাড়ে ৬টায় শুরু হওয়া শোতে বিভিন্ন এলাকা থেকে দর্শকেরা আসেন। ডিসি, বেলকনি ও প্রথম শ্রেণির টিকিট বিক্রি হয়েছিল। কিন্তু সিনেমার মাঝপথে সাউন্ড সিস্টেমে যান্ত্রিক ত্রুটির কারণে সিনেমা প্রদর্শন থেমে যায়। বেশ কিছু সময় নিয়ে যান্ত্রিক ত্রুটি ঠিক করতে না পারায় দর্শকেরা হলের ভেতরে রাত সাড়ে ৮টা থেকে ভাঙচুর শুরু করেন। আধা ঘণ্টা ধরে চলে এই অবস্থা। এই সময় দর্শকেরা সিনেমা হলে বসার বেঞ্চ, চেয়ার ও টিকিট বিক্রির কক্ষে ভাঙচুর চালান। পোস্টার ছিঁড়ে হলের নিচতলায় অগ্নিসংযোগ করেন। এ সময় দর্শকদের ধাওয়া দেন স্থানীয় একদল যুবক। তখন তাঁরা এলাকা ছেড়ে যান। রাত সাড়ে ৯টার দিকে পুলিশ ঘটনাস্থলে যায়। আপনার তো ফেসবুকে থাকার কথা না আপনার থাকার কথা কাকরাইল মসজিদের খাদেম মসজিদে।",-1,-1,-1,-1,1,0,0,0,0,1
তুই জাতির জন্য ক্যান্সার,banglatoco,"ময়মনসিংহে প্রচারে বিঘ্ন ঘটায় সিনেমা হলে দর্শকদের ভাঙচুর ঈশ্বরগঞ্জ পৌর বাজারের মাছ মহালে সোনালি টকিজ সিনেমা হলে ঈদ উপলক্ষে ‘বরবাদ’ সিনেমা চলছে। গতকাল সন্ধ্যা সাড়ে ৬টায় শুরু হওয়া শোতে বিভিন্ন এলাকা থেকে দর্শকেরা আসেন। ডিসি, বেলকনি ও প্রথম শ্রেণির টিকিট বিক্রি হয়েছিল। কিন্তু সিনেমার মাঝপথে সাউন্ড সিস্টেমে যান্ত্রিক ত্রুটির কারণে সিনেমা প্রদর্শন থেমে যায়। বেশ কিছু সময় নিয়ে যান্ত্রিক ত্রুটি ঠিক করতে না পারায় দর্শকেরা হলের ভেতরে রাত সাড়ে ৮টা থেকে ভাঙচুর শুরু করেন। আধা ঘণ্টা ধরে চলে এই অবস্থা। এই সময় দর্শকেরা সিনেমা হলে বসার বেঞ্চ, চেয়ার ও টিকিট বিক্রির কক্ষে ভাঙচুর চালান। পোস্টার ছিঁড়ে হলের নিচতলায় অগ্নিসংযোগ করেন। এ সময় দর্শকদের ধাওয়া দেন স্থানীয় একদল যুবক। তখন তাঁরা এলাকা ছেড়ে যান। রাত সাড়ে ৯টার দিকে পুলিশ ঘটনাস্থলে যায়। সিনেমা হল জাতির জন্য ক্ষতিকর।সব গুড়িয়ে দেওয়া হোক আর তরা ভাইরাস🤪",-1,-1,-1,-1,1,0,0,0,0,1
"মুনাফেক মাদারচোদ ! সিনেমা হারাম ক্ষতিকর আর রিলস, ফেসবুক হালাল মাদারচোদ???",banglatoco,"ময়মনসিংহে প্রচারে বিঘ্ন ঘটায় সিনেমা হলে দর্শকদের ভাঙচুর ঈশ্বরগঞ্জ পৌর বাজারের মাছ মহালে সোনালি টকিজ সিনেমা হলে ঈদ উপলক্ষে ‘বরবাদ’ সিনেমা চলছে। গতকাল সন্ধ্যা সাড়ে ৬টায় শুরু হওয়া শোতে বিভিন্ন এলাকা থেকে দর্শকেরা আসেন। ডিসি, বেলকনি ও প্রথম শ্রেণির টিকিট বিক্রি হয়েছিল। কিন্তু সিনেমার মাঝপথে সাউন্ড সিস্টেমে যান্ত্রিক ত্রুটির কারণে সিনেমা প্রদর্শন থেমে যায়। বেশ কিছু সময় নিয়ে যান্ত্রিক ত্রুটি ঠিক করতে না পারায় দর্শকেরা হলের ভেতরে রাত সাড়ে ৮টা থেকে ভাঙচুর শুরু করেন। আধা ঘণ্টা ধরে চলে এই অবস্থা। এই সময় দর্শকেরা সিনেমা হলে বসার বেঞ্চ, চেয়ার ও টিকিট বিক্রির কক্ষে ভাঙচুর চালান। পোস্টার ছিঁড়ে হলের নিচতলায় অগ্নিসংযোগ করেন। এ সময় দর্শকদের ধাওয়া দেন স্থানীয় একদল যুবক। তখন তাঁরা এলাকা ছেড়ে যান। রাত সাড়ে ৯টার দিকে পুলিশ ঘটনাস্থলে যায়। সিনেমা হল জাতির জন্য ক্ষতিকর।সব গুড়িয়ে দেওয়া হোক",-1,-1,-1,-1,1,0,0,0,0,1
খুব ভালো করেছে,banglatoco,"ময়মনসিংহে প্রচারে বিঘ্ন ঘটায় সিনেমা হলে দর্শকদের ভাঙচুর ঈশ্বরগঞ্জ পৌর বাজারের মাছ মহালে সোনালি টকিজ সিনেমা হলে ঈদ উপলক্ষে ‘বরবাদ’ সিনেমা চলছে। গতকাল সন্ধ্যা সাড়ে ৬টায় শুরু হওয়া শোতে বিভিন্ন এলাকা থেকে দর্শকেরা আসেন। ডিসি, বেলকনি ও প্রথম শ্রেণির টিকিট বিক্রি হয়েছিল। কিন্তু সিনেমার মাঝপথে সাউন্ড সিস্টেমে যান্ত্রিক ত্রুটির কারণে সিনেমা প্রদর্শন থেমে যায়। বেশ কিছু সময় নিয়ে যান্ত্রিক ত্রুটি ঠিক করতে না পারায় দর্শকেরা হলের ভেতরে রাত সাড়ে ৮টা থেকে ভাঙচুর শুরু করেন। আধা ঘণ্টা ধরে চলে এই অবস্থা। এই সময় দর্শকেরা সিনেমা হলে বসার বেঞ্চ, চেয়ার ও টিকিট বিক্রির কক্ষে ভাঙচুর চালান। পোস্টার ছিঁড়ে হলের নিচতলায় অগ্নিসংযোগ করেন। এ সময় দর্শকদের ধাওয়া দেন স্থানীয় একদল যুবক। তখন তাঁরা এলাকা ছেড়ে যান। রাত সাড়ে ৯টার দিকে পুলিশ ঘটনাস্থলে যায়।",-1,-1,-1,-1,1,0,0,0,0,1
জামাত শিবিরের হাত আছে😁😁,banglatoco,"ময়মনসিংহে প্রচারে বিঘ্ন ঘটায় সিনেমা হলে দর্শকদের ভাঙচুর ঈশ্বরগঞ্জ পৌর বাজারের মাছ মহালে সোনালি টকিজ সিনেমা হলে ঈদ উপলক্ষে ‘বরবাদ’ সিনেমা চলছে। গতকাল সন্ধ্যা সাড়ে ৬টায় শুরু হওয়া শোতে বিভিন্ন এলাকা থেকে দর্শকেরা আসেন। ডিসি, বেলকনি ও প্রথম শ্রেণির টিকিট বিক্রি হয়েছিল। কিন্তু সিনেমার মাঝপথে সাউন্ড সিস্টেমে যান্ত্রিক ত্রুটির কারণে সিনেমা প্রদর্শন থেমে যায়। বেশ কিছু সময় নিয়ে যান্ত্রিক ত্রুটি ঠিক করতে না পারায় দর্শকেরা হলের ভেতরে রাত সাড়ে ৮টা থেকে ভাঙচুর শুরু করেন। আধা ঘণ্টা ধরে চলে এই অবস্থা। এই সময় দর্শকেরা সিনেমা হলে বসার বেঞ্চ, চেয়ার ও টিকিট বিক্রির কক্ষে ভাঙচুর চালান। পোস্টার ছিঁড়ে হলের নিচতলায় অগ্নিসংযোগ করেন। এ সময় দর্শকদের ধাওয়া দেন স্থানীয় একদল যুবক। তখন তাঁরা এলাকা ছেড়ে যান। রাত সাড়ে ৯টার দিকে পুলিশ ঘটনাস্থলে যায়।",-1,-1,-1,-1,1,0,0,0,0,1
সবই ডক্টর নুনুস স্যারের স্বাধীনতার ফল আমরা তো এমনি একটা দেশ চেয়েছি ধন্যবাদ নুনুস স্যার কে,banglatoco,"ময়মনসিংহে প্রচারে বিঘ্ন ঘটায় সিনেমা হলে দর্শকদের ভাঙচুর ঈশ্বরগঞ্জ পৌর বাজারের মাছ মহালে সোনালি টকিজ সিনেমা হলে ঈদ উপলক্ষে ‘বরবাদ’ সিনেমা চলছে। গতকাল সন্ধ্যা সাড়ে ৬টায় শুরু হওয়া শোতে বিভিন্ন এলাকা থেকে দর্শকেরা আসেন। ডিসি, বেলকনি ও প্রথম শ্রেণির টিকিট বিক্রি হয়েছিল। কিন্তু সিনেমার মাঝপথে সাউন্ড সিস্টেমে যান্ত্রিক ত্রুটির কারণে সিনেমা প্রদর্শন থেমে যায়। বেশ কিছু সময় নিয়ে যান্ত্রিক ত্রুটি ঠিক করতে না পারায় দর্শকেরা হলের ভেতরে রাত সাড়ে ৮টা থেকে ভাঙচুর শুরু করেন। আধা ঘণ্টা ধরে চলে এই অবস্থা। এই সময় দর্শকেরা সিনেমা হলে বসার বেঞ্চ, চেয়ার ও টিকিট বিক্রির কক্ষে ভাঙচুর চালান। পোস্টার ছিঁড়ে হলের নিচতলায় অগ্নিসংযোগ করেন। এ সময় দর্শকদের ধাওয়া দেন স্থানীয় একদল যুবক। তখন তাঁরা এলাকা ছেড়ে যান। রাত সাড়ে ৯টার দিকে পুলিশ ঘটনাস্থলে যায়।",-1,-1,-1,-1,1,0,0,0,0,1
মানুষ এত টা উগ্র কিভাবে হলো ইদানীং,banglatoco,"ময়মনসিংহে প্রচারে বিঘ্ন ঘটায় সিনেমা হলে দর্শকদের ভাঙচুর ঈশ্বরগঞ্জ পৌর বাজারের মাছ মহালে সোনালি টকিজ সিনেমা হলে ঈদ উপলক্ষে ‘বরবাদ’ সিনেমা চলছে। গতকাল সন্ধ্যা সাড়ে ৬টায় শুরু হওয়া শোতে বিভিন্ন এলাকা থেকে দর্শকেরা আসেন। ডিসি, বেলকনি ও প্রথম শ্রেণির টিকিট বিক্রি হয়েছিল। কিন্তু সিনেমার মাঝপথে সাউন্ড সিস্টেমে যান্ত্রিক ত্রুটির কারণে সিনেমা প্রদর্শন থেমে যায়। বেশ কিছু সময় নিয়ে যান্ত্রিক ত্রুটি ঠিক করতে না পারায় দর্শকেরা হলের ভেতরে রাত সাড়ে ৮টা থেকে ভাঙচুর শুরু করেন। আধা ঘণ্টা ধরে চলে এই অবস্থা। এই সময় দর্শকেরা সিনেমা হলে বসার বেঞ্চ, চেয়ার ও টিকিট বিক্রির কক্ষে ভাঙচুর চালান। পোস্টার ছিঁড়ে হলের নিচতলায় অগ্নিসংযোগ করেন। এ সময় দর্শকদের ধাওয়া দেন স্থানীয় একদল যুবক। তখন তাঁরা এলাকা ছেড়ে যান। রাত সাড়ে ৯টার দিকে পুলিশ ঘটনাস্থলে যায়।",-1,-1,-1,-1,0,0,0,0,0,1
"আমাদের মুক্তাগাছা, রুমা ছিনেমাহল এর সেম অবস্থা।",banglatoco,"ময়মনসিংহে প্রচারে বিঘ্ন ঘটায় সিনেমা হলে দর্শকদের ভাঙচুর ঈশ্বরগঞ্জ পৌর বাজারের মাছ মহালে সোনালি টকিজ সিনেমা হলে ঈদ উপলক্ষে ‘বরবাদ’ সিনেমা চলছে। গতকাল সন্ধ্যা সাড়ে ৬টায় শুরু হওয়া শোতে বিভিন্ন এলাকা থেকে দর্শকেরা আসেন। ডিসি, বেলকনি ও প্রথম শ্রেণির টিকিট বিক্রি হয়েছিল। কিন্তু সিনেমার মাঝপথে সাউন্ড সিস্টেমে যান্ত্রিক ত্রুটির কারণে সিনেমা প্রদর্শন থেমে যায়। বেশ কিছু সময় নিয়ে যান্ত্রিক ত্রুটি ঠিক করতে না পারায় দর্শকেরা হলের ভেতরে রাত সাড়ে ৮টা থেকে ভাঙচুর শুরু করেন। আধা ঘণ্টা ধরে চলে এই অবস্থা। এই সময় দর্শকেরা সিনেমা হলে বসার বেঞ্চ, চেয়ার ও টিকিট বিক্রির কক্ষে ভাঙচুর চালান। পোস্টার ছিঁড়ে হলের নিচতলায় অগ্নিসংযোগ করেন। এ সময় দর্শকদের ধাওয়া দেন স্থানীয় একদল যুবক। তখন তাঁরা এলাকা ছেড়ে যান। রাত সাড়ে ৯টার দিকে পুলিশ ঘটনাস্থলে যায়।",-1,-1,-1,-1,0,0,0,0,0,1
তাই বলে সিনেমা হলকেই বরবাদ করে দিলো,banglatoco,"ময়মনসিংহে প্রচারে বিঘ্ন ঘটায় সিনেমা হলে দর্শকদের ভাঙচুর ঈশ্বরগঞ্জ পৌর বাজারের মাছ মহালে সোনালি টকিজ সিনেমা হলে ঈদ উপলক্ষে ‘বরবাদ’ সিনেমা চলছে। গতকাল সন্ধ্যা সাড়ে ৬টায় শুরু হওয়া শোতে বিভিন্ন এলাকা থেকে দর্শকেরা আসেন। ডিসি, বেলকনি ও প্রথম শ্রেণির টিকিট বিক্রি হয়েছিল। কিন্তু সিনেমার মাঝপথে সাউন্ড সিস্টেমে যান্ত্রিক ত্রুটির কারণে সিনেমা প্রদর্শন থেমে যায়। বেশ কিছু সময় নিয়ে যান্ত্রিক ত্রুটি ঠিক করতে না পারায় দর্শকেরা হলের ভেতরে রাত সাড়ে ৮টা থেকে ভাঙচুর শুরু করেন। আধা ঘণ্টা ধরে চলে এই অবস্থা। এই সময় দর্শকেরা সিনেমা হলে বসার বেঞ্চ, চেয়ার ও টিকিট বিক্রির কক্ষে ভাঙচুর চালান। পোস্টার ছিঁড়ে হলের নিচতলায় অগ্নিসংযোগ করেন। এ সময় দর্শকদের ধাওয়া দেন স্থানীয় একদল যুবক। তখন তাঁরা এলাকা ছেড়ে যান। রাত সাড়ে ৯টার দিকে পুলিশ ঘটনাস্থলে যায়।",-1,-1,-1,-1,0,0,0,0,0,1
এ জাতির ধ্বংস অনিবার্য।,banglatoco,"ময়মনসিংহে প্রচারে বিঘ্ন ঘটায় সিনেমা হলে দর্শকদের ভাঙচুর ঈশ্বরগঞ্জ পৌর বাজারের মাছ মহালে সোনালি টকিজ সিনেমা হলে ঈদ উপলক্ষে ‘বরবাদ’ সিনেমা চলছে। গতকাল সন্ধ্যা সাড়ে ৬টায় শুরু হওয়া শোতে বিভিন্ন এলাকা থেকে দর্শকেরা আসেন। ডিসি, বেলকনি ও প্রথম শ্রেণির টিকিট বিক্রি হয়েছিল। কিন্তু সিনেমার মাঝপথে সাউন্ড সিস্টেমে যান্ত্রিক ত্রুটির কারণে সিনেমা প্রদর্শন থেমে যায়। বেশ কিছু সময় নিয়ে যান্ত্রিক ত্রুটি ঠিক করতে না পারায় দর্শকেরা হলের ভেতরে রাত সাড়ে ৮টা থেকে ভাঙচুর শুরু করেন। আধা ঘণ্টা ধরে চলে এই অবস্থা। এই সময় দর্শকেরা সিনেমা হলে বসার বেঞ্চ, চেয়ার ও টিকিট বিক্রির কক্ষে ভাঙচুর চালান। পোস্টার ছিঁড়ে হলের নিচতলায় অগ্নিসংযোগ করেন। এ সময় দর্শকদের ধাওয়া দেন স্থানীয় একদল যুবক। তখন তাঁরা এলাকা ছেড়ে যান। রাত সাড়ে ৯টার দিকে পুলিশ ঘটনাস্থলে যায়।",-1,-1,-1,-1,1,0,0,0,0,1
তৌহিদী জনতার কাজ কি আরেক নামে চালিয়ে দিলো কিনা,banglatoco,"ময়মনসিংহে প্রচারে বিঘ্ন ঘটায় সিনেমা হলে দর্শকদের ভাঙচুর ঈশ্বরগঞ্জ পৌর বাজারের মাছ মহালে সোনালি টকিজ সিনেমা হলে ঈদ উপলক্ষে ‘বরবাদ’ সিনেমা চলছে। গতকাল সন্ধ্যা সাড়ে ৬টায় শুরু হওয়া শোতে বিভিন্ন এলাকা থেকে দর্শকেরা আসেন। ডিসি, বেলকনি ও প্রথম শ্রেণির টিকিট বিক্রি হয়েছিল। কিন্তু সিনেমার মাঝপথে সাউন্ড সিস্টেমে যান্ত্রিক ত্রুটির কারণে সিনেমা প্রদর্শন থেমে যায়। বেশ কিছু সময় নিয়ে যান্ত্রিক ত্রুটি ঠিক করতে না পারায় দর্শকেরা হলের ভেতরে রাত সাড়ে ৮টা থেকে ভাঙচুর শুরু করেন। আধা ঘণ্টা ধরে চলে এই অবস্থা। এই সময় দর্শকেরা সিনেমা হলে বসার বেঞ্চ, চেয়ার ও টিকিট বিক্রির কক্ষে ভাঙচুর চালান। পোস্টার ছিঁড়ে হলের নিচতলায় অগ্নিসংযোগ করেন। এ সময় দর্শকদের ধাওয়া দেন স্থানীয় একদল যুবক। তখন তাঁরা এলাকা ছেড়ে যান। রাত সাড়ে ৯টার দিকে পুলিশ ঘটনাস্থলে যায়।",-1,-1,-1,-1,1,0,0,0,0,1
"মানুষ পারেও। ছবি দেখতে গেছে, দেখতে না পেরে ভাংচুর। মানুষের আরো ধর্যশীল হতে হবে।",banglatoco,"ময়মনসিংহে প্রচারে বিঘ্ন ঘটায় সিনেমা হলে দর্শকদের ভাঙচুর ঈশ্বরগঞ্জ পৌর বাজারের মাছ মহালে সোনালি টকিজ সিনেমা হলে ঈদ উপলক্ষে ‘বরবাদ’ সিনেমা চলছে। গতকাল সন্ধ্যা সাড়ে ৬টায় শুরু হওয়া শোতে বিভিন্ন এলাকা থেকে দর্শকেরা আসেন। ডিসি, বেলকনি ও প্রথম শ্রেণির টিকিট বিক্রি হয়েছিল। কিন্তু সিনেমার মাঝপথে সাউন্ড সিস্টেমে যান্ত্রিক ত্রুটির কারণে সিনেমা প্রদর্শন থেমে যায়। বেশ কিছু সময় নিয়ে যান্ত্রিক ত্রুটি ঠিক করতে না পারায় দর্শকেরা হলের ভেতরে রাত সাড়ে ৮টা থেকে ভাঙচুর শুরু করেন। আধা ঘণ্টা ধরে চলে এই অবস্থা। এই সময় দর্শকেরা সিনেমা হলে বসার বেঞ্চ, চেয়ার ও টিকিট বিক্রির কক্ষে ভাঙচুর চালান। পোস্টার ছিঁড়ে হলের নিচতলায় অগ্নিসংযোগ করেন। এ সময় দর্শকদের ধাওয়া দেন স্থানীয় একদল যুবক। তখন তাঁরা এলাকা ছেড়ে যান। রাত সাড়ে ৯টার দিকে পুলিশ ঘটনাস্থলে যায়।",-1,-1,-1,-1,0,0,0,0,0,1
তৌহিদী দর্শক,banglatoco,"ময়মনসিংহে প্রচারে বিঘ্ন ঘটায় সিনেমা হলে দর্শকদের ভাঙচুর ঈশ্বরগঞ্জ পৌর বাজারের মাছ মহালে সোনালি টকিজ সিনেমা হলে ঈদ উপলক্ষে ‘বরবাদ’ সিনেমা চলছে। গতকাল সন্ধ্যা সাড়ে ৬টায় শুরু হওয়া শোতে বিভিন্ন এলাকা থেকে দর্শকেরা আসেন। ডিসি, বেলকনি ও প্রথম শ্রেণির টিকিট বিক্রি হয়েছিল। কিন্তু সিনেমার মাঝপথে সাউন্ড সিস্টেমে যান্ত্রিক ত্রুটির কারণে সিনেমা প্রদর্শন থেমে যায়। বেশ কিছু সময় নিয়ে যান্ত্রিক ত্রুটি ঠিক করতে না পারায় দর্শকেরা হলের ভেতরে রাত সাড়ে ৮টা থেকে ভাঙচুর শুরু করেন। আধা ঘণ্টা ধরে চলে এই অবস্থা। এই সময় দর্শকেরা সিনেমা হলে বসার বেঞ্চ, চেয়ার ও টিকিট বিক্রির কক্ষে ভাঙচুর চালান। পোস্টার ছিঁড়ে হলের নিচতলায় অগ্নিসংযোগ করেন। এ সময় দর্শকদের ধাওয়া দেন স্থানীয় একদল যুবক। তখন তাঁরা এলাকা ছেড়ে যান। রাত সাড়ে ৯টার দিকে পুলিশ ঘটনাস্থলে যায়।",-1,-1,-1,-1,1,0,0,0,0,1
এটা সাকিবের টো**কাই ভক্তরা ছাড়া কেউ করে নাই,banglatoco,"ময়মনসিংহে প্রচারে বিঘ্ন ঘটায় সিনেমা হলে দর্শকদের ভাঙচুর ঈশ্বরগঞ্জ পৌর বাজারের মাছ মহালে সোনালি টকিজ সিনেমা হলে ঈদ উপলক্ষে ‘বরবাদ’ সিনেমা চলছে। গতকাল সন্ধ্যা সাড়ে ৬টায় শুরু হওয়া শোতে বিভিন্ন এলাকা থেকে দর্শকেরা আসেন। ডিসি, বেলকনি ও প্রথম শ্রেণির টিকিট বিক্রি হয়েছিল। কিন্তু সিনেমার মাঝপথে সাউন্ড সিস্টেমে যান্ত্রিক ত্রুটির কারণে সিনেমা প্রদর্শন থেমে যায়। বেশ কিছু সময় নিয়ে যান্ত্রিক ত্রুটি ঠিক করতে না পারায় দর্শকেরা হলের ভেতরে রাত সাড়ে ৮টা থেকে ভাঙচুর শুরু করেন। আধা ঘণ্টা ধরে চলে এই অবস্থা। এই সময় দর্শকেরা সিনেমা হলে বসার বেঞ্চ, চেয়ার ও টিকিট বিক্রির কক্ষে ভাঙচুর চালান। পোস্টার ছিঁড়ে হলের নিচতলায় অগ্নিসংযোগ করেন। এ সময় দর্শকদের ধাওয়া দেন স্থানীয় একদল যুবক। তখন তাঁরা এলাকা ছেড়ে যান। রাত সাড়ে ৯টার দিকে পুলিশ ঘটনাস্থলে যায়। তুই কি",-1,-1,-1,-1,1,0,0,0,0,1
"এদের ভাংচুর, লুটপাট, করে অভ্যেস হয়ে গেছে অসভ্যের দল,টেকনিক্যাল সমস্যা হতেই পারে তাই জন্য ভাংচুর করতে হবে সিনেমা হলটা তোদের বাবার?",banglatoco,"ময়মনসিংহে প্রচারে বিঘ্ন ঘটায় সিনেমা হলে দর্শকদের ভাঙচুর ঈশ্বরগঞ্জ পৌর বাজারের মাছ মহালে সোনালি টকিজ সিনেমা হলে ঈদ উপলক্ষে ‘বরবাদ’ সিনেমা চলছে। গতকাল সন্ধ্যা সাড়ে ৬টায় শুরু হওয়া শোতে বিভিন্ন এলাকা থেকে দর্শকেরা আসেন। ডিসি, বেলকনি ও প্রথম শ্রেণির টিকিট বিক্রি হয়েছিল। কিন্তু সিনেমার মাঝপথে সাউন্ড সিস্টেমে যান্ত্রিক ত্রুটির কারণে সিনেমা প্রদর্শন থেমে যায়। বেশ কিছু সময় নিয়ে যান্ত্রিক ত্রুটি ঠিক করতে না পারায় দর্শকেরা হলের ভেতরে রাত সাড়ে ৮টা থেকে ভাঙচুর শুরু করেন। আধা ঘণ্টা ধরে চলে এই অবস্থা। এই সময় দর্শকেরা সিনেমা হলে বসার বেঞ্চ, চেয়ার ও টিকিট বিক্রির কক্ষে ভাঙচুর চালান। পোস্টার ছিঁড়ে হলের নিচতলায় অগ্নিসংযোগ করেন। এ সময় দর্শকদের ধাওয়া দেন স্থানীয় একদল যুবক। তখন তাঁরা এলাকা ছেড়ে যান। রাত সাড়ে ৯টার দিকে পুলিশ ঘটনাস্থলে যায়।",-1,-1,-1,-1,1,0,0,0,0,1
আমি থাকলে পর্দায় আঘাত দিতাম🤪,banglatoco,"ময়মনসিংহে প্রচারে বিঘ্ন ঘটায় সিনেমা হলে দর্শকদের ভাঙচুর ঈশ্বরগঞ্জ পৌর বাজারের মাছ মহালে সোনালি টকিজ সিনেমা হলে ঈদ উপলক্ষে ‘বরবাদ’ সিনেমা চলছে। গতকাল সন্ধ্যা সাড়ে ৬টায় শুরু হওয়া শোতে বিভিন্ন এলাকা থেকে দর্শকেরা আসেন। ডিসি, বেলকনি ও প্রথম শ্রেণির টিকিট বিক্রি হয়েছিল। কিন্তু সিনেমার মাঝপথে সাউন্ড সিস্টেমে যান্ত্রিক ত্রুটির কারণে সিনেমা প্রদর্শন থেমে যায়। বেশ কিছু সময় নিয়ে যান্ত্রিক ত্রুটি ঠিক করতে না পারায় দর্শকেরা হলের ভেতরে রাত সাড়ে ৮টা থেকে ভাঙচুর শুরু করেন। আধা ঘণ্টা ধরে চলে এই অবস্থা। এই সময় দর্শকেরা সিনেমা হলে বসার বেঞ্চ, চেয়ার ও টিকিট বিক্রির কক্ষে ভাঙচুর চালান। পোস্টার ছিঁড়ে হলের নিচতলায় অগ্নিসংযোগ করেন। এ সময় দর্শকদের ধাওয়া দেন স্থানীয় একদল যুবক। তখন তাঁরা এলাকা ছেড়ে যান। রাত সাড়ে ৯টার দিকে পুলিশ ঘটনাস্থলে যায়।",-1,-1,-1,-1,1,0,0,0,0,1
"ঈশ্বরগঞ্জ বাজারের সিনেমা হলে ঈদ উপলক্ষে ‘বরবাদ’ সিনেমা চলছে, ক্ষুব্দ জনতা সিনেমা হলকেই 'বরবাদ' করে দিলো🤣।",banglatoco,"ময়মনসিংহে প্রচারে বিঘ্ন ঘটায় সিনেমা হলে দর্শকদের ভাঙচুর ঈশ্বরগঞ্জ পৌর বাজারের মাছ মহালে সোনালি টকিজ সিনেমা হলে ঈদ উপলক্ষে ‘বরবাদ’ সিনেমা চলছে। গতকাল সন্ধ্যা সাড়ে ৬টায় শুরু হওয়া শোতে বিভিন্ন এলাকা থেকে দর্শকেরা আসেন। ডিসি, বেলকনি ও প্রথম শ্রেণির টিকিট বিক্রি হয়েছিল। কিন্তু সিনেমার মাঝপথে সাউন্ড সিস্টেমে যান্ত্রিক ত্রুটির কারণে সিনেমা প্রদর্শন থেমে যায়। বেশ কিছু সময় নিয়ে যান্ত্রিক ত্রুটি ঠিক করতে না পারায় দর্শকেরা হলের ভেতরে রাত সাড়ে ৮টা থেকে ভাঙচুর শুরু করেন। আধা ঘণ্টা ধরে চলে এই অবস্থা। এই সময় দর্শকেরা সিনেমা হলে বসার বেঞ্চ, চেয়ার ও টিকিট বিক্রির কক্ষে ভাঙচুর চালান। পোস্টার ছিঁড়ে হলের নিচতলায় অগ্নিসংযোগ করেন। এ সময় দর্শকদের ধাওয়া দেন স্থানীয় একদল যুবক। তখন তাঁরা এলাকা ছেড়ে যান। রাত সাড়ে ৯টার দিকে পুলিশ ঘটনাস্থলে যায়।",-1,-1,-1,-1,0,0,0,0,0,1
"ঠিকই আছে, টাকা দিয়ে দোজখের টিকেট করে কেনো উপভোগ করতে পারবে না।",banglatoco,"ময়মনসিংহে প্রচারে বিঘ্ন ঘটায় সিনেমা হলে দর্শকদের ভাঙচুর ঈশ্বরগঞ্জ পৌর বাজারের মাছ মহালে সোনালি টকিজ সিনেমা হলে ঈদ উপলক্ষে ‘বরবাদ’ সিনেমা চলছে। গতকাল সন্ধ্যা সাড়ে ৬টায় শুরু হওয়া শোতে বিভিন্ন এলাকা থেকে দর্শকেরা আসেন। ডিসি, বেলকনি ও প্রথম শ্রেণির টিকিট বিক্রি হয়েছিল। কিন্তু সিনেমার মাঝপথে সাউন্ড সিস্টেমে যান্ত্রিক ত্রুটির কারণে সিনেমা প্রদর্শন থেমে যায়। বেশ কিছু সময় নিয়ে যান্ত্রিক ত্রুটি ঠিক করতে না পারায় দর্শকেরা হলের ভেতরে রাত সাড়ে ৮টা থেকে ভাঙচুর শুরু করেন। আধা ঘণ্টা ধরে চলে এই অবস্থা। এই সময় দর্শকেরা সিনেমা হলে বসার বেঞ্চ, চেয়ার ও টিকিট বিক্রির কক্ষে ভাঙচুর চালান। পোস্টার ছিঁড়ে হলের নিচতলায় অগ্নিসংযোগ করেন। এ সময় দর্শকদের ধাওয়া দেন স্থানীয় একদল যুবক। তখন তাঁরা এলাকা ছেড়ে যান। রাত সাড়ে ৯টার দিকে পুলিশ ঘটনাস্থলে যায়।",-1,-1,-1,-1,1,0,0,0,0,1
সিনেমা হলকেই 'বরবাদ' করে দিলো🤣। এগুলা আফরান নিশো ভক্তদের কাজ🤣। সবই ষড়যন্ত্র।,banglatoco,"ময়মনসিংহে প্রচারে বিঘ্ন ঘটায় সিনেমা হলে দর্শকদের ভাঙচুর ঈশ্বরগঞ্জ পৌর বাজারের মাছ মহালে সোনালি টকিজ সিনেমা হলে ঈদ উপলক্ষে ‘বরবাদ’ সিনেমা চলছে। গতকাল সন্ধ্যা সাড়ে ৬টায় শুরু হওয়া শোতে বিভিন্ন এলাকা থেকে দর্শকেরা আসেন। ডিসি, বেলকনি ও প্রথম শ্রেণির টিকিট বিক্রি হয়েছিল। কিন্তু সিনেমার মাঝপথে সাউন্ড সিস্টেমে যান্ত্রিক ত্রুটির কারণে সিনেমা প্রদর্শন থেমে যায়। বেশ কিছু সময় নিয়ে যান্ত্রিক ত্রুটি ঠিক করতে না পারায় দর্শকেরা হলের ভেতরে রাত সাড়ে ৮টা থেকে ভাঙচুর শুরু করেন। আধা ঘণ্টা ধরে চলে এই অবস্থা। এই সময় দর্শকেরা সিনেমা হলে বসার বেঞ্চ, চেয়ার ও টিকিট বিক্রির কক্ষে ভাঙচুর চালান। পোস্টার ছিঁড়ে হলের নিচতলায় অগ্নিসংযোগ করেন। এ সময় দর্শকদের ধাওয়া দেন স্থানীয় একদল যুবক। তখন তাঁরা এলাকা ছেড়ে যান। রাত সাড়ে ৯টার দিকে পুলিশ ঘটনাস্থলে যায়।",-1,-1,-1,-1,1,0,0,0,0,1
ইদানিং লোকজন একটু বেশি অস্থির,banglatoco,"ময়মনসিংহে প্রচারে বিঘ্ন ঘটায় সিনেমা হলে দর্শকদের ভাঙচুর ঈশ্বরগঞ্জ পৌর বাজারের মাছ মহালে সোনালি টকিজ সিনেমা হলে ঈদ উপলক্ষে ‘বরবাদ’ সিনেমা চলছে। গতকাল সন্ধ্যা সাড়ে ৬টায় শুরু হওয়া শোতে বিভিন্ন এলাকা থেকে দর্শকেরা আসেন। ডিসি, বেলকনি ও প্রথম শ্রেণির টিকিট বিক্রি হয়েছিল। কিন্তু সিনেমার মাঝপথে সাউন্ড সিস্টেমে যান্ত্রিক ত্রুটির কারণে সিনেমা প্রদর্শন থেমে যায়। বেশ কিছু সময় নিয়ে যান্ত্রিক ত্রুটি ঠিক করতে না পারায় দর্শকেরা হলের ভেতরে রাত সাড়ে ৮টা থেকে ভাঙচুর শুরু করেন। আধা ঘণ্টা ধরে চলে এই অবস্থা। এই সময় দর্শকেরা সিনেমা হলে বসার বেঞ্চ, চেয়ার ও টিকিট বিক্রির কক্ষে ভাঙচুর চালান। পোস্টার ছিঁড়ে হলের নিচতলায় অগ্নিসংযোগ করেন। এ সময় দর্শকদের ধাওয়া দেন স্থানীয় একদল যুবক। তখন তাঁরা এলাকা ছেড়ে যান। রাত সাড়ে ৯টার দিকে পুলিশ ঘটনাস্থলে যায়।",-1,-1,-1,-1,0,0,0,0,0,1
কি পরিমাণ লাল স্বাধীনতা,banglatoco,"ময়মনসিংহে প্রচারে বিঘ্ন ঘটায় সিনেমা হলে দর্শকদের ভাঙচুর ঈশ্বরগঞ্জ পৌর বাজারের মাছ মহালে সোনালি টকিজ সিনেমা হলে ঈদ উপলক্ষে ‘বরবাদ’ সিনেমা চলছে। গতকাল সন্ধ্যা সাড়ে ৬টায় শুরু হওয়া শোতে বিভিন্ন এলাকা থেকে দর্শকেরা আসেন। ডিসি, বেলকনি ও প্রথম শ্রেণির টিকিট বিক্রি হয়েছিল। কিন্তু সিনেমার মাঝপথে সাউন্ড সিস্টেমে যান্ত্রিক ত্রুটির কারণে সিনেমা প্রদর্শন থেমে যায়। বেশ কিছু সময় নিয়ে যান্ত্রিক ত্রুটি ঠিক করতে না পারায় দর্শকেরা হলের ভেতরে রাত সাড়ে ৮টা থেকে ভাঙচুর শুরু করেন। আধা ঘণ্টা ধরে চলে এই অবস্থা। এই সময় দর্শকেরা সিনেমা হলে বসার বেঞ্চ, চেয়ার ও টিকিট বিক্রির কক্ষে ভাঙচুর চালান। পোস্টার ছিঁড়ে হলের নিচতলায় অগ্নিসংযোগ করেন। এ সময় দর্শকদের ধাওয়া দেন স্থানীয় একদল যুবক। তখন তাঁরা এলাকা ছেড়ে যান। রাত সাড়ে ৯টার দিকে পুলিশ ঘটনাস্থলে যায়।",-1,-1,-1,-1,1,0,0,0,0,1
"কিছুর থেকে কিছু হইলেই, মারামারি,ভাংচুর, কোপাকুপি, খুন। কি অবস্থা দেশের!!!!",banglatoco,"ময়মনসিংহে প্রচারে বিঘ্ন ঘটায় সিনেমা হলে দর্শকদের ভাঙচুর ঈশ্বরগঞ্জ পৌর বাজারের মাছ মহালে সোনালি টকিজ সিনেমা হলে ঈদ উপলক্ষে ‘বরবাদ’ সিনেমা চলছে। গতকাল সন্ধ্যা সাড়ে ৬টায় শুরু হওয়া শোতে বিভিন্ন এলাকা থেকে দর্শকেরা আসেন। ডিসি, বেলকনি ও প্রথম শ্রেণির টিকিট বিক্রি হয়েছিল। কিন্তু সিনেমার মাঝপথে সাউন্ড সিস্টেমে যান্ত্রিক ত্রুটির কারণে সিনেমা প্রদর্শন থেমে যায়। বেশ কিছু সময় নিয়ে যান্ত্রিক ত্রুটি ঠিক করতে না পারায় দর্শকেরা হলের ভেতরে রাত সাড়ে ৮টা থেকে ভাঙচুর শুরু করেন। আধা ঘণ্টা ধরে চলে এই অবস্থা। এই সময় দর্শকেরা সিনেমা হলে বসার বেঞ্চ, চেয়ার ও টিকিট বিক্রির কক্ষে ভাঙচুর চালান। পোস্টার ছিঁড়ে হলের নিচতলায় অগ্নিসংযোগ করেন। এ সময় দর্শকদের ধাওয়া দেন স্থানীয় একদল যুবক। তখন তাঁরা এলাকা ছেড়ে যান। রাত সাড়ে ৯টার দিকে পুলিশ ঘটনাস্থলে যায়।",-1,-1,-1,-1,0,0,0,0,0,1
লাল স্বাধীনতা উপভোগ করছি,banglatoco,"ময়মনসিংহে প্রচারে বিঘ্ন ঘটায় সিনেমা হলে দর্শকদের ভাঙচুর ঈশ্বরগঞ্জ পৌর বাজারের মাছ মহালে সোনালি টকিজ সিনেমা হলে ঈদ উপলক্ষে ‘বরবাদ’ সিনেমা চলছে। গতকাল সন্ধ্যা সাড়ে ৬টায় শুরু হওয়া শোতে বিভিন্ন এলাকা থেকে দর্শকেরা আসেন। ডিসি, বেলকনি ও প্রথম শ্রেণির টিকিট বিক্রি হয়েছিল। কিন্তু সিনেমার মাঝপথে সাউন্ড সিস্টেমে যান্ত্রিক ত্রুটির কারণে সিনেমা প্রদর্শন থেমে যায়। বেশ কিছু সময় নিয়ে যান্ত্রিক ত্রুটি ঠিক করতে না পারায় দর্শকেরা হলের ভেতরে রাত সাড়ে ৮টা থেকে ভাঙচুর শুরু করেন। আধা ঘণ্টা ধরে চলে এই অবস্থা। এই সময় দর্শকেরা সিনেমা হলে বসার বেঞ্চ, চেয়ার ও টিকিট বিক্রির কক্ষে ভাঙচুর চালান। পোস্টার ছিঁড়ে হলের নিচতলায় অগ্নিসংযোগ করেন। এ সময় দর্শকদের ধাওয়া দেন স্থানীয় একদল যুবক। তখন তাঁরা এলাকা ছেড়ে যান। রাত সাড়ে ৯টার দিকে পুলিশ ঘটনাস্থলে যায়।",-1,-1,-1,-1,1,0,0,0,0,1
এ গুলা সব ধর্ম ব্যবসায়ীদের চক্রান্ত,banglatoco,"ময়মনসিংহে প্রচারে বিঘ্ন ঘটায় সিনেমা হলে দর্শকদের ভাঙচুর ঈশ্বরগঞ্জ পৌর বাজারের মাছ মহালে সোনালি টকিজ সিনেমা হলে ঈদ উপলক্ষে ‘বরবাদ’ সিনেমা চলছে। গতকাল সন্ধ্যা সাড়ে ৬টায় শুরু হওয়া শোতে বিভিন্ন এলাকা থেকে দর্শকেরা আসেন। ডিসি, বেলকনি ও প্রথম শ্রেণির টিকিট বিক্রি হয়েছিল। কিন্তু সিনেমার মাঝপথে সাউন্ড সিস্টেমে যান্ত্রিক ত্রুটির কারণে সিনেমা প্রদর্শন থেমে যায়। বেশ কিছু সময় নিয়ে যান্ত্রিক ত্রুটি ঠিক করতে না পারায় দর্শকেরা হলের ভেতরে রাত সাড়ে ৮টা থেকে ভাঙচুর শুরু করেন। আধা ঘণ্টা ধরে চলে এই অবস্থা। এই সময় দর্শকেরা সিনেমা হলে বসার বেঞ্চ, চেয়ার ও টিকিট বিক্রির কক্ষে ভাঙচুর চালান। পোস্টার ছিঁড়ে হলের নিচতলায় অগ্নিসংযোগ করেন। এ সময় দর্শকদের ধাওয়া দেন স্থানীয় একদল যুবক। তখন তাঁরা এলাকা ছেড়ে যান। রাত সাড়ে ৯টার দিকে পুলিশ ঘটনাস্থলে যায়।",-1,-1,-1,-1,1,0,0,0,0,1
সাবাস দেশি ভাইয়েরা।ঐই না হলে বাঙালি,banglatoco,"ময়মনসিংহে প্রচারে বিঘ্ন ঘটায় সিনেমা হলে দর্শকদের ভাঙচুর ঈশ্বরগঞ্জ পৌর বাজারের মাছ মহালে সোনালি টকিজ সিনেমা হলে ঈদ উপলক্ষে ‘বরবাদ’ সিনেমা চলছে। গতকাল সন্ধ্যা সাড়ে ৬টায় শুরু হওয়া শোতে বিভিন্ন এলাকা থেকে দর্শকেরা আসেন। ডিসি, বেলকনি ও প্রথম শ্রেণির টিকিট বিক্রি হয়েছিল। কিন্তু সিনেমার মাঝপথে সাউন্ড সিস্টেমে যান্ত্রিক ত্রুটির কারণে সিনেমা প্রদর্শন থেমে যায়। বেশ কিছু সময় নিয়ে যান্ত্রিক ত্রুটি ঠিক করতে না পারায় দর্শকেরা হলের ভেতরে রাত সাড়ে ৮টা থেকে ভাঙচুর শুরু করেন। আধা ঘণ্টা ধরে চলে এই অবস্থা। এই সময় দর্শকেরা সিনেমা হলে বসার বেঞ্চ, চেয়ার ও টিকিট বিক্রির কক্ষে ভাঙচুর চালান। পোস্টার ছিঁড়ে হলের নিচতলায় অগ্নিসংযোগ করেন। এ সময় দর্শকদের ধাওয়া দেন স্থানীয় একদল যুবক। তখন তাঁরা এলাকা ছেড়ে যান। রাত সাড়ে ৯টার দিকে পুলিশ ঘটনাস্থলে যায়।",-1,-1,-1,-1,1,0,0,0,0,1
বাংলাদেশে হলে এমন ভূমিকম্প ১ লক্ষ লোক মারা যেত কমপক্ষে,banglatoco,"মিয়ানমারে ভূমিকম্প: বাতাসে লাশের গন্ধ ভেসে আসছে বাতাসের প্রতিটি ঝাপটায় ভেসে আসছে লাশের গন্ধ, মিয়ানমারের সাগাইংয়ের বাসিন্দা থার এনগি সেখানকার বর্তমান পরিস্থিতি বর্ণনা করতে গিয়ে এ কথা বলেন।গতকাল রোববার এনগি বলেন, ‘এখন জীবিতদের চেয়ে মৃতদেহ বেশি পাওয়া যাচ্ছে।গত শুক্রবার ৭ দশমিক ৭ মাত্রার শক্তিশালী ভূমিকম্পে কেঁপে উঠেছিল মিয়ানমার। ভূমিকম্পের কেন্দ্র ছিল সাগাইং অঞ্চলে। স্বাভাবিকভাবেই সেখানে ক্ষয়ক্ষতি সবচেয়ে বেশি হয়েছে। কিন্তু ইরাবতী নদীর ওপর একটি সেতু ক্ষতিগ্রস্ত হওয়ায় উদ্ধারকর্মীরা সেখানে পৌঁছাতে পারছিলেন না।",-1,-1,-1,-1,1,0,0,0,0,1
আলহামদুলিল্লাহ। আল্লাহ ছাড় দেন কিন্তু ছেড়ে দেন না,banglatoco,"মিয়ানমারে ভূমিকম্প: বাতাসে লাশের গন্ধ ভেসে আসছে বাতাসের প্রতিটি ঝাপটায় ভেসে আসছে লাশের গন্ধ, মিয়ানমারের সাগাইংয়ের বাসিন্দা থার এনগি সেখানকার বর্তমান পরিস্থিতি বর্ণনা করতে গিয়ে এ কথা বলেন।গতকাল রোববার এনগি বলেন, ‘এখন জীবিতদের চেয়ে মৃতদেহ বেশি পাওয়া যাচ্ছে।গত শুক্রবার ৭ দশমিক ৭ মাত্রার শক্তিশালী ভূমিকম্পে কেঁপে উঠেছিল মিয়ানমার। ভূমিকম্পের কেন্দ্র ছিল সাগাইং অঞ্চলে। স্বাভাবিকভাবেই সেখানে ক্ষয়ক্ষতি সবচেয়ে বেশি হয়েছে। কিন্তু ইরাবতী নদীর ওপর একটি সেতু ক্ষতিগ্রস্ত হওয়ায় উদ্ধারকর্মীরা সেখানে পৌঁছাতে পারছিলেন না। ওখান তো ভাই বিভিন্ন মসজিদে মারা গেছে তাদের বেলায় কি বলবেন 🤔",-1,-1,-1,-1,1,0,0,0,0,1
আহ কত নিরঅপরাধ রুহিঙ্গাদের হত্যা করেছে তারা স সময় তাদের লাশের গন্ধও কম ছিল না,banglatoco,"মিয়ানমারে ভূমিকম্প: বাতাসে লাশের গন্ধ ভেসে আসছে বাতাসের প্রতিটি ঝাপটায় ভেসে আসছে লাশের গন্ধ, মিয়ানমারের সাগাইংয়ের বাসিন্দা থার এনগি সেখানকার বর্তমান পরিস্থিতি বর্ণনা করতে গিয়ে এ কথা বলেন।গতকাল রোববার এনগি বলেন, ‘এখন জীবিতদের চেয়ে মৃতদেহ বেশি পাওয়া যাচ্ছে।গত শুক্রবার ৭ দশমিক ৭ মাত্রার শক্তিশালী ভূমিকম্পে কেঁপে উঠেছিল মিয়ানমার। ভূমিকম্পের কেন্দ্র ছিল সাগাইং অঞ্চলে। স্বাভাবিকভাবেই সেখানে ক্ষয়ক্ষতি সবচেয়ে বেশি হয়েছে। কিন্তু ইরাবতী নদীর ওপর একটি সেতু ক্ষতিগ্রস্ত হওয়ায় উদ্ধারকর্মীরা সেখানে পৌঁছাতে পারছিলেন না। মিয়ানমারে ভূমিকম্পে মসজিদ ভেংগে পড়ে যে ৭০০ মুসল্লির প্রাণহানি হয়েছে, সেই খবর কি রাখেন?",-1,-1,-1,-1,1,0,0,0,0,1
আল্লাহর মাইর শেষ বেলায় শুরু হয়💯,banglatoco,"মিয়ানমারে ভূমিকম্প: বাতাসে লাশের গন্ধ ভেসে আসছে বাতাসের প্রতিটি ঝাপটায় ভেসে আসছে লাশের গন্ধ, মিয়ানমারের সাগাইংয়ের বাসিন্দা থার এনগি সেখানকার বর্তমান পরিস্থিতি বর্ণনা করতে গিয়ে এ কথা বলেন।গতকাল রোববার এনগি বলেন, ‘এখন জীবিতদের চেয়ে মৃতদেহ বেশি পাওয়া যাচ্ছে।গত শুক্রবার ৭ দশমিক ৭ মাত্রার শক্তিশালী ভূমিকম্পে কেঁপে উঠেছিল মিয়ানমার। ভূমিকম্পের কেন্দ্র ছিল সাগাইং অঞ্চলে। স্বাভাবিকভাবেই সেখানে ক্ষয়ক্ষতি সবচেয়ে বেশি হয়েছে। কিন্তু ইরাবতী নদীর ওপর একটি সেতু ক্ষতিগ্রস্ত হওয়ায় উদ্ধারকর্মীরা সেখানে পৌঁছাতে পারছিলেন না।",-1,-1,-1,-1,1,0,0,0,0,1
কোন সহানুভূতি নেই। আল্লাহর বিচার দুনিয়াতে হয়।,banglatoco,"মিয়ানমারে ভূমিকম্প: বাতাসে লাশের গন্ধ ভেসে আসছে বাতাসের প্রতিটি ঝাপটায় ভেসে আসছে লাশের গন্ধ, মিয়ানমারের সাগাইংয়ের বাসিন্দা থার এনগি সেখানকার বর্তমান পরিস্থিতি বর্ণনা করতে গিয়ে এ কথা বলেন।গতকাল রোববার এনগি বলেন, ‘এখন জীবিতদের চেয়ে মৃতদেহ বেশি পাওয়া যাচ্ছে।গত শুক্রবার ৭ দশমিক ৭ মাত্রার শক্তিশালী ভূমিকম্পে কেঁপে উঠেছিল মিয়ানমার। ভূমিকম্পের কেন্দ্র ছিল সাগাইং অঞ্চলে। স্বাভাবিকভাবেই সেখানে ক্ষয়ক্ষতি সবচেয়ে বেশি হয়েছে। কিন্তু ইরাবতী নদীর ওপর একটি সেতু ক্ষতিগ্রস্ত হওয়ায় উদ্ধারকর্মীরা সেখানে পৌঁছাতে পারছিলেন না।",-1,-1,-1,-1,1,0,0,0,0,1
রোহিঙ্গা মুসলিমদের উপর অ*ত্যাচার মনে আছে তো!,banglatoco,"মিয়ানমারে ভূমিকম্প: বাতাসে লাশের গন্ধ ভেসে আসছে বাতাসের প্রতিটি ঝাপটায় ভেসে আসছে লাশের গন্ধ, মিয়ানমারের সাগাইংয়ের বাসিন্দা থার এনগি সেখানকার বর্তমান পরিস্থিতি বর্ণনা করতে গিয়ে এ কথা বলেন।গতকাল রোববার এনগি বলেন, ‘এখন জীবিতদের চেয়ে মৃতদেহ বেশি পাওয়া যাচ্ছে।গত শুক্রবার ৭ দশমিক ৭ মাত্রার শক্তিশালী ভূমিকম্পে কেঁপে উঠেছিল মিয়ানমার। ভূমিকম্পের কেন্দ্র ছিল সাগাইং অঞ্চলে। স্বাভাবিকভাবেই সেখানে ক্ষয়ক্ষতি সবচেয়ে বেশি হয়েছে। কিন্তু ইরাবতী নদীর ওপর একটি সেতু ক্ষতিগ্রস্ত হওয়ায় উদ্ধারকর্মীরা সেখানে পৌঁছাতে পারছিলেন না। মিয়ানমারে ভূমিকম্পে মসজিদ ভেংগে পড়ে যে ৭০০ মুসল্লির প্রাণহানি হয়েছে, সেই খবর কি রাখেন?",-1,-1,-1,-1,1,0,0,0,0,1
"আমাদের মুসলিম রোহিঙ্গা ভাই-বোনদের মেরে, আগুনে পুড়িয়ে তাদের রাস্তার পিচগুলো কুচকুচে কালো বানায় ফেলসিলো -মনে আছে তো? 🙂",banglatoco,"মিয়ানমারে ভূমিকম্প: বাতাসে লাশের গন্ধ ভেসে আসছে বাতাসের প্রতিটি ঝাপটায় ভেসে আসছে লাশের গন্ধ, মিয়ানমারের সাগাইংয়ের বাসিন্দা থার এনগি সেখানকার বর্তমান পরিস্থিতি বর্ণনা করতে গিয়ে এ কথা বলেন।গতকাল রোববার এনগি বলেন, ‘এখন জীবিতদের চেয়ে মৃতদেহ বেশি পাওয়া যাচ্ছে।গত শুক্রবার ৭ দশমিক ৭ মাত্রার শক্তিশালী ভূমিকম্পে কেঁপে উঠেছিল মিয়ানমার। ভূমিকম্পের কেন্দ্র ছিল সাগাইং অঞ্চলে। স্বাভাবিকভাবেই সেখানে ক্ষয়ক্ষতি সবচেয়ে বেশি হয়েছে। কিন্তু ইরাবতী নদীর ওপর একটি সেতু ক্ষতিগ্রস্ত হওয়ায় উদ্ধারকর্মীরা সেখানে পৌঁছাতে পারছিলেন না।",-1,-1,-1,-1,1,0,0,0,0,1
মুসলিম দের কে নির্যাতন করার প্রতিফল,banglatoco,"মিয়ানমারে ভূমিকম্প: বাতাসে লাশের গন্ধ ভেসে আসছে বাতাসের প্রতিটি ঝাপটায় ভেসে আসছে লাশের গন্ধ, মিয়ানমারের সাগাইংয়ের বাসিন্দা থার এনগি সেখানকার বর্তমান পরিস্থিতি বর্ণনা করতে গিয়ে এ কথা বলেন।গতকাল রোববার এনগি বলেন, ‘এখন জীবিতদের চেয়ে মৃতদেহ বেশি পাওয়া যাচ্ছে।গত শুক্রবার ৭ দশমিক ৭ মাত্রার শক্তিশালী ভূমিকম্পে কেঁপে উঠেছিল মিয়ানমার। ভূমিকম্পের কেন্দ্র ছিল সাগাইং অঞ্চলে। স্বাভাবিকভাবেই সেখানে ক্ষয়ক্ষতি সবচেয়ে বেশি হয়েছে। কিন্তু ইরাবতী নদীর ওপর একটি সেতু ক্ষতিগ্রস্ত হওয়ায় উদ্ধারকর্মীরা সেখানে পৌঁছাতে পারছিলেন না। তোদের দেশে হলে কি বলবি",-1,-1,-1,-1,1,0,0,0,0,1
সমস্যা নেই বহু দুরের কথা নয় শতশত মেরে গণকবর দিয়েছে,banglatoco,"মিয়ানমারে ভূমিকম্প: বাতাসে লাশের গন্ধ ভেসে আসছে বাতাসের প্রতিটি ঝাপটায় ভেসে আসছে লাশের গন্ধ, মিয়ানমারের সাগাইংয়ের বাসিন্দা থার এনগি সেখানকার বর্তমান পরিস্থিতি বর্ণনা করতে গিয়ে এ কথা বলেন।গতকাল রোববার এনগি বলেন, ‘এখন জীবিতদের চেয়ে মৃতদেহ বেশি পাওয়া যাচ্ছে।গত শুক্রবার ৭ দশমিক ৭ মাত্রার শক্তিশালী ভূমিকম্পে কেঁপে উঠেছিল মিয়ানমার। ভূমিকম্পের কেন্দ্র ছিল সাগাইং অঞ্চলে। স্বাভাবিকভাবেই সেখানে ক্ষয়ক্ষতি সবচেয়ে বেশি হয়েছে। কিন্তু ইরাবতী নদীর ওপর একটি সেতু ক্ষতিগ্রস্ত হওয়ায় উদ্ধারকর্মীরা সেখানে পৌঁছাতে পারছিলেন না।",-1,-1,-1,-1,1,0,0,0,0,1
সুদের ব্যাবসা দরায় দেন না হয় একটা ভিহ্মার থালা দেন রাস্তার মোরে বসে বিহ্মা শুরু করে দিবে। গার্মেন্টস শিল্প শেষ আর কোনু উপায় নেই।,banglatoco,"চাকরিপ্রার্থী না হয়ে তরুণদের উদ্যোক্তা হতে প্রধান উপদেষ্টার আহ্বান প্রধান উপদেষ্টা অধ্যাপক ড. মুহাম্মদ ইউনূস তরুণদের চাকরিপ্রার্থী না হয়ে উদ্যোক্তা হওয়ার আহ্বান জানিয়েছেন। তিনি তরুণদের উদ্দেশে বলেছেন, তরুণদের চাকরিপ্রার্থী না হয়ে উদ্যোক্তা হিসেবে নিজেদের গড়ে তুলতে হবে। তাহলেই কেবল টেকসই উন্নয়ন সম্ভব। বৃহস্পতিবার (৩ এপ্রিল) থাইল্যান্ডের রাজধানী ব্যাংককে বিমসটেক ইয়ং জেনারেশন ফোরামে বক্তব্য প্রদানকালে তিনি এ কথা বলেন। অনুষ্ঠানে বাংলাদেশের প্রধান উপদেষ্টা কী-নোট স্পিকার ছিলেন। ১০০ বিলিয়ন আপনার মানভতার আম্মু আর আমনেরা মিল্লা গোয়া মাইরা দিসেন তারপরেও লেকচার কমে না",-1,-1,-1,-1,1,0,0,0,0,1
খুঁজ নিয়ে দেখলাম তোর মা অন্য বাসায় কাজ করে আর তোর বাবা মদ খেয়ে পড়ে থাকে,banglatoco,"চাকরিপ্রার্থী না হয়ে তরুণদের উদ্যোক্তা হতে প্রধান উপদেষ্টার আহ্বান প্রধান উপদেষ্টা অধ্যাপক ড. মুহাম্মদ ইউনূস তরুণদের চাকরিপ্রার্থী না হয়ে উদ্যোক্তা হওয়ার আহ্বান জানিয়েছেন। তিনি তরুণদের উদ্দেশে বলেছেন, তরুণদের চাকরিপ্রার্থী না হয়ে উদ্যোক্তা হিসেবে নিজেদের গড়ে তুলতে হবে। তাহলেই কেবল টেকসই উন্নয়ন সম্ভব। বৃহস্পতিবার (৩ এপ্রিল) থাইল্যান্ডের রাজধানী ব্যাংককে বিমসটেক ইয়ং জেনারেশন ফোরামে বক্তব্য প্রদানকালে তিনি এ কথা বলেন। অনুষ্ঠানে বাংলাদেশের প্রধান উপদেষ্টা কী-নোট স্পিকার ছিলেন। সুদের ব্যাবসা দরায় দেন না হয় একটা ভিহ্মার থালা দেন রাস্তার মোরে বসে বিহ্মা শুরু করে দিবে। গার্মেন্টস শিল্প শেষ আর কোনু উপায় নেই। এক মাত্র জারজ সন্তন মা বাবা নিয়ে কুরুচি মন্তব্য করতে পারে তার প্রমাণ পাইলাম",-1,-1,-1,-1,1,0,0,0,0,1
মাদারবোর্ড মাদ্রাসা পায়ুপথের সৈনিক জংগী মোল্লা মোহাম্মদ ইউনুস দেশের জন্য উন্নয়ন করতে পারলে ও নিজের উন্নয়ন করে নিয়েছে। এই মাদারবোর্ড ক্ষমতা আসার পর ২ মাসে মধ্যে নিজের গ্রামীণ ব্যাংকের ৫০০ টেক্স মওকুফ করে নিয়েছে সাথে ২০৩০ সাল পর্যন্ত টেক্স মওকুফ করে নিয়েছে। এই মাদারবোর্ড নিজের গ্রামীণ ইউভার্সিটি অনুমোদন দিয়েছে। এই মাদারবোর্ড গ্রামীণ জনশক্তি রপ্তানির লাইসেন্স নিয়েছে কিন্তু দেশের উন্নয়ন বলতে ফেক আয়না ঘর করেছে।,banglatoco,"চাকরিপ্রার্থী না হয়ে তরুণদের উদ্যোক্তা হতে প্রধান উপদেষ্টার আহ্বান প্রধান উপদেষ্টা অধ্যাপক ড. মুহাম্মদ ইউনূস তরুণদের চাকরিপ্রার্থী না হয়ে উদ্যোক্তা হওয়ার আহ্বান জানিয়েছেন। তিনি তরুণদের উদ্দেশে বলেছেন, তরুণদের চাকরিপ্রার্থী না হয়ে উদ্যোক্তা হিসেবে নিজেদের গড়ে তুলতে হবে। তাহলেই কেবল টেকসই উন্নয়ন সম্ভব। বৃহস্পতিবার (৩ এপ্রিল) থাইল্যান্ডের রাজধানী ব্যাংককে বিমসটেক ইয়ং জেনারেশন ফোরামে বক্তব্য প্রদানকালে তিনি এ কথা বলেন। অনুষ্ঠানে বাংলাদেশের প্রধান উপদেষ্টা কী-নোট স্পিকার ছিলেন।",-1,-1,-1,-1,1,0,0,0,0,1
"অথচ,চাকুরীর জন্য কি লঙ্কাকাণ্ডই না হয়েগেলো দেশে!",banglatoco,"চাকরিপ্রার্থী না হয়ে তরুণদের উদ্যোক্তা হতে প্রধান উপদেষ্টার আহ্বান প্রধান উপদেষ্টা অধ্যাপক ড. মুহাম্মদ ইউনূস তরুণদের চাকরিপ্রার্থী না হয়ে উদ্যোক্তা হওয়ার আহ্বান জানিয়েছেন। তিনি তরুণদের উদ্দেশে বলেছেন, তরুণদের চাকরিপ্রার্থী না হয়ে উদ্যোক্তা হিসেবে নিজেদের গড়ে তুলতে হবে। তাহলেই কেবল টেকসই উন্নয়ন সম্ভব। বৃহস্পতিবার (৩ এপ্রিল) থাইল্যান্ডের রাজধানী ব্যাংককে বিমসটেক ইয়ং জেনারেশন ফোরামে বক্তব্য প্রদানকালে তিনি এ কথা বলেন। অনুষ্ঠানে বাংলাদেশের প্রধান উপদেষ্টা কী-নোট স্পিকার ছিলেন।",-1,-1,-1,-1,0,0,0,0,0,1
এই কথা তো আপাও বলছিলো,banglatoco,"চাকরিপ্রার্থী না হয়ে তরুণদের উদ্যোক্তা হতে প্রধান উপদেষ্টার আহ্বান প্রধান উপদেষ্টা অধ্যাপক ড. মুহাম্মদ ইউনূস তরুণদের চাকরিপ্রার্থী না হয়ে উদ্যোক্তা হওয়ার আহ্বান জানিয়েছেন। তিনি তরুণদের উদ্দেশে বলেছেন, তরুণদের চাকরিপ্রার্থী না হয়ে উদ্যোক্তা হিসেবে নিজেদের গড়ে তুলতে হবে। তাহলেই কেবল টেকসই উন্নয়ন সম্ভব। বৃহস্পতিবার (৩ এপ্রিল) থাইল্যান্ডের রাজধানী ব্যাংককে বিমসটেক ইয়ং জেনারেশন ফোরামে বক্তব্য প্রদানকালে তিনি এ কথা বলেন। অনুষ্ঠানে বাংলাদেশের প্রধান উপদেষ্টা কী-নোট স্পিকার ছিলেন।",-1,-1,-1,-1,1,0,0,0,0,1
সুন্দর পরামর্শ,banglatoco,"চাকরিপ্রার্থী না হয়ে তরুণদের উদ্যোক্তা হতে প্রধান উপদেষ্টার আহ্বান প্রধান উপদেষ্টা অধ্যাপক ড. মুহাম্মদ ইউনূস তরুণদের চাকরিপ্রার্থী না হয়ে উদ্যোক্তা হওয়ার আহ্বান জানিয়েছেন। তিনি তরুণদের উদ্দেশে বলেছেন, তরুণদের চাকরিপ্রার্থী না হয়ে উদ্যোক্তা হিসেবে নিজেদের গড়ে তুলতে হবে। তাহলেই কেবল টেকসই উন্নয়ন সম্ভব। বৃহস্পতিবার (৩ এপ্রিল) থাইল্যান্ডের রাজধানী ব্যাংককে বিমসটেক ইয়ং জেনারেশন ফোরামে বক্তব্য প্রদানকালে তিনি এ কথা বলেন। অনুষ্ঠানে বাংলাদেশের প্রধান উপদেষ্টা কী-নোট স্পিকার ছিলেন।",-1,-1,-1,-1,0,0,0,0,0,1
এখনো সরকারি দপ্তরের লাইসেন্স সহ অন্যান্য কাজ করতে আগের চাইতে বিরাট অংকের ঘুষ বেশী লাগে। তাই আপনার সরকার এখনো ব্যবসা বন্ধব হয়নি। দয়া করে এই ব্যাপারে সুদৃষ্টি দিবেন।,banglatoco,"চাকরিপ্রার্থী না হয়ে তরুণদের উদ্যোক্তা হতে প্রধান উপদেষ্টার আহ্বান প্রধান উপদেষ্টা অধ্যাপক ড. মুহাম্মদ ইউনূস তরুণদের চাকরিপ্রার্থী না হয়ে উদ্যোক্তা হওয়ার আহ্বান জানিয়েছেন। তিনি তরুণদের উদ্দেশে বলেছেন, তরুণদের চাকরিপ্রার্থী না হয়ে উদ্যোক্তা হিসেবে নিজেদের গড়ে তুলতে হবে। তাহলেই কেবল টেকসই উন্নয়ন সম্ভব। বৃহস্পতিবার (৩ এপ্রিল) থাইল্যান্ডের রাজধানী ব্যাংককে বিমসটেক ইয়ং জেনারেশন ফোরামে বক্তব্য প্রদানকালে তিনি এ কথা বলেন। অনুষ্ঠানে বাংলাদেশের প্রধান উপদেষ্টা কী-নোট স্পিকার ছিলেন। ওগুলোতো আপনার আপার বংশধর। তাদেরকে বাদ দিলে সব সমস্যার সমাধান হবে।",-1,-1,-1,-1,0,0,0,0,0,1
এজন্যই গার্মেন্টস কারখানা গুলো বন্ধ করে দিচ্ছেন,banglatoco,"চাকরিপ্রার্থী না হয়ে তরুণদের উদ্যোক্তা হতে প্রধান উপদেষ্টার আহ্বান প্রধান উপদেষ্টা অধ্যাপক ড. মুহাম্মদ ইউনূস তরুণদের চাকরিপ্রার্থী না হয়ে উদ্যোক্তা হওয়ার আহ্বান জানিয়েছেন। তিনি তরুণদের উদ্দেশে বলেছেন, তরুণদের চাকরিপ্রার্থী না হয়ে উদ্যোক্তা হিসেবে নিজেদের গড়ে তুলতে হবে। তাহলেই কেবল টেকসই উন্নয়ন সম্ভব। বৃহস্পতিবার (৩ এপ্রিল) থাইল্যান্ডের রাজধানী ব্যাংককে বিমসটেক ইয়ং জেনারেশন ফোরামে বক্তব্য প্রদানকালে তিনি এ কথা বলেন। অনুষ্ঠানে বাংলাদেশের প্রধান উপদেষ্টা কী-নোট স্পিকার ছিলেন।",-1,-1,-1,-1,1,0,0,0,0,1
আগের সরকার নষ্ট করছে অন্য কিছু ভাই আপনারে ভাই নোবেল নোবেল করতে করতে দেশরে হারিকেন ধরাইয়া দিতেছেন ভাই🙂,banglatoco,"চাকরিপ্রার্থী না হয়ে তরুণদের উদ্যোক্তা হতে প্রধান উপদেষ্টার আহ্বান প্রধান উপদেষ্টা অধ্যাপক ড. মুহাম্মদ ইউনূস তরুণদের চাকরিপ্রার্থী না হয়ে উদ্যোক্তা হওয়ার আহ্বান জানিয়েছেন। তিনি তরুণদের উদ্দেশে বলেছেন, তরুণদের চাকরিপ্রার্থী না হয়ে উদ্যোক্তা হিসেবে নিজেদের গড়ে তুলতে হবে। তাহলেই কেবল টেকসই উন্নয়ন সম্ভব। বৃহস্পতিবার (৩ এপ্রিল) থাইল্যান্ডের রাজধানী ব্যাংককে বিমসটেক ইয়ং জেনারেশন ফোরামে বক্তব্য প্রদানকালে তিনি এ কথা বলেন। অনুষ্ঠানে বাংলাদেশের প্রধান উপদেষ্টা কী-নোট স্পিকার ছিলেন।",-1,-1,-1,-1,1,0,0,0,0,1
সবাই যদি বাদাম বিক্রি করে তাহলে কেনবে কে?এই গাল ভরা গপ্পো বাদদেন।,banglatoco,"চাকরিপ্রার্থী না হয়ে তরুণদের উদ্যোক্তা হতে প্রধান উপদেষ্টার আহ্বান প্রধান উপদেষ্টা অধ্যাপক ড. মুহাম্মদ ইউনূস তরুণদের চাকরিপ্রার্থী না হয়ে উদ্যোক্তা হওয়ার আহ্বান জানিয়েছেন। তিনি তরুণদের উদ্দেশে বলেছেন, তরুণদের চাকরিপ্রার্থী না হয়ে উদ্যোক্তা হিসেবে নিজেদের গড়ে তুলতে হবে। তাহলেই কেবল টেকসই উন্নয়ন সম্ভব। বৃহস্পতিবার (৩ এপ্রিল) থাইল্যান্ডের রাজধানী ব্যাংককে বিমসটেক ইয়ং জেনারেশন ফোরামে বক্তব্য প্রদানকালে তিনি এ কথা বলেন। অনুষ্ঠানে বাংলাদেশের প্রধান উপদেষ্টা কী-নোট স্পিকার ছিলেন।",-1,-1,-1,-1,1,0,0,0,0,1
"শুধু উদ্যোক্তা হওয়ার পরামর্শ দিলেই কি হবে সাথে পথও দেখাতে হবে, (আইডিয়া)",banglatoco,"চাকরিপ্রার্থী না হয়ে তরুণদের উদ্যোক্তা হতে প্রধান উপদেষ্টার আহ্বান প্রধান উপদেষ্টা অধ্যাপক ড. মুহাম্মদ ইউনূস তরুণদের চাকরিপ্রার্থী না হয়ে উদ্যোক্তা হওয়ার আহ্বান জানিয়েছেন। তিনি তরুণদের উদ্দেশে বলেছেন, তরুণদের চাকরিপ্রার্থী না হয়ে উদ্যোক্তা হিসেবে নিজেদের গড়ে তুলতে হবে। তাহলেই কেবল টেকসই উন্নয়ন সম্ভব। বৃহস্পতিবার (৩ এপ্রিল) থাইল্যান্ডের রাজধানী ব্যাংককে বিমসটেক ইয়ং জেনারেশন ফোরামে বক্তব্য প্রদানকালে তিনি এ কথা বলেন। অনুষ্ঠানে বাংলাদেশের প্রধান উপদেষ্টা কী-নোট স্পিকার ছিলেন।",-1,-1,-1,-1,0,0,0,0,0,1
চাকরির আন্দোলন দিয়েই তো দেশটা শেষ কইরা দিলেন ক্ষমতা বসে আছে এখন উপদেশ দেন কোটা না মেধা উদ্যোক্তা উদ্যোক্তা,banglatoco,"চাকরিপ্রার্থী না হয়ে তরুণদের উদ্যোক্তা হতে প্রধান উপদেষ্টার আহ্বান প্রধান উপদেষ্টা অধ্যাপক ড. মুহাম্মদ ইউনূস তরুণদের চাকরিপ্রার্থী না হয়ে উদ্যোক্তা হওয়ার আহ্বান জানিয়েছেন। তিনি তরুণদের উদ্দেশে বলেছেন, তরুণদের চাকরিপ্রার্থী না হয়ে উদ্যোক্তা হিসেবে নিজেদের গড়ে তুলতে হবে। তাহলেই কেবল টেকসই উন্নয়ন সম্ভব। বৃহস্পতিবার (৩ এপ্রিল) থাইল্যান্ডের রাজধানী ব্যাংককে বিমসটেক ইয়ং জেনারেশন ফোরামে বক্তব্য প্রদানকালে তিনি এ কথা বলেন। অনুষ্ঠানে বাংলাদেশের প্রধান উপদেষ্টা কী-নোট স্পিকার ছিলেন। ঠিক",-1,-1,-1,-1,1,0,0,0,0,1
সকল ছাত্র-ছাত্রী মিলে ইউনূসের মুখে হিসু করার দরকার কোটি কোটি টাকার বিনিময়ে ছাত্রদেরকে লেলিয়ে দিয়ে দেশটার ধ্বংস করে দিয়েছে এখন সব ছাত্রছাত্রী মিলে অবৈধ উপদেষ্টাদের সবার মুখে হিসু করা উচিত,banglatoco,"চাকরিপ্রার্থী না হয়ে তরুণদের উদ্যোক্তা হতে প্রধান উপদেষ্টার আহ্বান প্রধান উপদেষ্টা অধ্যাপক ড. মুহাম্মদ ইউনূস তরুণদের চাকরিপ্রার্থী না হয়ে উদ্যোক্তা হওয়ার আহ্বান জানিয়েছেন। তিনি তরুণদের উদ্দেশে বলেছেন, তরুণদের চাকরিপ্রার্থী না হয়ে উদ্যোক্তা হিসেবে নিজেদের গড়ে তুলতে হবে। তাহলেই কেবল টেকসই উন্নয়ন সম্ভব। বৃহস্পতিবার (৩ এপ্রিল) থাইল্যান্ডের রাজধানী ব্যাংককে বিমসটেক ইয়ং জেনারেশন ফোরামে বক্তব্য প্রদানকালে তিনি এ কথা বলেন। অনুষ্ঠানে বাংলাদেশের প্রধান উপদেষ্টা কী-নোট স্পিকার ছিলেন।",-1,-1,-1,-1,1,0,0,0,0,1
এই কথাটা কোটা আন্দোলনের সময় বলেন নাই কেনো।শুধুই কি ক্ষমতা দখলের লোভে।,banglatoco,"চাকরিপ্রার্থী না হয়ে তরুণদের উদ্যোক্তা হতে প্রধান উপদেষ্টার আহ্বান প্রধান উপদেষ্টা অধ্যাপক ড. মুহাম্মদ ইউনূস তরুণদের চাকরিপ্রার্থী না হয়ে উদ্যোক্তা হওয়ার আহ্বান জানিয়েছেন। তিনি তরুণদের উদ্দেশে বলেছেন, তরুণদের চাকরিপ্রার্থী না হয়ে উদ্যোক্তা হিসেবে নিজেদের গড়ে তুলতে হবে। তাহলেই কেবল টেকসই উন্নয়ন সম্ভব। বৃহস্পতিবার (৩ এপ্রিল) থাইল্যান্ডের রাজধানী ব্যাংককে বিমসটেক ইয়ং জেনারেশন ফোরামে বক্তব্য প্রদানকালে তিনি এ কথা বলেন। অনুষ্ঠানে বাংলাদেশের প্রধান উপদেষ্টা কী-নোট স্পিকার ছিলেন।",-1,-1,-1,-1,1,0,0,0,0,1
ডক্টর মোঃ ইউনুস বাংলাদেশের গর্ব,banglatoco,"চাকরিপ্রার্থী না হয়ে তরুণদের উদ্যোক্তা হতে প্রধান উপদেষ্টার আহ্বান প্রধান উপদেষ্টা অধ্যাপক ড. মুহাম্মদ ইউনূস তরুণদের চাকরিপ্রার্থী না হয়ে উদ্যোক্তা হওয়ার আহ্বান জানিয়েছেন। তিনি তরুণদের উদ্দেশে বলেছেন, তরুণদের চাকরিপ্রার্থী না হয়ে উদ্যোক্তা হিসেবে নিজেদের গড়ে তুলতে হবে। তাহলেই কেবল টেকসই উন্নয়ন সম্ভব। বৃহস্পতিবার (৩ এপ্রিল) থাইল্যান্ডের রাজধানী ব্যাংককে বিমসটেক ইয়ং জেনারেশন ফোরামে বক্তব্য প্রদানকালে তিনি এ কথা বলেন। অনুষ্ঠানে বাংলাদেশের প্রধান উপদেষ্টা কী-নোট স্পিকার ছিলেন। ইউনুস বাংলাদেশ ধংসের চক্রান্ত কারী লোভী",-1,-1,-1,-1,0,0,0,0,0,1
গ্রামীণ ব্যাংক থেকে লোন নিয়ে উদ্যোক্তা হন 🤪🤪,banglatoco,"চাকরিপ্রার্থী না হয়ে তরুণদের উদ্যোক্তা হতে প্রধান উপদেষ্টার আহ্বান প্রধান উপদেষ্টা অধ্যাপক ড. মুহাম্মদ ইউনূস তরুণদের চাকরিপ্রার্থী না হয়ে উদ্যোক্তা হওয়ার আহ্বান জানিয়েছেন। তিনি তরুণদের উদ্দেশে বলেছেন, তরুণদের চাকরিপ্রার্থী না হয়ে উদ্যোক্তা হিসেবে নিজেদের গড়ে তুলতে হবে। তাহলেই কেবল টেকসই উন্নয়ন সম্ভব। বৃহস্পতিবার (৩ এপ্রিল) থাইল্যান্ডের রাজধানী ব্যাংককে বিমসটেক ইয়ং জেনারেশন ফোরামে বক্তব্য প্রদানকালে তিনি এ কথা বলেন। অনুষ্ঠানে বাংলাদেশের প্রধান উপদেষ্টা কী-নোট স্পিকার ছিলেন।",-1,-1,-1,-1,1,0,0,0,0,1
সবাই সুদের ব্যবসা করবে,banglatoco,"চাকরিপ্রার্থী না হয়ে তরুণদের উদ্যোক্তা হতে প্রধান উপদেষ্টার আহ্বান প্রধান উপদেষ্টা অধ্যাপক ড. মুহাম্মদ ইউনূস তরুণদের চাকরিপ্রার্থী না হয়ে উদ্যোক্তা হওয়ার আহ্বান জানিয়েছেন। তিনি তরুণদের উদ্দেশে বলেছেন, তরুণদের চাকরিপ্রার্থী না হয়ে উদ্যোক্তা হিসেবে নিজেদের গড়ে তুলতে হবে। তাহলেই কেবল টেকসই উন্নয়ন সম্ভব। বৃহস্পতিবার (৩ এপ্রিল) থাইল্যান্ডের রাজধানী ব্যাংককে বিমসটেক ইয়ং জেনারেশন ফোরামে বক্তব্য প্রদানকালে তিনি এ কথা বলেন। অনুষ্ঠানে বাংলাদেশের প্রধান উপদেষ্টা কী-নোট স্পিকার ছিলেন।",-1,-1,-1,-1,1,0,0,0,0,1
"লও ঠ‌্যালা, পোলপাইন চাকরীর জন‌্য রাস্তায় নাম‌লো। আর মুরুব্বী দে‌খি হা‌সিনার ডাইলগ ক‌পি ক‌রে!!!",banglatoco,"চাকরিপ্রার্থী না হয়ে তরুণদের উদ্যোক্তা হতে প্রধান উপদেষ্টার আহ্বান প্রধান উপদেষ্টা অধ্যাপক ড. মুহাম্মদ ইউনূস তরুণদের চাকরিপ্রার্থী না হয়ে উদ্যোক্তা হওয়ার আহ্বান জানিয়েছেন। তিনি তরুণদের উদ্দেশে বলেছেন, তরুণদের চাকরিপ্রার্থী না হয়ে উদ্যোক্তা হিসেবে নিজেদের গড়ে তুলতে হবে। তাহলেই কেবল টেকসই উন্নয়ন সম্ভব। বৃহস্পতিবার (৩ এপ্রিল) থাইল্যান্ডের রাজধানী ব্যাংককে বিমসটেক ইয়ং জেনারেশন ফোরামে বক্তব্য প্রদানকালে তিনি এ কথা বলেন। অনুষ্ঠানে বাংলাদেশের প্রধান উপদেষ্টা কী-নোট স্পিকার ছিলেন।",-1,-1,-1,-1,1,0,0,0,0,1
"আমরা জনগণ ঘোষণা দিচ্ছি। আমরা কোনো নির্বাচন চাই না।দেশ ডক্টর মোহাম্মদ ইউনুস স্যারের হাতে নিরাপদ এবং ভালো আছে আলহামদুলিল্লাহ।আগামী ২০৩০ সাল পর্যন্ত কোন নির্বাচন হবে না,এটা আমাদের মত ৯০% সাধারণ জনগণের মনের কথা",banglatoco,"চাকরিপ্রার্থী না হয়ে তরুণদের উদ্যোক্তা হতে প্রধান উপদেষ্টার আহ্বান প্রধান উপদেষ্টা অধ্যাপক ড. মুহাম্মদ ইউনূস তরুণদের চাকরিপ্রার্থী না হয়ে উদ্যোক্তা হওয়ার আহ্বান জানিয়েছেন। তিনি তরুণদের উদ্দেশে বলেছেন, তরুণদের চাকরিপ্রার্থী না হয়ে উদ্যোক্তা হিসেবে নিজেদের গড়ে তুলতে হবে। তাহলেই কেবল টেকসই উন্নয়ন সম্ভব। বৃহস্পতিবার (৩ এপ্রিল) থাইল্যান্ডের রাজধানী ব্যাংককে বিমসটেক ইয়ং জেনারেশন ফোরামে বক্তব্য প্রদানকালে তিনি এ কথা বলেন। অনুষ্ঠানে বাংলাদেশের প্রধান উপদেষ্টা কী-নোট স্পিকার ছিলেন। সারা দেশের গাঁজাখোরদের পক্ষ থেকে এই দাবি",-1,-1,-1,-1,0,0,0,0,0,1
উদ্যেক্তা হওয়ার চোদনে অলরেডি অনলাইন মার্কেট ধ্বংস করে অনেকে ম্রা খাই গেছে। হাস মুরগি পাললে ওখানেও নাকি সিন্ডিকেট।,banglatoco,"চাকরিপ্রার্থী না হয়ে তরুণদের উদ্যোক্তা হতে প্রধান উপদেষ্টার আহ্বান প্রধান উপদেষ্টা অধ্যাপক ড. মুহাম্মদ ইউনূস তরুণদের চাকরিপ্রার্থী না হয়ে উদ্যোক্তা হওয়ার আহ্বান জানিয়েছেন। তিনি তরুণদের উদ্দেশে বলেছেন, তরুণদের চাকরিপ্রার্থী না হয়ে উদ্যোক্তা হিসেবে নিজেদের গড়ে তুলতে হবে। তাহলেই কেবল টেকসই উন্নয়ন সম্ভব। বৃহস্পতিবার (৩ এপ্রিল) থাইল্যান্ডের রাজধানী ব্যাংককে বিমসটেক ইয়ং জেনারেশন ফোরামে বক্তব্য প্রদানকালে তিনি এ কথা বলেন। অনুষ্ঠানে বাংলাদেশের প্রধান উপদেষ্টা কী-নোট স্পিকার ছিলেন।",-1,-1,-1,-1,1,0,0,0,0,1
আচ্ছা।গ্রামীণব্যাংকে স্টুডেন্ট লোন সিস্টেম যেন করা হয়।,banglatoco,"চাকরিপ্রার্থী না হয়ে তরুণদের উদ্যোক্তা হতে প্রধান উপদেষ্টার আহ্বান প্রধান উপদেষ্টা অধ্যাপক ড. মুহাম্মদ ইউনূস তরুণদের চাকরিপ্রার্থী না হয়ে উদ্যোক্তা হওয়ার আহ্বান জানিয়েছেন। তিনি তরুণদের উদ্দেশে বলেছেন, তরুণদের চাকরিপ্রার্থী না হয়ে উদ্যোক্তা হিসেবে নিজেদের গড়ে তুলতে হবে। তাহলেই কেবল টেকসই উন্নয়ন সম্ভব। বৃহস্পতিবার (৩ এপ্রিল) থাইল্যান্ডের রাজধানী ব্যাংককে বিমসটেক ইয়ং জেনারেশন ফোরামে বক্তব্য প্রদানকালে তিনি এ কথা বলেন। অনুষ্ঠানে বাংলাদেশের প্রধান উপদেষ্টা কী-নোট স্পিকার ছিলেন।",-1,-1,-1,-1,0,0,0,0,0,1
গ্রামীণ ব্যাংক থেকে ৩৬% সুদে ঋণ নাও,banglatoco,"চাকরিপ্রার্থী না হয়ে তরুণদের উদ্যোক্তা হতে প্রধান উপদেষ্টার আহ্বান প্রধান উপদেষ্টা অধ্যাপক ড. মুহাম্মদ ইউনূস তরুণদের চাকরিপ্রার্থী না হয়ে উদ্যোক্তা হওয়ার আহ্বান জানিয়েছেন। তিনি তরুণদের উদ্দেশে বলেছেন, তরুণদের চাকরিপ্রার্থী না হয়ে উদ্যোক্তা হিসেবে নিজেদের গড়ে তুলতে হবে। তাহলেই কেবল টেকসই উন্নয়ন সম্ভব। বৃহস্পতিবার (৩ এপ্রিল) থাইল্যান্ডের রাজধানী ব্যাংককে বিমসটেক ইয়ং জেনারেশন ফোরামে বক্তব্য প্রদানকালে তিনি এ কথা বলেন। অনুষ্ঠানে বাংলাদেশের প্রধান উপদেষ্টা কী-নোট স্পিকার ছিলেন।",-1,-1,-1,-1,1,0,0,0,0,1
না রিস্ক নিতে চাই না,banglatoco,"চাকরিপ্রার্থী না হয়ে তরুণদের উদ্যোক্তা হতে প্রধান উপদেষ্টার আহ্বান প্রধান উপদেষ্টা অধ্যাপক ড. মুহাম্মদ ইউনূস তরুণদের চাকরিপ্রার্থী না হয়ে উদ্যোক্তা হওয়ার আহ্বান জানিয়েছেন। তিনি তরুণদের উদ্দেশে বলেছেন, তরুণদের চাকরিপ্রার্থী না হয়ে উদ্যোক্তা হিসেবে নিজেদের গড়ে তুলতে হবে। তাহলেই কেবল টেকসই উন্নয়ন সম্ভব। বৃহস্পতিবার (৩ এপ্রিল) থাইল্যান্ডের রাজধানী ব্যাংককে বিমসটেক ইয়ং জেনারেশন ফোরামে বক্তব্য প্রদানকালে তিনি এ কথা বলেন। অনুষ্ঠানে বাংলাদেশের প্রধান উপদেষ্টা কী-নোট স্পিকার ছিলেন। তর জন্য মাপ,, দরকার নাই",-1,-1,-1,-1,0,0,0,0,0,1
"আন্দোলন করছে চাকরির জন্য, এখন নতুকথা শুনতে হয়।",banglatoco,"চাকরিপ্রার্থী না হয়ে তরুণদের উদ্যোক্তা হতে প্রধান উপদেষ্টার আহ্বান প্রধান উপদেষ্টা অধ্যাপক ড. মুহাম্মদ ইউনূস তরুণদের চাকরিপ্রার্থী না হয়ে উদ্যোক্তা হওয়ার আহ্বান জানিয়েছেন। তিনি তরুণদের উদ্দেশে বলেছেন, তরুণদের চাকরিপ্রার্থী না হয়ে উদ্যোক্তা হিসেবে নিজেদের গড়ে তুলতে হবে। তাহলেই কেবল টেকসই উন্নয়ন সম্ভব। বৃহস্পতিবার (৩ এপ্রিল) থাইল্যান্ডের রাজধানী ব্যাংককে বিমসটেক ইয়ং জেনারেশন ফোরামে বক্তব্য প্রদানকালে তিনি এ কথা বলেন। অনুষ্ঠানে বাংলাদেশের প্রধান উপদেষ্টা কী-নোট স্পিকার ছিলেন।",-1,-1,-1,-1,0,0,0,0,0,1
ইউনুস তুই টাকা দে সবাই ব্যবসা করুক,banglatoco,"চাকরিপ্রার্থী না হয়ে তরুণদের উদ্যোক্তা হতে প্রধান উপদেষ্টার আহ্বান প্রধান উপদেষ্টা অধ্যাপক ড. মুহাম্মদ ইউনূস তরুণদের চাকরিপ্রার্থী না হয়ে উদ্যোক্তা হওয়ার আহ্বান জানিয়েছেন। তিনি তরুণদের উদ্দেশে বলেছেন, তরুণদের চাকরিপ্রার্থী না হয়ে উদ্যোক্তা হিসেবে নিজেদের গড়ে তুলতে হবে। তাহলেই কেবল টেকসই উন্নয়ন সম্ভব। বৃহস্পতিবার (৩ এপ্রিল) থাইল্যান্ডের রাজধানী ব্যাংককে বিমসটেক ইয়ং জেনারেশন ফোরামে বক্তব্য প্রদানকালে তিনি এ কথা বলেন। অনুষ্ঠানে বাংলাদেশের প্রধান উপদেষ্টা কী-নোট স্পিকার ছিলেন।",-1,-1,-1,-1,1,0,0,0,0,1
ক্ষদ্র ঋন এর মাধ্যমে সুদের ব্যবসায় জড়িত হওয়ার আহবান জানালেন ডক্টর ইউনুস সাহেব।,banglatoco,"চাকরিপ্রার্থী না হয়ে তরুণদের উদ্যোক্তা হতে প্রধান উপদেষ্টার আহ্বান প্রধান উপদেষ্টা অধ্যাপক ড. মুহাম্মদ ইউনূস তরুণদের চাকরিপ্রার্থী না হয়ে উদ্যোক্তা হওয়ার আহ্বান জানিয়েছেন। তিনি তরুণদের উদ্দেশে বলেছেন, তরুণদের চাকরিপ্রার্থী না হয়ে উদ্যোক্তা হিসেবে নিজেদের গড়ে তুলতে হবে। তাহলেই কেবল টেকসই উন্নয়ন সম্ভব। বৃহস্পতিবার (৩ এপ্রিল) থাইল্যান্ডের রাজধানী ব্যাংককে বিমসটেক ইয়ং জেনারেশন ফোরামে বক্তব্য প্রদানকালে তিনি এ কথা বলেন। অনুষ্ঠানে বাংলাদেশের প্রধান উপদেষ্টা কী-নোট স্পিকার ছিলেন।",-1,-1,-1,-1,1,0,0,0,0,1
"সারাজীবন পৃথিবীতে সরকার পতনের আন্দোলন হইছে, কিন্তু এবার হয়তো এ জাতীর প্রথম সরকার রক্ষার আন্দোলনে নামতে হবে একজন বিচক্ষণ নাগরিক হিসেবে আমি বা আমরা চাই ড. ইউনুস স্যার কমপক্ষে ৫ বছর আমাদের প্রতিনিধি করুক..!!🙂অভিনন্দন স্যার। ",banglatoco,"চাকরিপ্রার্থী না হয়ে তরুণদের উদ্যোক্তা হতে প্রধান উপদেষ্টার আহ্বান প্রধান উপদেষ্টা অধ্যাপক ড. মুহাম্মদ ইউনূস তরুণদের চাকরিপ্রার্থী না হয়ে উদ্যোক্তা হওয়ার আহ্বান জানিয়েছেন। তিনি তরুণদের উদ্দেশে বলেছেন, তরুণদের চাকরিপ্রার্থী না হয়ে উদ্যোক্তা হিসেবে নিজেদের গড়ে তুলতে হবে। তাহলেই কেবল টেকসই উন্নয়ন সম্ভব। বৃহস্পতিবার (৩ এপ্রিল) থাইল্যান্ডের রাজধানী ব্যাংককে বিমসটেক ইয়ং জেনারেশন ফোরামে বক্তব্য প্রদানকালে তিনি এ কথা বলেন। অনুষ্ঠানে বাংলাদেশের প্রধান উপদেষ্টা কী-নোট স্পিকার ছিলেন।",-1,-1,-1,-1,0,0,0,0,0,1
সুদের ব্যবসা চালু করার লাইসেন্স দেওয়া হোক প্রত্যেককে।,banglatoco,"চাকরিপ্রার্থী না হয়ে তরুণদের উদ্যোক্তা হতে প্রধান উপদেষ্টার আহ্বান প্রধান উপদেষ্টা অধ্যাপক ড. মুহাম্মদ ইউনূস তরুণদের চাকরিপ্রার্থী না হয়ে উদ্যোক্তা হওয়ার আহ্বান জানিয়েছেন। তিনি তরুণদের উদ্দেশে বলেছেন, তরুণদের চাকরিপ্রার্থী না হয়ে উদ্যোক্তা হিসেবে নিজেদের গড়ে তুলতে হবে। তাহলেই কেবল টেকসই উন্নয়ন সম্ভব। বৃহস্পতিবার (৩ এপ্রিল) থাইল্যান্ডের রাজধানী ব্যাংককে বিমসটেক ইয়ং জেনারেশন ফোরামে বক্তব্য প্রদানকালে তিনি এ কথা বলেন। অনুষ্ঠানে বাংলাদেশের প্রধান উপদেষ্টা কী-নোট স্পিকার ছিলেন।",-1,-1,-1,-1,1,0,0,0,0,1
উদ্যোক্তা হতে সরকার কর্তৃক সহায়তা বাড়ানো উচিত।,banglatoco,"চাকরিপ্রার্থী না হয়ে তরুণদের উদ্যোক্তা হতে প্রধান উপদেষ্টার আহ্বান প্রধান উপদেষ্টা অধ্যাপক ড. মুহাম্মদ ইউনূস তরুণদের চাকরিপ্রার্থী না হয়ে উদ্যোক্তা হওয়ার আহ্বান জানিয়েছেন। তিনি তরুণদের উদ্দেশে বলেছেন, তরুণদের চাকরিপ্রার্থী না হয়ে উদ্যোক্তা হিসেবে নিজেদের গড়ে তুলতে হবে। তাহলেই কেবল টেকসই উন্নয়ন সম্ভব। বৃহস্পতিবার (৩ এপ্রিল) থাইল্যান্ডের রাজধানী ব্যাংককে বিমসটেক ইয়ং জেনারেশন ফোরামে বক্তব্য প্রদানকালে তিনি এ কথা বলেন। অনুষ্ঠানে বাংলাদেশের প্রধান উপদেষ্টা কী-নোট স্পিকার ছিলেন।",-1,-1,-1,-1,0,0,0,0,0,1
কিস্তি লাগলে উনি দিবেন 😃,banglatoco,"চাকরিপ্রার্থী না হয়ে তরুণদের উদ্যোক্তা হতে প্রধান উপদেষ্টার আহ্বান প্রধান উপদেষ্টা অধ্যাপক ড. মুহাম্মদ ইউনূস তরুণদের চাকরিপ্রার্থী না হয়ে উদ্যোক্তা হওয়ার আহ্বান জানিয়েছেন। তিনি তরুণদের উদ্দেশে বলেছেন, তরুণদের চাকরিপ্রার্থী না হয়ে উদ্যোক্তা হিসেবে নিজেদের গড়ে তুলতে হবে। তাহলেই কেবল টেকসই উন্নয়ন সম্ভব। বৃহস্পতিবার (৩ এপ্রিল) থাইল্যান্ডের রাজধানী ব্যাংককে বিমসটেক ইয়ং জেনারেশন ফোরামে বক্তব্য প্রদানকালে তিনি এ কথা বলেন। অনুষ্ঠানে বাংলাদেশের প্রধান উপদেষ্টা কী-নোট স্পিকার ছিলেন।",-1,-1,-1,-1,1,0,0,0,0,1
আপনার সহযোগিতা কামনা করি,banglatoco,"চাকরিপ্রার্থী না হয়ে তরুণদের উদ্যোক্তা হতে প্রধান উপদেষ্টার আহ্বান প্রধান উপদেষ্টা অধ্যাপক ড. মুহাম্মদ ইউনূস তরুণদের চাকরিপ্রার্থী না হয়ে উদ্যোক্তা হওয়ার আহ্বান জানিয়েছেন। তিনি তরুণদের উদ্দেশে বলেছেন, তরুণদের চাকরিপ্রার্থী না হয়ে উদ্যোক্তা হিসেবে নিজেদের গড়ে তুলতে হবে। তাহলেই কেবল টেকসই উন্নয়ন সম্ভব। বৃহস্পতিবার (৩ এপ্রিল) থাইল্যান্ডের রাজধানী ব্যাংককে বিমসটেক ইয়ং জেনারেশন ফোরামে বক্তব্য প্রদানকালে তিনি এ কথা বলেন। অনুষ্ঠানে বাংলাদেশের প্রধান উপদেষ্টা কী-নোট স্পিকার ছিলেন।",-1,-1,-1,-1,0,0,0,0,0,1
লাইন কই,banglatoco,"চাকরিপ্রার্থী না হয়ে তরুণদের উদ্যোক্তা হতে প্রধান উপদেষ্টার আহ্বান প্রধান উপদেষ্টা অধ্যাপক ড. মুহাম্মদ ইউনূস তরুণদের চাকরিপ্রার্থী না হয়ে উদ্যোক্তা হওয়ার আহ্বান জানিয়েছেন। তিনি তরুণদের উদ্দেশে বলেছেন, তরুণদের চাকরিপ্রার্থী না হয়ে উদ্যোক্তা হিসেবে নিজেদের গড়ে তুলতে হবে। তাহলেই কেবল টেকসই উন্নয়ন সম্ভব। বৃহস্পতিবার (৩ এপ্রিল) থাইল্যান্ডের রাজধানী ব্যাংককে বিমসটেক ইয়ং জেনারেশন ফোরামে বক্তব্য প্রদানকালে তিনি এ কথা বলেন। অনুষ্ঠানে বাংলাদেশের প্রধান উপদেষ্টা কী-নোট স্পিকার ছিলেন। উদ্যোক্তা হইতে বেশি টাকা লাগে না, সৎ ইচ্ছা আর অল্প পুজি হইলেই হয়,,,",-1,-1,-1,-1,0,0,0,0,0,1
চাকরি নাই যে হেটা ক,banglatoco,"চাকরিপ্রার্থী না হয়ে তরুণদের উদ্যোক্তা হতে প্রধান উপদেষ্টার আহ্বান প্রধান উপদেষ্টা অধ্যাপক ড. মুহাম্মদ ইউনূস তরুণদের চাকরিপ্রার্থী না হয়ে উদ্যোক্তা হওয়ার আহ্বান জানিয়েছেন। তিনি তরুণদের উদ্দেশে বলেছেন, তরুণদের চাকরিপ্রার্থী না হয়ে উদ্যোক্তা হিসেবে নিজেদের গড়ে তুলতে হবে। তাহলেই কেবল টেকসই উন্নয়ন সম্ভব। বৃহস্পতিবার (৩ এপ্রিল) থাইল্যান্ডের রাজধানী ব্যাংককে বিমসটেক ইয়ং জেনারেশন ফোরামে বক্তব্য প্রদানকালে তিনি এ কথা বলেন। অনুষ্ঠানে বাংলাদেশের প্রধান উপদেষ্টা কী-নোট স্পিকার ছিলেন।",-1,-1,-1,-1,1,0,0,0,0,1
উদ্যক্তা হতে টাকা লাগে স্যার,banglatoco,"চাকরিপ্রার্থী না হয়ে তরুণদের উদ্যোক্তা হতে প্রধান উপদেষ্টার আহ্বান প্রধান উপদেষ্টা অধ্যাপক ড. মুহাম্মদ ইউনূস তরুণদের চাকরিপ্রার্থী না হয়ে উদ্যোক্তা হওয়ার আহ্বান জানিয়েছেন। তিনি তরুণদের উদ্দেশে বলেছেন, তরুণদের চাকরিপ্রার্থী না হয়ে উদ্যোক্তা হিসেবে নিজেদের গড়ে তুলতে হবে। তাহলেই কেবল টেকসই উন্নয়ন সম্ভব। বৃহস্পতিবার (৩ এপ্রিল) থাইল্যান্ডের রাজধানী ব্যাংককে বিমসটেক ইয়ং জেনারেশন ফোরামে বক্তব্য প্রদানকালে তিনি এ কথা বলেন। অনুষ্ঠানে বাংলাদেশের প্রধান উপদেষ্টা কী-নোট স্পিকার ছিলেন।",-1,-1,-1,-1,0,0,0,0,0,1
পালাও ইউনুস পালাও নোবেল নিয়ে পালাও।,banglatoco,"চাকরিপ্রার্থী না হয়ে তরুণদের উদ্যোক্তা হতে প্রধান উপদেষ্টার আহ্বান প্রধান উপদেষ্টা অধ্যাপক ড. মুহাম্মদ ইউনূস তরুণদের চাকরিপ্রার্থী না হয়ে উদ্যোক্তা হওয়ার আহ্বান জানিয়েছেন। তিনি তরুণদের উদ্দেশে বলেছেন, তরুণদের চাকরিপ্রার্থী না হয়ে উদ্যোক্তা হিসেবে নিজেদের গড়ে তুলতে হবে। তাহলেই কেবল টেকসই উন্নয়ন সম্ভব। বৃহস্পতিবার (৩ এপ্রিল) থাইল্যান্ডের রাজধানী ব্যাংককে বিমসটেক ইয়ং জেনারেশন ফোরামে বক্তব্য প্রদানকালে তিনি এ কথা বলেন। অনুষ্ঠানে বাংলাদেশের প্রধান উপদেষ্টা কী-নোট স্পিকার ছিলেন।",-1,-1,-1,-1,1,0,0,0,0,1
জি নাহলে ঋন দিবেন কারে,banglatoco,"চাকরিপ্রার্থী না হয়ে তরুণদের উদ্যোক্তা হতে প্রধান উপদেষ্টার আহ্বান প্রধান উপদেষ্টা অধ্যাপক ড. মুহাম্মদ ইউনূস তরুণদের চাকরিপ্রার্থী না হয়ে উদ্যোক্তা হওয়ার আহ্বান জানিয়েছেন। তিনি তরুণদের উদ্দেশে বলেছেন, তরুণদের চাকরিপ্রার্থী না হয়ে উদ্যোক্তা হিসেবে নিজেদের গড়ে তুলতে হবে। তাহলেই কেবল টেকসই উন্নয়ন সম্ভব। বৃহস্পতিবার (৩ এপ্রিল) থাইল্যান্ডের রাজধানী ব্যাংককে বিমসটেক ইয়ং জেনারেশন ফোরামে বক্তব্য প্রদানকালে তিনি এ কথা বলেন। অনুষ্ঠানে বাংলাদেশের প্রধান উপদেষ্টা কী-নোট স্পিকার ছিলেন।",-1,-1,-1,-1,1,0,0,0,0,1
"কল কারখানা কম্পানিরতো পুটকি মেরে দিয়েছ, চাকরি দিবা কোথায়, দেশ টার পুটকি মেরে এখন জনগণের পুটকি মারার ধানধা",banglatoco,"চাকরিপ্রার্থী না হয়ে তরুণদের উদ্যোক্তা হতে প্রধান উপদেষ্টার আহ্বান প্রধান উপদেষ্টা অধ্যাপক ড. মুহাম্মদ ইউনূস তরুণদের চাকরিপ্রার্থী না হয়ে উদ্যোক্তা হওয়ার আহ্বান জানিয়েছেন। তিনি তরুণদের উদ্দেশে বলেছেন, তরুণদের চাকরিপ্রার্থী না হয়ে উদ্যোক্তা হিসেবে নিজেদের গড়ে তুলতে হবে। তাহলেই কেবল টেকসই উন্নয়ন সম্ভব। বৃহস্পতিবার (৩ এপ্রিল) থাইল্যান্ডের রাজধানী ব্যাংককে বিমসটেক ইয়ং জেনারেশন ফোরামে বক্তব্য প্রদানকালে তিনি এ কথা বলেন। অনুষ্ঠানে বাংলাদেশের প্রধান উপদেষ্টা কী-নোট স্পিকার ছিলেন।",-1,-1,-1,-1,1,0,0,0,0,1
"মুখটা এত কালো কেনো, দাদু?",banglatoco,"চাকরিপ্রার্থী না হয়ে তরুণদের উদ্যোক্তা হতে প্রধান উপদেষ্টার আহ্বান প্রধান উপদেষ্টা অধ্যাপক ড. মুহাম্মদ ইউনূস তরুণদের চাকরিপ্রার্থী না হয়ে উদ্যোক্তা হওয়ার আহ্বান জানিয়েছেন। তিনি তরুণদের উদ্দেশে বলেছেন, তরুণদের চাকরিপ্রার্থী না হয়ে উদ্যোক্তা হিসেবে নিজেদের গড়ে তুলতে হবে। তাহলেই কেবল টেকসই উন্নয়ন সম্ভব। বৃহস্পতিবার (৩ এপ্রিল) থাইল্যান্ডের রাজধানী ব্যাংককে বিমসটেক ইয়ং জেনারেশন ফোরামে বক্তব্য প্রদানকালে তিনি এ কথা বলেন। অনুষ্ঠানে বাংলাদেশের প্রধান উপদেষ্টা কী-নোট স্পিকার ছিলেন।",-1,-1,-1,-1,1,0,0,0,0,1
সহমত জনাব,banglatoco,"চাকরিপ্রার্থী না হয়ে তরুণদের উদ্যোক্তা হতে প্রধান উপদেষ্টার আহ্বান প্রধান উপদেষ্টা অধ্যাপক ড. মুহাম্মদ ইউনূস তরুণদের চাকরিপ্রার্থী না হয়ে উদ্যোক্তা হওয়ার আহ্বান জানিয়েছেন। তিনি তরুণদের উদ্দেশে বলেছেন, তরুণদের চাকরিপ্রার্থী না হয়ে উদ্যোক্তা হিসেবে নিজেদের গড়ে তুলতে হবে। তাহলেই কেবল টেকসই উন্নয়ন সম্ভব। বৃহস্পতিবার (৩ এপ্রিল) থাইল্যান্ডের রাজধানী ব্যাংককে বিমসটেক ইয়ং জেনারেশন ফোরামে বক্তব্য প্রদানকালে তিনি এ কথা বলেন। অনুষ্ঠানে বাংলাদেশের প্রধান উপদেষ্টা কী-নোট স্পিকার ছিলেন।",-1,-1,-1,-1,0,0,0,0,0,1
ধন্যবাদ,banglatoco,"চাকরিপ্রার্থী না হয়ে তরুণদের উদ্যোক্তা হতে প্রধান উপদেষ্টার আহ্বান প্রধান উপদেষ্টা অধ্যাপক ড. মুহাম্মদ ইউনূস তরুণদের চাকরিপ্রার্থী না হয়ে উদ্যোক্তা হওয়ার আহ্বান জানিয়েছেন। তিনি তরুণদের উদ্দেশে বলেছেন, তরুণদের চাকরিপ্রার্থী না হয়ে উদ্যোক্তা হিসেবে নিজেদের গড়ে তুলতে হবে। তাহলেই কেবল টেকসই উন্নয়ন সম্ভব। বৃহস্পতিবার (৩ এপ্রিল) থাইল্যান্ডের রাজধানী ব্যাংককে বিমসটেক ইয়ং জেনারেশন ফোরামে বক্তব্য প্রদানকালে তিনি এ কথা বলেন। অনুষ্ঠানে বাংলাদেশের প্রধান উপদেষ্টা কী-নোট স্পিকার ছিলেন।",-1,-1,-1,-1,0,0,0,0,0,1
"উদ্যোক্তা হতে ক্যাশ লাগে অনেক,বাংলাদেশে ১ টা শপ খুলতে গেলে সিকিউরিটি বাবদ ৪০/৫০ লাখ টাকা বিল্ডিং মালিককে না কি দিতে হয়। অদ্ভুত নিয়ম।",banglatoco,"চাকরিপ্রার্থী না হয়ে তরুণদের উদ্যোক্তা হতে প্রধান উপদেষ্টার আহ্বান প্রধান উপদেষ্টা অধ্যাপক ড. মুহাম্মদ ইউনূস তরুণদের চাকরিপ্রার্থী না হয়ে উদ্যোক্তা হওয়ার আহ্বান জানিয়েছেন। তিনি তরুণদের উদ্দেশে বলেছেন, তরুণদের চাকরিপ্রার্থী না হয়ে উদ্যোক্তা হিসেবে নিজেদের গড়ে তুলতে হবে। তাহলেই কেবল টেকসই উন্নয়ন সম্ভব। বৃহস্পতিবার (৩ এপ্রিল) থাইল্যান্ডের রাজধানী ব্যাংককে বিমসটেক ইয়ং জেনারেশন ফোরামে বক্তব্য প্রদানকালে তিনি এ কথা বলেন। অনুষ্ঠানে বাংলাদেশের প্রধান উপদেষ্টা কী-নোট স্পিকার ছিলেন।",-1,-1,-1,-1,0,0,0,0,0,1
তাইতো এখন সবাই ডাইরেক্ট উপদেষ্টা হতে চাই,banglatoco,"চাকরিপ্রার্থী না হয়ে তরুণদের উদ্যোক্তা হতে প্রধান উপদেষ্টার আহ্বান প্রধান উপদেষ্টা অধ্যাপক ড. মুহাম্মদ ইউনূস তরুণদের চাকরিপ্রার্থী না হয়ে উদ্যোক্তা হওয়ার আহ্বান জানিয়েছেন। তিনি তরুণদের উদ্দেশে বলেছেন, তরুণদের চাকরিপ্রার্থী না হয়ে উদ্যোক্তা হিসেবে নিজেদের গড়ে তুলতে হবে। তাহলেই কেবল টেকসই উন্নয়ন সম্ভব। বৃহস্পতিবার (৩ এপ্রিল) থাইল্যান্ডের রাজধানী ব্যাংককে বিমসটেক ইয়ং জেনারেশন ফোরামে বক্তব্য প্রদানকালে তিনি এ কথা বলেন। অনুষ্ঠানে বাংলাদেশের প্রধান উপদেষ্টা কী-নোট স্পিকার ছিলেন।",-1,-1,-1,-1,1,0,0,0,0,1
"হ ভালা কথা,, সবাই তর মতো সু দ খো র হইবো",banglatoco,"চাকরিপ্রার্থী না হয়ে তরুণদের উদ্যোক্তা হতে প্রধান উপদেষ্টার আহ্বান প্রধান উপদেষ্টা অধ্যাপক ড. মুহাম্মদ ইউনূস তরুণদের চাকরিপ্রার্থী না হয়ে উদ্যোক্তা হওয়ার আহ্বান জানিয়েছেন। তিনি তরুণদের উদ্দেশে বলেছেন, তরুণদের চাকরিপ্রার্থী না হয়ে উদ্যোক্তা হিসেবে নিজেদের গড়ে তুলতে হবে। তাহলেই কেবল টেকসই উন্নয়ন সম্ভব। বৃহস্পতিবার (৩ এপ্রিল) থাইল্যান্ডের রাজধানী ব্যাংককে বিমসটেক ইয়ং জেনারেশন ফোরামে বক্তব্য প্রদানকালে তিনি এ কথা বলেন। অনুষ্ঠানে বাংলাদেশের প্রধান উপদেষ্টা কী-নোট স্পিকার ছিলেন।",-1,-1,-1,-1,1,0,0,0,0,1
"সুদ খোর বাংলাদেশের তরুনদের সত্র্যাসী, লুটপাট চাঁদাবাজি শিকিয়েছে",banglatoco,"চাকরিপ্রার্থী না হয়ে তরুণদের উদ্যোক্তা হতে প্রধান উপদেষ্টার আহ্বান প্রধান উপদেষ্টা অধ্যাপক ড. মুহাম্মদ ইউনূস তরুণদের চাকরিপ্রার্থী না হয়ে উদ্যোক্তা হওয়ার আহ্বান জানিয়েছেন। তিনি তরুণদের উদ্দেশে বলেছেন, তরুণদের চাকরিপ্রার্থী না হয়ে উদ্যোক্তা হিসেবে নিজেদের গড়ে তুলতে হবে। তাহলেই কেবল টেকসই উন্নয়ন সম্ভব। বৃহস্পতিবার (৩ এপ্রিল) থাইল্যান্ডের রাজধানী ব্যাংককে বিমসটেক ইয়ং জেনারেশন ফোরামে বক্তব্য প্রদানকালে তিনি এ কথা বলেন। অনুষ্ঠানে বাংলাদেশের প্রধান উপদেষ্টা কী-নোট স্পিকার ছিলেন।",-1,-1,-1,-1,1,0,0,0,0,1
"উদ্যোক্তা হতে আন্দোলন হয়নি , আন্দোলন হইছে চাকুরির জন্য।",banglatoco,"চাকরিপ্রার্থী না হয়ে তরুণদের উদ্যোক্তা হতে প্রধান উপদেষ্টার আহ্বান প্রধান উপদেষ্টা অধ্যাপক ড. মুহাম্মদ ইউনূস তরুণদের চাকরিপ্রার্থী না হয়ে উদ্যোক্তা হওয়ার আহ্বান জানিয়েছেন। তিনি তরুণদের উদ্দেশে বলেছেন, তরুণদের চাকরিপ্রার্থী না হয়ে উদ্যোক্তা হিসেবে নিজেদের গড়ে তুলতে হবে। তাহলেই কেবল টেকসই উন্নয়ন সম্ভব। বৃহস্পতিবার (৩ এপ্রিল) থাইল্যান্ডের রাজধানী ব্যাংককে বিমসটেক ইয়ং জেনারেশন ফোরামে বক্তব্য প্রদানকালে তিনি এ কথা বলেন। অনুষ্ঠানে বাংলাদেশের প্রধান উপদেষ্টা কী-নোট স্পিকার ছিলেন।",-1,-1,-1,-1,0,0,0,0,0,1
তরুণদের সুদের ব্যাবসায় নামাই দেও মহাজন,banglatoco,"চাকরিপ্রার্থী না হয়ে তরুণদের উদ্যোক্তা হতে প্রধান উপদেষ্টার আহ্বান প্রধান উপদেষ্টা অধ্যাপক ড. মুহাম্মদ ইউনূস তরুণদের চাকরিপ্রার্থী না হয়ে উদ্যোক্তা হওয়ার আহ্বান জানিয়েছেন। তিনি তরুণদের উদ্দেশে বলেছেন, তরুণদের চাকরিপ্রার্থী না হয়ে উদ্যোক্তা হিসেবে নিজেদের গড়ে তুলতে হবে। তাহলেই কেবল টেকসই উন্নয়ন সম্ভব। বৃহস্পতিবার (৩ এপ্রিল) থাইল্যান্ডের রাজধানী ব্যাংককে বিমসটেক ইয়ং জেনারেশন ফোরামে বক্তব্য প্রদানকালে তিনি এ কথা বলেন। অনুষ্ঠানে বাংলাদেশের প্রধান উপদেষ্টা কী-নোট স্পিকার ছিলেন।",-1,-1,-1,-1,1,0,0,0,0,1
জী স্যার চাকরি করবো না,banglatoco,"চাকরিপ্রার্থী না হয়ে তরুণদের উদ্যোক্তা হতে প্রধান উপদেষ্টার আহ্বান প্রধান উপদেষ্টা অধ্যাপক ড. মুহাম্মদ ইউনূস তরুণদের চাকরিপ্রার্থী না হয়ে উদ্যোক্তা হওয়ার আহ্বান জানিয়েছেন। তিনি তরুণদের উদ্দেশে বলেছেন, তরুণদের চাকরিপ্রার্থী না হয়ে উদ্যোক্তা হিসেবে নিজেদের গড়ে তুলতে হবে। তাহলেই কেবল টেকসই উন্নয়ন সম্ভব। বৃহস্পতিবার (৩ এপ্রিল) থাইল্যান্ডের রাজধানী ব্যাংককে বিমসটেক ইয়ং জেনারেশন ফোরামে বক্তব্য প্রদানকালে তিনি এ কথা বলেন। অনুষ্ঠানে বাংলাদেশের প্রধান উপদেষ্টা কী-নোট স্পিকার ছিলেন।",-1,-1,-1,-1,0,0,0,0,0,1
এটাই করা দরকার কেননা ৮০০০৳ বিনিময়ে ওরা যা ব্যবহার করে তার চেয়ে ভালো ছোটখাটো বিজনেস দিয়ে শুরু করা,banglatoco,"চাকরিপ্রার্থী না হয়ে তরুণদের উদ্যোক্তা হতে প্রধান উপদেষ্টার আহ্বান প্রধান উপদেষ্টা অধ্যাপক ড. মুহাম্মদ ইউনূস তরুণদের চাকরিপ্রার্থী না হয়ে উদ্যোক্তা হওয়ার আহ্বান জানিয়েছেন। তিনি তরুণদের উদ্দেশে বলেছেন, তরুণদের চাকরিপ্রার্থী না হয়ে উদ্যোক্তা হিসেবে নিজেদের গড়ে তুলতে হবে। তাহলেই কেবল টেকসই উন্নয়ন সম্ভব। বৃহস্পতিবার (৩ এপ্রিল) থাইল্যান্ডের রাজধানী ব্যাংককে বিমসটেক ইয়ং জেনারেশন ফোরামে বক্তব্য প্রদানকালে তিনি এ কথা বলেন। অনুষ্ঠানে বাংলাদেশের প্রধান উপদেষ্টা কী-নোট স্পিকার ছিলেন।",-1,-1,-1,-1,0,0,0,0,0,1
"কি বেটারা চাকরি করবি না,শুয়োরের বাচ্চা মেধাবীরা পাপের তো টাকা নাই ফইন্নি চুরি চামারি কর যতদিন ইউনুস আছে ব্যাবসা গুছাও ।",banglatoco,"চাকরিপ্রার্থী না হয়ে তরুণদের উদ্যোক্তা হতে প্রধান উপদেষ্টার আহ্বান প্রধান উপদেষ্টা অধ্যাপক ড. মুহাম্মদ ইউনূস তরুণদের চাকরিপ্রার্থী না হয়ে উদ্যোক্তা হওয়ার আহ্বান জানিয়েছেন। তিনি তরুণদের উদ্দেশে বলেছেন, তরুণদের চাকরিপ্রার্থী না হয়ে উদ্যোক্তা হিসেবে নিজেদের গড়ে তুলতে হবে। তাহলেই কেবল টেকসই উন্নয়ন সম্ভব। বৃহস্পতিবার (৩ এপ্রিল) থাইল্যান্ডের রাজধানী ব্যাংককে বিমসটেক ইয়ং জেনারেশন ফোরামে বক্তব্য প্রদানকালে তিনি এ কথা বলেন। অনুষ্ঠানে বাংলাদেশের প্রধান উপদেষ্টা কী-নোট স্পিকার ছিলেন।",-1,-1,-1,-1,1,0,0,0,0,1
"বিভিন্ন এনজিও থেকে সুদ আসনে ঋণ নাও উদ্যোক্তা হও আর ইউনুস সাহেবের পকেট গরম করুন, ক্ষমতা দরকার ছিল পেয়ে গেছি চাকরি দিয়ে কি হবে",banglatoco,"চাকরিপ্রার্থী না হয়ে তরুণদের উদ্যোক্তা হতে প্রধান উপদেষ্টার আহ্বান প্রধান উপদেষ্টা অধ্যাপক ড. মুহাম্মদ ইউনূস তরুণদের চাকরিপ্রার্থী না হয়ে উদ্যোক্তা হওয়ার আহ্বান জানিয়েছেন। তিনি তরুণদের উদ্দেশে বলেছেন, তরুণদের চাকরিপ্রার্থী না হয়ে উদ্যোক্তা হিসেবে নিজেদের গড়ে তুলতে হবে। তাহলেই কেবল টেকসই উন্নয়ন সম্ভব। বৃহস্পতিবার (৩ এপ্রিল) থাইল্যান্ডের রাজধানী ব্যাংককে বিমসটেক ইয়ং জেনারেশন ফোরামে বক্তব্য প্রদানকালে তিনি এ কথা বলেন। অনুষ্ঠানে বাংলাদেশের প্রধান উপদেষ্টা কী-নোট স্পিকার ছিলেন।",-1,-1,-1,-1,1,0,0,0,0,1
শান্তির পোলা একটা করে বিদেশ সফর করে আর বাংলাদেশ নতুন নতুন বাশ খায়। এই নাকি আবার আন্তর্জাতিক খেলোয়াড় 🤣🤣,banglatoco,"চাকরিপ্রার্থী না হয়ে তরুণদের উদ্যোক্তা হতে প্রধান উপদেষ্টার আহ্বান প্রধান উপদেষ্টা অধ্যাপক ড. মুহাম্মদ ইউনূস তরুণদের চাকরিপ্রার্থী না হয়ে উদ্যোক্তা হওয়ার আহ্বান জানিয়েছেন। তিনি তরুণদের উদ্দেশে বলেছেন, তরুণদের চাকরিপ্রার্থী না হয়ে উদ্যোক্তা হিসেবে নিজেদের গড়ে তুলতে হবে। তাহলেই কেবল টেকসই উন্নয়ন সম্ভব। বৃহস্পতিবার (৩ এপ্রিল) থাইল্যান্ডের রাজধানী ব্যাংককে বিমসটেক ইয়ং জেনারেশন ফোরামে বক্তব্য প্রদানকালে তিনি এ কথা বলেন। অনুষ্ঠানে বাংলাদেশের প্রধান উপদেষ্টা কী-নোট স্পিকার ছিলেন।",-1,-1,-1,-1,1,0,0,0,0,1
"কারন দেশটার পুক্কিমারা শেষ, দেশে আর কারো চাকরি হবেনা।",banglatoco,"চাকরিপ্রার্থী না হয়ে তরুণদের উদ্যোক্তা হতে প্রধান উপদেষ্টার আহ্বান প্রধান উপদেষ্টা অধ্যাপক ড. মুহাম্মদ ইউনূস তরুণদের চাকরিপ্রার্থী না হয়ে উদ্যোক্তা হওয়ার আহ্বান জানিয়েছেন। তিনি তরুণদের উদ্দেশে বলেছেন, তরুণদের চাকরিপ্রার্থী না হয়ে উদ্যোক্তা হিসেবে নিজেদের গড়ে তুলতে হবে। তাহলেই কেবল টেকসই উন্নয়ন সম্ভব। বৃহস্পতিবার (৩ এপ্রিল) থাইল্যান্ডের রাজধানী ব্যাংককে বিমসটেক ইয়ং জেনারেশন ফোরামে বক্তব্য প্রদানকালে তিনি এ কথা বলেন। অনুষ্ঠানে বাংলাদেশের প্রধান উপদেষ্টা কী-নোট স্পিকার ছিলেন।",-1,-1,-1,-1,1,0,0,0,0,1
সুদে উদ্যোক্তা,banglatoco,"চাকরিপ্রার্থী না হয়ে তরুণদের উদ্যোক্তা হতে প্রধান উপদেষ্টার আহ্বান প্রধান উপদেষ্টা অধ্যাপক ড. মুহাম্মদ ইউনূস তরুণদের চাকরিপ্রার্থী না হয়ে উদ্যোক্তা হওয়ার আহ্বান জানিয়েছেন। তিনি তরুণদের উদ্দেশে বলেছেন, তরুণদের চাকরিপ্রার্থী না হয়ে উদ্যোক্তা হিসেবে নিজেদের গড়ে তুলতে হবে। তাহলেই কেবল টেকসই উন্নয়ন সম্ভব। বৃহস্পতিবার (৩ এপ্রিল) থাইল্যান্ডের রাজধানী ব্যাংককে বিমসটেক ইয়ং জেনারেশন ফোরামে বক্তব্য প্রদানকালে তিনি এ কথা বলেন। অনুষ্ঠানে বাংলাদেশের প্রধান উপদেষ্টা কী-নোট স্পিকার ছিলেন।",-1,-1,-1,-1,1,0,0,0,0,1
চাকুরির জন্যই তো এতো আন্দোলন।,banglatoco,"চাকরিপ্রার্থী না হয়ে তরুণদের উদ্যোক্তা হতে প্রধান উপদেষ্টার আহ্বান প্রধান উপদেষ্টা অধ্যাপক ড. মুহাম্মদ ইউনূস তরুণদের চাকরিপ্রার্থী না হয়ে উদ্যোক্তা হওয়ার আহ্বান জানিয়েছেন। তিনি তরুণদের উদ্দেশে বলেছেন, তরুণদের চাকরিপ্রার্থী না হয়ে উদ্যোক্তা হিসেবে নিজেদের গড়ে তুলতে হবে। তাহলেই কেবল টেকসই উন্নয়ন সম্ভব। বৃহস্পতিবার (৩ এপ্রিল) থাইল্যান্ডের রাজধানী ব্যাংককে বিমসটেক ইয়ং জেনারেশন ফোরামে বক্তব্য প্রদানকালে তিনি এ কথা বলেন। অনুষ্ঠানে বাংলাদেশের প্রধান উপদেষ্টা কী-নোট স্পিকার ছিলেন।",-1,-1,-1,-1,0,0,0,0,0,1
"সরকারের যে ধরনের সহযোগিতা প্রয়োজন, সে টা বাংলাদেশে অকল্পনীয়",banglatoco,"চাকরিপ্রার্থী না হয়ে তরুণদের উদ্যোক্তা হতে প্রধান উপদেষ্টার আহ্বান প্রধান উপদেষ্টা অধ্যাপক ড. মুহাম্মদ ইউনূস তরুণদের চাকরিপ্রার্থী না হয়ে উদ্যোক্তা হওয়ার আহ্বান জানিয়েছেন। তিনি তরুণদের উদ্দেশে বলেছেন, তরুণদের চাকরিপ্রার্থী না হয়ে উদ্যোক্তা হিসেবে নিজেদের গড়ে তুলতে হবে। তাহলেই কেবল টেকসই উন্নয়ন সম্ভব। বৃহস্পতিবার (৩ এপ্রিল) থাইল্যান্ডের রাজধানী ব্যাংককে বিমসটেক ইয়ং জেনারেশন ফোরামে বক্তব্য প্রদানকালে তিনি এ কথা বলেন। অনুষ্ঠানে বাংলাদেশের প্রধান উপদেষ্টা কী-নোট স্পিকার ছিলেন।",-1,-1,-1,-1,0,0,0,0,0,1
উদ্যোক্তা হয়ে গ্রামীণ ব্যাংক থেকে সুদে টাকা নেন সবাই 🐸,banglatoco,"চাকরিপ্রার্থী না হয়ে তরুণদের উদ্যোক্তা হতে প্রধান উপদেষ্টার আহ্বান প্রধান উপদেষ্টা অধ্যাপক ড. মুহাম্মদ ইউনূস তরুণদের চাকরিপ্রার্থী না হয়ে উদ্যোক্তা হওয়ার আহ্বান জানিয়েছেন। তিনি তরুণদের উদ্দেশে বলেছেন, তরুণদের চাকরিপ্রার্থী না হয়ে উদ্যোক্তা হিসেবে নিজেদের গড়ে তুলতে হবে। তাহলেই কেবল টেকসই উন্নয়ন সম্ভব। বৃহস্পতিবার (৩ এপ্রিল) থাইল্যান্ডের রাজধানী ব্যাংককে বিমসটেক ইয়ং জেনারেশন ফোরামে বক্তব্য প্রদানকালে তিনি এ কথা বলেন। অনুষ্ঠানে বাংলাদেশের প্রধান উপদেষ্টা কী-নোট স্পিকার ছিলেন।",-1,-1,-1,-1,1,0,0,0,0,1
আমি উদ্যোক্তা হতে চাই কিন্তু টাকা দরকার পরামর্শের পাশাপাশি ব্যবস্তা দরকার,banglatoco,"চাকরিপ্রার্থী না হয়ে তরুণদের উদ্যোক্তা হতে প্রধান উপদেষ্টার আহ্বান প্রধান উপদেষ্টা অধ্যাপক ড. মুহাম্মদ ইউনূস তরুণদের চাকরিপ্রার্থী না হয়ে উদ্যোক্তা হওয়ার আহ্বান জানিয়েছেন। তিনি তরুণদের উদ্দেশে বলেছেন, তরুণদের চাকরিপ্রার্থী না হয়ে উদ্যোক্তা হিসেবে নিজেদের গড়ে তুলতে হবে। তাহলেই কেবল টেকসই উন্নয়ন সম্ভব। বৃহস্পতিবার (৩ এপ্রিল) থাইল্যান্ডের রাজধানী ব্যাংককে বিমসটেক ইয়ং জেনারেশন ফোরামে বক্তব্য প্রদানকালে তিনি এ কথা বলেন। অনুষ্ঠানে বাংলাদেশের প্রধান উপদেষ্টা কী-নোট স্পিকার ছিলেন।",-1,-1,-1,-1,0,0,0,0,0,1
কেন? চাকুরির জন্যই তো এতো কিছু হলো!!!,banglatoco,"চাকরিপ্রার্থী না হয়ে তরুণদের উদ্যোক্তা হতে প্রধান উপদেষ্টার আহ্বান প্রধান উপদেষ্টা অধ্যাপক ড. মুহাম্মদ ইউনূস তরুণদের চাকরিপ্রার্থী না হয়ে উদ্যোক্তা হওয়ার আহ্বান জানিয়েছেন। তিনি তরুণদের উদ্দেশে বলেছেন, তরুণদের চাকরিপ্রার্থী না হয়ে উদ্যোক্তা হিসেবে নিজেদের গড়ে তুলতে হবে। তাহলেই কেবল টেকসই উন্নয়ন সম্ভব। বৃহস্পতিবার (৩ এপ্রিল) থাইল্যান্ডের রাজধানী ব্যাংককে বিমসটেক ইয়ং জেনারেশন ফোরামে বক্তব্য প্রদানকালে তিনি এ কথা বলেন। অনুষ্ঠানে বাংলাদেশের প্রধান উপদেষ্টা কী-নোট স্পিকার ছিলেন।",-1,-1,-1,-1,0,0,0,0,0,1
ড.ইউনুসের মতো একজন রাষ্ট্রপ্রধান পাওয়া সত্যিই এ জাতির সৌভাগ্য।,banglatoco,"চাকরিপ্রার্থী না হয়ে তরুণদের উদ্যোক্তা হতে প্রধান উপদেষ্টার আহ্বান প্রধান উপদেষ্টা অধ্যাপক ড. মুহাম্মদ ইউনূস তরুণদের চাকরিপ্রার্থী না হয়ে উদ্যোক্তা হওয়ার আহ্বান জানিয়েছেন। তিনি তরুণদের উদ্দেশে বলেছেন, তরুণদের চাকরিপ্রার্থী না হয়ে উদ্যোক্তা হিসেবে নিজেদের গড়ে তুলতে হবে। তাহলেই কেবল টেকসই উন্নয়ন সম্ভব। বৃহস্পতিবার (৩ এপ্রিল) থাইল্যান্ডের রাজধানী ব্যাংককে বিমসটেক ইয়ং জেনারেশন ফোরামে বক্তব্য প্রদানকালে তিনি এ কথা বলেন। অনুষ্ঠানে বাংলাদেশের প্রধান উপদেষ্টা কী-নোট স্পিকার ছিলেন।",-1,-1,-1,-1,0,0,0,0,0,1
একদম ঠিক কথা,banglatoco,"চাকরিপ্রার্থী না হয়ে তরুণদের উদ্যোক্তা হতে প্রধান উপদেষ্টার আহ্বান প্রধান উপদেষ্টা অধ্যাপক ড. মুহাম্মদ ইউনূস তরুণদের চাকরিপ্রার্থী না হয়ে উদ্যোক্তা হওয়ার আহ্বান জানিয়েছেন। তিনি তরুণদের উদ্দেশে বলেছেন, তরুণদের চাকরিপ্রার্থী না হয়ে উদ্যোক্তা হিসেবে নিজেদের গড়ে তুলতে হবে। তাহলেই কেবল টেকসই উন্নয়ন সম্ভব। বৃহস্পতিবার (৩ এপ্রিল) থাইল্যান্ডের রাজধানী ব্যাংককে বিমসটেক ইয়ং জেনারেশন ফোরামে বক্তব্য প্রদানকালে তিনি এ কথা বলেন। অনুষ্ঠানে বাংলাদেশের প্রধান উপদেষ্টা কী-নোট স্পিকার ছিলেন।",-1,-1,-1,-1,0,0,0,0,0,1
"চাপাবাজী বাদ দিয়ে ঘরের ছেলে ঘরে চলে যান, মান সম্মান থাকতে",banglatoco,"চাকরিপ্রার্থী না হয়ে তরুণদের উদ্যোক্তা হতে প্রধান উপদেষ্টার আহ্বান প্রধান উপদেষ্টা অধ্যাপক ড. মুহাম্মদ ইউনূস তরুণদের চাকরিপ্রার্থী না হয়ে উদ্যোক্তা হওয়ার আহ্বান জানিয়েছেন। তিনি তরুণদের উদ্দেশে বলেছেন, তরুণদের চাকরিপ্রার্থী না হয়ে উদ্যোক্তা হিসেবে নিজেদের গড়ে তুলতে হবে। তাহলেই কেবল টেকসই উন্নয়ন সম্ভব। বৃহস্পতিবার (৩ এপ্রিল) থাইল্যান্ডের রাজধানী ব্যাংককে বিমসটেক ইয়ং জেনারেশন ফোরামে বক্তব্য প্রদানকালে তিনি এ কথা বলেন। অনুষ্ঠানে বাংলাদেশের প্রধান উপদেষ্টা কী-নোট স্পিকার ছিলেন।",-1,-1,-1,-1,1,0,0,0,0,1
ব্যাংক লোন সহজ করুন জনাব।,banglatoco,"চাকরিপ্রার্থী না হয়ে তরুণদের উদ্যোক্তা হতে প্রধান উপদেষ্টার আহ্বান প্রধান উপদেষ্টা অধ্যাপক ড. মুহাম্মদ ইউনূস তরুণদের চাকরিপ্রার্থী না হয়ে উদ্যোক্তা হওয়ার আহ্বান জানিয়েছেন। তিনি তরুণদের উদ্দেশে বলেছেন, তরুণদের চাকরিপ্রার্থী না হয়ে উদ্যোক্তা হিসেবে নিজেদের গড়ে তুলতে হবে। তাহলেই কেবল টেকসই উন্নয়ন সম্ভব। বৃহস্পতিবার (৩ এপ্রিল) থাইল্যান্ডের রাজধানী ব্যাংককে বিমসটেক ইয়ং জেনারেশন ফোরামে বক্তব্য প্রদানকালে তিনি এ কথা বলেন। অনুষ্ঠানে বাংলাদেশের প্রধান উপদেষ্টা কী-নোট স্পিকার ছিলেন।",-1,-1,-1,-1,0,0,0,0,0,1
ব‍্যাংক লোন সহজ করে দেন সবাই তেলের মাথায় তেল দে দেখা যাক আপনার হাত ধরে পরিবর্তন হয় কি না।,banglatoco,"চাকরিপ্রার্থী না হয়ে তরুণদের উদ্যোক্তা হতে প্রধান উপদেষ্টার আহ্বান প্রধান উপদেষ্টা অধ্যাপক ড. মুহাম্মদ ইউনূস তরুণদের চাকরিপ্রার্থী না হয়ে উদ্যোক্তা হওয়ার আহ্বান জানিয়েছেন। তিনি তরুণদের উদ্দেশে বলেছেন, তরুণদের চাকরিপ্রার্থী না হয়ে উদ্যোক্তা হিসেবে নিজেদের গড়ে তুলতে হবে। তাহলেই কেবল টেকসই উন্নয়ন সম্ভব। বৃহস্পতিবার (৩ এপ্রিল) থাইল্যান্ডের রাজধানী ব্যাংককে বিমসটেক ইয়ং জেনারেশন ফোরামে বক্তব্য প্রদানকালে তিনি এ কথা বলেন। অনুষ্ঠানে বাংলাদেশের প্রধান উপদেষ্টা কী-নোট স্পিকার ছিলেন।",-1,-1,-1,-1,0,0,0,0,0,1
লাইসেন্স দিবে কে?,banglatoco,"চাকরিপ্রার্থী না হয়ে তরুণদের উদ্যোক্তা হতে প্রধান উপদেষ্টার আহ্বান প্রধান উপদেষ্টা অধ্যাপক ড. মুহাম্মদ ইউনূস তরুণদের চাকরিপ্রার্থী না হয়ে উদ্যোক্তা হওয়ার আহ্বান জানিয়েছেন। তিনি তরুণদের উদ্দেশে বলেছেন, তরুণদের চাকরিপ্রার্থী না হয়ে উদ্যোক্তা হিসেবে নিজেদের গড়ে তুলতে হবে। তাহলেই কেবল টেকসই উন্নয়ন সম্ভব। বৃহস্পতিবার (৩ এপ্রিল) থাইল্যান্ডের রাজধানী ব্যাংককে বিমসটেক ইয়ং জেনারেশন ফোরামে বক্তব্য প্রদানকালে তিনি এ কথা বলেন। অনুষ্ঠানে বাংলাদেশের প্রধান উপদেষ্টা কী-নোট স্পিকার ছিলেন।",-1,-1,-1,-1,0,0,0,0,0,1
পৃথিবীর সেরা মুভি,banglatoco,"সিঙ্গেল স্ক্রিনে মধ্যরাতেও বরবাদ, সিনেপ্লেক্সে টিকিটের হাহাকার! ঈদে মুক্তি পাওয়া ছয় ছবির মধ্যে সুপারস্টার শাকিব খানের ‘বরবাদ’ দর্শকদের মধ্যে রীতিমত উন্মাদনা সৃষ্টি করেছে।এমনকি দুদিন আগে ঈশ্বরগঞ্জে টিকিট না পেয়ে হল ভাংচুরের ঘটনা ঘটেছে। পাশাপাশি দর্শকদের চাপ সামলাতে মধ্যরাতে বিশেষ প্রদর্শনীর খবর এসেছে বগুড়ার মধুবন সিনেপ্লেক্স থেকে।হল কর্তৃপক্ষ ফেসবুকে পোস্ট দিয়ে জানায়, “বরবাদ” দর্শকের ভালোবাসা ও বিপুল আগ্রহ এবং চাহিদার কারণে ঈদের দ্বিতীয় দিন রাত ১১:৫৫ থেকে বিশেষ শো চালু করা হয়েছে। প্রথমদিন প্রথম শো থেকে সব শো হাউজফুল দিচ্ছে।মধুবনের ব্যবস্থাপনা পরিচালক রোকনুজ্জামান ইউনূস বলেন, বহুদিন পর ছবি দেখে দর্শক হলের মধ্যে শিষ দিচ্ছে তালি দিচ্ছে। অগ্রিম টিকিটের পাশাপাশি লম্বা লাইন দিচ্ছে কাউন্টারে। আশা করছি বরবাদ নতুন ইতিহাস গড়বে।",-1,-1,-1,-1,0,0,0,0,0,1
চ্যানেল আই কে অনেক ধন্যবাদ সত্য নিউজ প্রকাশ করার জন্য ❤️❤️❤️,banglatoco,"সিঙ্গেল স্ক্রিনে মধ্যরাতেও বরবাদ, সিনেপ্লেক্সে টিকিটের হাহাকার! ঈদে মুক্তি পাওয়া ছয় ছবির মধ্যে সুপারস্টার শাকিব খানের ‘বরবাদ’ দর্শকদের মধ্যে রীতিমত উন্মাদনা সৃষ্টি করেছে।এমনকি দুদিন আগে ঈশ্বরগঞ্জে টিকিট না পেয়ে হল ভাংচুরের ঘটনা ঘটেছে। পাশাপাশি দর্শকদের চাপ সামলাতে মধ্যরাতে বিশেষ প্রদর্শনীর খবর এসেছে বগুড়ার মধুবন সিনেপ্লেক্স থেকে।হল কর্তৃপক্ষ ফেসবুকে পোস্ট দিয়ে জানায়, “বরবাদ” দর্শকের ভালোবাসা ও বিপুল আগ্রহ এবং চাহিদার কারণে ঈদের দ্বিতীয় দিন রাত ১১:৫৫ থেকে বিশেষ শো চালু করা হয়েছে। প্রথমদিন প্রথম শো থেকে সব শো হাউজফুল দিচ্ছে।মধুবনের ব্যবস্থাপনা পরিচালক রোকনুজ্জামান ইউনূস বলেন, বহুদিন পর ছবি দেখে দর্শক হলের মধ্যে শিষ দিচ্ছে তালি দিচ্ছে। অগ্রিম টিকিটের পাশাপাশি লম্বা লাইন দিচ্ছে কাউন্টারে। আশা করছি বরবাদ নতুন ইতিহাস গড়বে।",-1,-1,-1,-1,0,0,0,0,0,1
গতকাল মুভিটা দেখলাম এটা যে কি পরিমান একটা খারাপ মুভি যে দেখবে সে বুঝবে,banglatoco,"সিঙ্গেল স্ক্রিনে মধ্যরাতেও বরবাদ, সিনেপ্লেক্সে টিকিটের হাহাকার! ঈদে মুক্তি পাওয়া ছয় ছবির মধ্যে সুপারস্টার শাকিব খানের ‘বরবাদ’ দর্শকদের মধ্যে রীতিমত উন্মাদনা সৃষ্টি করেছে।এমনকি দুদিন আগে ঈশ্বরগঞ্জে টিকিট না পেয়ে হল ভাংচুরের ঘটনা ঘটেছে। পাশাপাশি দর্শকদের চাপ সামলাতে মধ্যরাতে বিশেষ প্রদর্শনীর খবর এসেছে বগুড়ার মধুবন সিনেপ্লেক্স থেকে।হল কর্তৃপক্ষ ফেসবুকে পোস্ট দিয়ে জানায়, “বরবাদ” দর্শকের ভালোবাসা ও বিপুল আগ্রহ এবং চাহিদার কারণে ঈদের দ্বিতীয় দিন রাত ১১:৫৫ থেকে বিশেষ শো চালু করা হয়েছে। প্রথমদিন প্রথম শো থেকে সব শো হাউজফুল দিচ্ছে।মধুবনের ব্যবস্থাপনা পরিচালক রোকনুজ্জামান ইউনূস বলেন, বহুদিন পর ছবি দেখে দর্শক হলের মধ্যে শিষ দিচ্ছে তালি দিচ্ছে। অগ্রিম টিকিটের পাশাপাশি লম্বা লাইন দিচ্ছে কাউন্টারে। আশা করছি বরবাদ নতুন ইতিহাস গড়বে। জীবনে নাটক দেখছো মুভি তো আর দেও নাই বুঝবে কেমনে",-1,-1,-1,-1,0,0,0,0,0,1
জীবনে নাটক দেখছো মুভি তো আর দেও নাই বুঝবে কেমনে,banglatoco,"সিঙ্গেল স্ক্রিনে মধ্যরাতেও বরবাদ, সিনেপ্লেক্সে টিকিটের হাহাকার! ঈদে মুক্তি পাওয়া ছয় ছবির মধ্যে সুপারস্টার শাকিব খানের ‘বরবাদ’ দর্শকদের মধ্যে রীতিমত উন্মাদনা সৃষ্টি করেছে।এমনকি দুদিন আগে ঈশ্বরগঞ্জে টিকিট না পেয়ে হল ভাংচুরের ঘটনা ঘটেছে। পাশাপাশি দর্শকদের চাপ সামলাতে মধ্যরাতে বিশেষ প্রদর্শনীর খবর এসেছে বগুড়ার মধুবন সিনেপ্লেক্স থেকে।হল কর্তৃপক্ষ ফেসবুকে পোস্ট দিয়ে জানায়, “বরবাদ” দর্শকের ভালোবাসা ও বিপুল আগ্রহ এবং চাহিদার কারণে ঈদের দ্বিতীয় দিন রাত ১১:৫৫ থেকে বিশেষ শো চালু করা হয়েছে। প্রথমদিন প্রথম শো থেকে সব শো হাউজফুল দিচ্ছে।মধুবনের ব্যবস্থাপনা পরিচালক রোকনুজ্জামান ইউনূস বলেন, বহুদিন পর ছবি দেখে দর্শক হলের মধ্যে শিষ দিচ্ছে তালি দিচ্ছে। অগ্রিম টিকিটের পাশাপাশি লম্বা লাইন দিচ্ছে কাউন্টারে। আশা করছি বরবাদ নতুন ইতিহাস গড়বে। গতকাল মুভিটা দেখলাম এটা যে কি পরিমান একটা খারাপ মুভি যে দেখবে সে বুঝবে",-1,-1,-1,-1,1,0,0,0,0,1
আরে ভাই রাজা সব সময় রাজা থাকে|শাকিব খান যতো দিন ছবি করবে ততো দিন অন্য।কোন নায়ক তার সাথে পারবে না ১০০ % দিয়ে বলতে পারি এরকম যখন সালমানসা যখন ছবি করতো তখন অন্য কোন নায়ক এর ছবি হিট হয় নি এখন ও সেম সাকিব খান যতো দিন ছবি করবে ততো দিন অন্য কোন নায়ক এর ছবি হিট হবে না,banglatoco,"সিঙ্গেল স্ক্রিনে মধ্যরাতেও বরবাদ, সিনেপ্লেক্সে টিকিটের হাহাকার! ঈদে মুক্তি পাওয়া ছয় ছবির মধ্যে সুপারস্টার শাকিব খানের ‘বরবাদ’ দর্শকদের মধ্যে রীতিমত উন্মাদনা সৃষ্টি করেছে।এমনকি দুদিন আগে ঈশ্বরগঞ্জে টিকিট না পেয়ে হল ভাংচুরের ঘটনা ঘটেছে। পাশাপাশি দর্শকদের চাপ সামলাতে মধ্যরাতে বিশেষ প্রদর্শনীর খবর এসেছে বগুড়ার মধুবন সিনেপ্লেক্স থেকে।হল কর্তৃপক্ষ ফেসবুকে পোস্ট দিয়ে জানায়, “বরবাদ” দর্শকের ভালোবাসা ও বিপুল আগ্রহ এবং চাহিদার কারণে ঈদের দ্বিতীয় দিন রাত ১১:৫৫ থেকে বিশেষ শো চালু করা হয়েছে। প্রথমদিন প্রথম শো থেকে সব শো হাউজফুল দিচ্ছে।মধুবনের ব্যবস্থাপনা পরিচালক রোকনুজ্জামান ইউনূস বলেন, বহুদিন পর ছবি দেখে দর্শক হলের মধ্যে শিষ দিচ্ছে তালি দিচ্ছে। অগ্রিম টিকিটের পাশাপাশি লম্বা লাইন দিচ্ছে কাউন্টারে। আশা করছি বরবাদ নতুন ইতিহাস গড়বে।",-1,-1,-1,-1,0,0,0,0,0,1
"২০০ টাকার টিকেট ৫০০ দিয়ে দেখছি বরবাদ, কাউন্টার টিকেট নাই ব্লাকে টিকেট কাটতে হয়,এর প্রতিবাদ জানাই",banglatoco,"সিঙ্গেল স্ক্রিনে মধ্যরাতেও বরবাদ, সিনেপ্লেক্সে টিকিটের হাহাকার! ঈদে মুক্তি পাওয়া ছয় ছবির মধ্যে সুপারস্টার শাকিব খানের ‘বরবাদ’ দর্শকদের মধ্যে রীতিমত উন্মাদনা সৃষ্টি করেছে।এমনকি দুদিন আগে ঈশ্বরগঞ্জে টিকিট না পেয়ে হল ভাংচুরের ঘটনা ঘটেছে। পাশাপাশি দর্শকদের চাপ সামলাতে মধ্যরাতে বিশেষ প্রদর্শনীর খবর এসেছে বগুড়ার মধুবন সিনেপ্লেক্স থেকে।হল কর্তৃপক্ষ ফেসবুকে পোস্ট দিয়ে জানায়, “বরবাদ” দর্শকের ভালোবাসা ও বিপুল আগ্রহ এবং চাহিদার কারণে ঈদের দ্বিতীয় দিন রাত ১১:৫৫ থেকে বিশেষ শো চালু করা হয়েছে। প্রথমদিন প্রথম শো থেকে সব শো হাউজফুল দিচ্ছে।মধুবনের ব্যবস্থাপনা পরিচালক রোকনুজ্জামান ইউনূস বলেন, বহুদিন পর ছবি দেখে দর্শক হলের মধ্যে শিষ দিচ্ছে তালি দিচ্ছে। অগ্রিম টিকিটের পাশাপাশি লম্বা লাইন দিচ্ছে কাউন্টারে। আশা করছি বরবাদ নতুন ইতিহাস গড়বে।",-1,-1,-1,-1,0,0,0,0,0,1
"এবারের সিনেমা একটাই বরবাদ সারাদেশ তছনছ করে দিচ্ছে বরবাদ""""""লাখ লাখ দর্শক কঠিন সিনেমা বানিয়েছেন ফুল প্যাকেজ হিরো দিয়ে,,,গ্রেড পরিচালক রিদয় ভাই",banglatoco,"সিঙ্গেল স্ক্রিনে মধ্যরাতেও বরবাদ, সিনেপ্লেক্সে টিকিটের হাহাকার! ঈদে মুক্তি পাওয়া ছয় ছবির মধ্যে সুপারস্টার শাকিব খানের ‘বরবাদ’ দর্শকদের মধ্যে রীতিমত উন্মাদনা সৃষ্টি করেছে।এমনকি দুদিন আগে ঈশ্বরগঞ্জে টিকিট না পেয়ে হল ভাংচুরের ঘটনা ঘটেছে। পাশাপাশি দর্শকদের চাপ সামলাতে মধ্যরাতে বিশেষ প্রদর্শনীর খবর এসেছে বগুড়ার মধুবন সিনেপ্লেক্স থেকে।হল কর্তৃপক্ষ ফেসবুকে পোস্ট দিয়ে জানায়, “বরবাদ” দর্শকের ভালোবাসা ও বিপুল আগ্রহ এবং চাহিদার কারণে ঈদের দ্বিতীয় দিন রাত ১১:৫৫ থেকে বিশেষ শো চালু করা হয়েছে। প্রথমদিন প্রথম শো থেকে সব শো হাউজফুল দিচ্ছে।মধুবনের ব্যবস্থাপনা পরিচালক রোকনুজ্জামান ইউনূস বলেন, বহুদিন পর ছবি দেখে দর্শক হলের মধ্যে শিষ দিচ্ছে তালি দিচ্ছে। অগ্রিম টিকিটের পাশাপাশি লম্বা লাইন দিচ্ছে কাউন্টারে। আশা করছি বরবাদ নতুন ইতিহাস গড়বে।",-1,-1,-1,-1,0,0,0,0,0,1
ছবি টা অসাধারণ পরিবার সবাই ক নিয়ে দেখার মতো,banglatoco,"সিঙ্গেল স্ক্রিনে মধ্যরাতেও বরবাদ, সিনেপ্লেক্সে টিকিটের হাহাকার! ঈদে মুক্তি পাওয়া ছয় ছবির মধ্যে সুপারস্টার শাকিব খানের ‘বরবাদ’ দর্শকদের মধ্যে রীতিমত উন্মাদনা সৃষ্টি করেছে।এমনকি দুদিন আগে ঈশ্বরগঞ্জে টিকিট না পেয়ে হল ভাংচুরের ঘটনা ঘটেছে। পাশাপাশি দর্শকদের চাপ সামলাতে মধ্যরাতে বিশেষ প্রদর্শনীর খবর এসেছে বগুড়ার মধুবন সিনেপ্লেক্স থেকে।হল কর্তৃপক্ষ ফেসবুকে পোস্ট দিয়ে জানায়, “বরবাদ” দর্শকের ভালোবাসা ও বিপুল আগ্রহ এবং চাহিদার কারণে ঈদের দ্বিতীয় দিন রাত ১১:৫৫ থেকে বিশেষ শো চালু করা হয়েছে। প্রথমদিন প্রথম শো থেকে সব শো হাউজফুল দিচ্ছে।মধুবনের ব্যবস্থাপনা পরিচালক রোকনুজ্জামান ইউনূস বলেন, বহুদিন পর ছবি দেখে দর্শক হলের মধ্যে শিষ দিচ্ছে তালি দিচ্ছে। অগ্রিম টিকিটের পাশাপাশি লম্বা লাইন দিচ্ছে কাউন্টারে। আশা করছি বরবাদ নতুন ইতিহাস গড়বে।",-1,-1,-1,-1,0,0,0,0,0,1
শাকিব খান নাম টাই একটা ব্রান্ড🥰,banglatoco,"সিঙ্গেল স্ক্রিনে মধ্যরাতেও বরবাদ, সিনেপ্লেক্সে টিকিটের হাহাকার! ঈদে মুক্তি পাওয়া ছয় ছবির মধ্যে সুপারস্টার শাকিব খানের ‘বরবাদ’ দর্শকদের মধ্যে রীতিমত উন্মাদনা সৃষ্টি করেছে।এমনকি দুদিন আগে ঈশ্বরগঞ্জে টিকিট না পেয়ে হল ভাংচুরের ঘটনা ঘটেছে। পাশাপাশি দর্শকদের চাপ সামলাতে মধ্যরাতে বিশেষ প্রদর্শনীর খবর এসেছে বগুড়ার মধুবন সিনেপ্লেক্স থেকে।হল কর্তৃপক্ষ ফেসবুকে পোস্ট দিয়ে জানায়, “বরবাদ” দর্শকের ভালোবাসা ও বিপুল আগ্রহ এবং চাহিদার কারণে ঈদের দ্বিতীয় দিন রাত ১১:৫৫ থেকে বিশেষ শো চালু করা হয়েছে। প্রথমদিন প্রথম শো থেকে সব শো হাউজফুল দিচ্ছে।মধুবনের ব্যবস্থাপনা পরিচালক রোকনুজ্জামান ইউনূস বলেন, বহুদিন পর ছবি দেখে দর্শক হলের মধ্যে শিষ দিচ্ছে তালি দিচ্ছে। অগ্রিম টিকিটের পাশাপাশি লম্বা লাইন দিচ্ছে কাউন্টারে। আশা করছি বরবাদ নতুন ইতিহাস গড়বে। রাইট কথা আপু",-1,-1,-1,-1,0,0,0,0,0,1
ইন্ড্রাস্টি হিট লোডিং বরবাদ 💥💥💥,banglatoco,"সিঙ্গেল স্ক্রিনে মধ্যরাতেও বরবাদ, সিনেপ্লেক্সে টিকিটের হাহাকার! ঈদে মুক্তি পাওয়া ছয় ছবির মধ্যে সুপারস্টার শাকিব খানের ‘বরবাদ’ দর্শকদের মধ্যে রীতিমত উন্মাদনা সৃষ্টি করেছে।এমনকি দুদিন আগে ঈশ্বরগঞ্জে টিকিট না পেয়ে হল ভাংচুরের ঘটনা ঘটেছে। পাশাপাশি দর্শকদের চাপ সামলাতে মধ্যরাতে বিশেষ প্রদর্শনীর খবর এসেছে বগুড়ার মধুবন সিনেপ্লেক্স থেকে।হল কর্তৃপক্ষ ফেসবুকে পোস্ট দিয়ে জানায়, “বরবাদ” দর্শকের ভালোবাসা ও বিপুল আগ্রহ এবং চাহিদার কারণে ঈদের দ্বিতীয় দিন রাত ১১:৫৫ থেকে বিশেষ শো চালু করা হয়েছে। প্রথমদিন প্রথম শো থেকে সব শো হাউজফুল দিচ্ছে।মধুবনের ব্যবস্থাপনা পরিচালক রোকনুজ্জামান ইউনূস বলেন, বহুদিন পর ছবি দেখে দর্শক হলের মধ্যে শিষ দিচ্ছে তালি দিচ্ছে। অগ্রিম টিকিটের পাশাপাশি লম্বা লাইন দিচ্ছে কাউন্টারে। আশা করছি বরবাদ নতুন ইতিহাস গড়বে।",-1,-1,-1,-1,0,0,0,0,0,1
বাংলার ইতিহাসের শ্রেষ্ঠ ছবি বরবাদ এমন ছবি আর হবে কিনা সন্দেহ আছে মেহেদী হাসান হৃদয় বাংলা সেরা পরিচালক। মেগাস্টার বিগইস্টার শাকিব খান কিং খান পৃথিবী বিখ্যাত নায়ক🤫💥🤫🤫🤫,banglatoco,"সিঙ্গেল স্ক্রিনে মধ্যরাতেও বরবাদ, সিনেপ্লেক্সে টিকিটের হাহাকার! ঈদে মুক্তি পাওয়া ছয় ছবির মধ্যে সুপারস্টার শাকিব খানের ‘বরবাদ’ দর্শকদের মধ্যে রীতিমত উন্মাদনা সৃষ্টি করেছে।এমনকি দুদিন আগে ঈশ্বরগঞ্জে টিকিট না পেয়ে হল ভাংচুরের ঘটনা ঘটেছে। পাশাপাশি দর্শকদের চাপ সামলাতে মধ্যরাতে বিশেষ প্রদর্শনীর খবর এসেছে বগুড়ার মধুবন সিনেপ্লেক্স থেকে।হল কর্তৃপক্ষ ফেসবুকে পোস্ট দিয়ে জানায়, “বরবাদ” দর্শকের ভালোবাসা ও বিপুল আগ্রহ এবং চাহিদার কারণে ঈদের দ্বিতীয় দিন রাত ১১:৫৫ থেকে বিশেষ শো চালু করা হয়েছে। প্রথমদিন প্রথম শো থেকে সব শো হাউজফুল দিচ্ছে।মধুবনের ব্যবস্থাপনা পরিচালক রোকনুজ্জামান ইউনূস বলেন, বহুদিন পর ছবি দেখে দর্শক হলের মধ্যে শিষ দিচ্ছে তালি দিচ্ছে। অগ্রিম টিকিটের পাশাপাশি লম্বা লাইন দিচ্ছে কাউন্টারে। আশা করছি বরবাদ নতুন ইতিহাস গড়বে।",-1,-1,-1,-1,0,0,0,0,0,1
বরবাদ অসাধারণ একটা মুভি,banglatoco,"সিঙ্গেল স্ক্রিনে মধ্যরাতেও বরবাদ, সিনেপ্লেক্সে টিকিটের হাহাকার! ঈদে মুক্তি পাওয়া ছয় ছবির মধ্যে সুপারস্টার শাকিব খানের ‘বরবাদ’ দর্শকদের মধ্যে রীতিমত উন্মাদনা সৃষ্টি করেছে।এমনকি দুদিন আগে ঈশ্বরগঞ্জে টিকিট না পেয়ে হল ভাংচুরের ঘটনা ঘটেছে। পাশাপাশি দর্শকদের চাপ সামলাতে মধ্যরাতে বিশেষ প্রদর্শনীর খবর এসেছে বগুড়ার মধুবন সিনেপ্লেক্স থেকে।হল কর্তৃপক্ষ ফেসবুকে পোস্ট দিয়ে জানায়, “বরবাদ” দর্শকের ভালোবাসা ও বিপুল আগ্রহ এবং চাহিদার কারণে ঈদের দ্বিতীয় দিন রাত ১১:৫৫ থেকে বিশেষ শো চালু করা হয়েছে। প্রথমদিন প্রথম শো থেকে সব শো হাউজফুল দিচ্ছে।মধুবনের ব্যবস্থাপনা পরিচালক রোকনুজ্জামান ইউনূস বলেন, বহুদিন পর ছবি দেখে দর্শক হলের মধ্যে শিষ দিচ্ছে তালি দিচ্ছে। অগ্রিম টিকিটের পাশাপাশি লম্বা লাইন দিচ্ছে কাউন্টারে। আশা করছি বরবাদ নতুন ইতিহাস গড়বে।",-1,-1,-1,-1,0,0,0,0,0,1
অইদিকে কুত্তারবাচ্চারা এর শো কমায়,banglatoco,"সিঙ্গেল স্ক্রিনে মধ্যরাতেও বরবাদ, সিনেপ্লেক্সে টিকিটের হাহাকার! ঈদে মুক্তি পাওয়া ছয় ছবির মধ্যে সুপারস্টার শাকিব খানের ‘বরবাদ’ দর্শকদের মধ্যে রীতিমত উন্মাদনা সৃষ্টি করেছে।এমনকি দুদিন আগে ঈশ্বরগঞ্জে টিকিট না পেয়ে হল ভাংচুরের ঘটনা ঘটেছে। পাশাপাশি দর্শকদের চাপ সামলাতে মধ্যরাতে বিশেষ প্রদর্শনীর খবর এসেছে বগুড়ার মধুবন সিনেপ্লেক্স থেকে।হল কর্তৃপক্ষ ফেসবুকে পোস্ট দিয়ে জানায়, “বরবাদ” দর্শকের ভালোবাসা ও বিপুল আগ্রহ এবং চাহিদার কারণে ঈদের দ্বিতীয় দিন রাত ১১:৫৫ থেকে বিশেষ শো চালু করা হয়েছে। প্রথমদিন প্রথম শো থেকে সব শো হাউজফুল দিচ্ছে।মধুবনের ব্যবস্থাপনা পরিচালক রোকনুজ্জামান ইউনূস বলেন, বহুদিন পর ছবি দেখে দর্শক হলের মধ্যে শিষ দিচ্ছে তালি দিচ্ছে। অগ্রিম টিকিটের পাশাপাশি লম্বা লাইন দিচ্ছে কাউন্টারে। আশা করছি বরবাদ নতুন ইতিহাস গড়বে।",-1,-1,-1,-1,1,0,0,0,0,1
সব বাচ্চা পোলাপাইন ছাড়া আর কেউ যায় না,banglatoco,"সিঙ্গেল স্ক্রিনে মধ্যরাতেও বরবাদ, সিনেপ্লেক্সে টিকিটের হাহাকার! ঈদে মুক্তি পাওয়া ছয় ছবির মধ্যে সুপারস্টার শাকিব খানের ‘বরবাদ’ দর্শকদের মধ্যে রীতিমত উন্মাদনা সৃষ্টি করেছে।এমনকি দুদিন আগে ঈশ্বরগঞ্জে টিকিট না পেয়ে হল ভাংচুরের ঘটনা ঘটেছে। পাশাপাশি দর্শকদের চাপ সামলাতে মধ্যরাতে বিশেষ প্রদর্শনীর খবর এসেছে বগুড়ার মধুবন সিনেপ্লেক্স থেকে।হল কর্তৃপক্ষ ফেসবুকে পোস্ট দিয়ে জানায়, “বরবাদ” দর্শকের ভালোবাসা ও বিপুল আগ্রহ এবং চাহিদার কারণে ঈদের দ্বিতীয় দিন রাত ১১:৫৫ থেকে বিশেষ শো চালু করা হয়েছে। প্রথমদিন প্রথম শো থেকে সব শো হাউজফুল দিচ্ছে।মধুবনের ব্যবস্থাপনা পরিচালক রোকনুজ্জামান ইউনূস বলেন, বহুদিন পর ছবি দেখে দর্শক হলের মধ্যে শিষ দিচ্ছে তালি দিচ্ছে। অগ্রিম টিকিটের পাশাপাশি লম্বা লাইন দিচ্ছে কাউন্টারে। আশা করছি বরবাদ নতুন ইতিহাস গড়বে।",-1,-1,-1,-1,0,0,0,0,0,1
ইটাই বাস্তব দেখার মতো ছবি শুভ কামনা,banglatoco,"সিঙ্গেল স্ক্রিনে মধ্যরাতেও বরবাদ, সিনেপ্লেক্সে টিকিটের হাহাকার! ঈদে মুক্তি পাওয়া ছয় ছবির মধ্যে সুপারস্টার শাকিব খানের ‘বরবাদ’ দর্শকদের মধ্যে রীতিমত উন্মাদনা সৃষ্টি করেছে।এমনকি দুদিন আগে ঈশ্বরগঞ্জে টিকিট না পেয়ে হল ভাংচুরের ঘটনা ঘটেছে। পাশাপাশি দর্শকদের চাপ সামলাতে মধ্যরাতে বিশেষ প্রদর্শনীর খবর এসেছে বগুড়ার মধুবন সিনেপ্লেক্স থেকে।হল কর্তৃপক্ষ ফেসবুকে পোস্ট দিয়ে জানায়, “বরবাদ” দর্শকের ভালোবাসা ও বিপুল আগ্রহ এবং চাহিদার কারণে ঈদের দ্বিতীয় দিন রাত ১১:৫৫ থেকে বিশেষ শো চালু করা হয়েছে। প্রথমদিন প্রথম শো থেকে সব শো হাউজফুল দিচ্ছে।মধুবনের ব্যবস্থাপনা পরিচালক রোকনুজ্জামান ইউনূস বলেন, বহুদিন পর ছবি দেখে দর্শক হলের মধ্যে শিষ দিচ্ছে তালি দিচ্ছে। অগ্রিম টিকিটের পাশাপাশি লম্বা লাইন দিচ্ছে কাউন্টারে। আশা করছি বরবাদ নতুন ইতিহাস গড়বে।",-1,-1,-1,-1,0,0,0,0,0,1
মিস্টার ঢালিউড,banglatoco,"সিঙ্গেল স্ক্রিনে মধ্যরাতেও বরবাদ, সিনেপ্লেক্সে টিকিটের হাহাকার! ঈদে মুক্তি পাওয়া ছয় ছবির মধ্যে সুপারস্টার শাকিব খানের ‘বরবাদ’ দর্শকদের মধ্যে রীতিমত উন্মাদনা সৃষ্টি করেছে।এমনকি দুদিন আগে ঈশ্বরগঞ্জে টিকিট না পেয়ে হল ভাংচুরের ঘটনা ঘটেছে। পাশাপাশি দর্শকদের চাপ সামলাতে মধ্যরাতে বিশেষ প্রদর্শনীর খবর এসেছে বগুড়ার মধুবন সিনেপ্লেক্স থেকে।হল কর্তৃপক্ষ ফেসবুকে পোস্ট দিয়ে জানায়, “বরবাদ” দর্শকের ভালোবাসা ও বিপুল আগ্রহ এবং চাহিদার কারণে ঈদের দ্বিতীয় দিন রাত ১১:৫৫ থেকে বিশেষ শো চালু করা হয়েছে। প্রথমদিন প্রথম শো থেকে সব শো হাউজফুল দিচ্ছে।মধুবনের ব্যবস্থাপনা পরিচালক রোকনুজ্জামান ইউনূস বলেন, বহুদিন পর ছবি দেখে দর্শক হলের মধ্যে শিষ দিচ্ছে তালি দিচ্ছে। অগ্রিম টিকিটের পাশাপাশি লম্বা লাইন দিচ্ছে কাউন্টারে। আশা করছি বরবাদ নতুন ইতিহাস গড়বে।",-1,-1,-1,-1,0,0,0,0,0,1
৫ বার দেখলাম,banglatoco,"সিঙ্গেল স্ক্রিনে মধ্যরাতেও বরবাদ, সিনেপ্লেক্সে টিকিটের হাহাকার! ঈদে মুক্তি পাওয়া ছয় ছবির মধ্যে সুপারস্টার শাকিব খানের ‘বরবাদ’ দর্শকদের মধ্যে রীতিমত উন্মাদনা সৃষ্টি করেছে।এমনকি দুদিন আগে ঈশ্বরগঞ্জে টিকিট না পেয়ে হল ভাংচুরের ঘটনা ঘটেছে। পাশাপাশি দর্শকদের চাপ সামলাতে মধ্যরাতে বিশেষ প্রদর্শনীর খবর এসেছে বগুড়ার মধুবন সিনেপ্লেক্স থেকে।হল কর্তৃপক্ষ ফেসবুকে পোস্ট দিয়ে জানায়, “বরবাদ” দর্শকের ভালোবাসা ও বিপুল আগ্রহ এবং চাহিদার কারণে ঈদের দ্বিতীয় দিন রাত ১১:৫৫ থেকে বিশেষ শো চালু করা হয়েছে। প্রথমদিন প্রথম শো থেকে সব শো হাউজফুল দিচ্ছে।মধুবনের ব্যবস্থাপনা পরিচালক রোকনুজ্জামান ইউনূস বলেন, বহুদিন পর ছবি দেখে দর্শক হলের মধ্যে শিষ দিচ্ছে তালি দিচ্ছে। অগ্রিম টিকিটের পাশাপাশি লম্বা লাইন দিচ্ছে কাউন্টারে। আশা করছি বরবাদ নতুন ইতিহাস গড়বে।",-1,-1,-1,-1,0,0,0,0,0,1
বরবাদ চারা আওয়াজ হবে না,banglatoco,"সিঙ্গেল স্ক্রিনে মধ্যরাতেও বরবাদ, সিনেপ্লেক্সে টিকিটের হাহাকার! ঈদে মুক্তি পাওয়া ছয় ছবির মধ্যে সুপারস্টার শাকিব খানের ‘বরবাদ’ দর্শকদের মধ্যে রীতিমত উন্মাদনা সৃষ্টি করেছে।এমনকি দুদিন আগে ঈশ্বরগঞ্জে টিকিট না পেয়ে হল ভাংচুরের ঘটনা ঘটেছে। পাশাপাশি দর্শকদের চাপ সামলাতে মধ্যরাতে বিশেষ প্রদর্শনীর খবর এসেছে বগুড়ার মধুবন সিনেপ্লেক্স থেকে।হল কর্তৃপক্ষ ফেসবুকে পোস্ট দিয়ে জানায়, “বরবাদ” দর্শকের ভালোবাসা ও বিপুল আগ্রহ এবং চাহিদার কারণে ঈদের দ্বিতীয় দিন রাত ১১:৫৫ থেকে বিশেষ শো চালু করা হয়েছে। প্রথমদিন প্রথম শো থেকে সব শো হাউজফুল দিচ্ছে।মধুবনের ব্যবস্থাপনা পরিচালক রোকনুজ্জামান ইউনূস বলেন, বহুদিন পর ছবি দেখে দর্শক হলের মধ্যে শিষ দিচ্ছে তালি দিচ্ছে। অগ্রিম টিকিটের পাশাপাশি লম্বা লাইন দিচ্ছে কাউন্টারে। আশা করছি বরবাদ নতুন ইতিহাস গড়বে।",-1,-1,-1,-1,0,0,0,0,0,1
শাকিব খান বাংলাদেশের কিং খান তার সাথে কারও তুলনা হয় না,banglatoco,"সিঙ্গেল স্ক্রিনে মধ্যরাতেও বরবাদ, সিনেপ্লেক্সে টিকিটের হাহাকার! ঈদে মুক্তি পাওয়া ছয় ছবির মধ্যে সুপারস্টার শাকিব খানের ‘বরবাদ’ দর্শকদের মধ্যে রীতিমত উন্মাদনা সৃষ্টি করেছে।এমনকি দুদিন আগে ঈশ্বরগঞ্জে টিকিট না পেয়ে হল ভাংচুরের ঘটনা ঘটেছে। পাশাপাশি দর্শকদের চাপ সামলাতে মধ্যরাতে বিশেষ প্রদর্শনীর খবর এসেছে বগুড়ার মধুবন সিনেপ্লেক্স থেকে।হল কর্তৃপক্ষ ফেসবুকে পোস্ট দিয়ে জানায়, “বরবাদ” দর্শকের ভালোবাসা ও বিপুল আগ্রহ এবং চাহিদার কারণে ঈদের দ্বিতীয় দিন রাত ১১:৫৫ থেকে বিশেষ শো চালু করা হয়েছে। প্রথমদিন প্রথম শো থেকে সব শো হাউজফুল দিচ্ছে।মধুবনের ব্যবস্থাপনা পরিচালক রোকনুজ্জামান ইউনূস বলেন, বহুদিন পর ছবি দেখে দর্শক হলের মধ্যে শিষ দিচ্ছে তালি দিচ্ছে। অগ্রিম টিকিটের পাশাপাশি লম্বা লাইন দিচ্ছে কাউন্টারে। আশা করছি বরবাদ নতুন ইতিহাস গড়বে।",-1,-1,-1,-1,0,0,0,0,0,1
মেগাস্টার পাওয়ার মে❤️🫶,banglatoco,"সিঙ্গেল স্ক্রিনে মধ্যরাতেও বরবাদ, সিনেপ্লেক্সে টিকিটের হাহাকার! ঈদে মুক্তি পাওয়া ছয় ছবির মধ্যে সুপারস্টার শাকিব খানের ‘বরবাদ’ দর্শকদের মধ্যে রীতিমত উন্মাদনা সৃষ্টি করেছে।এমনকি দুদিন আগে ঈশ্বরগঞ্জে টিকিট না পেয়ে হল ভাংচুরের ঘটনা ঘটেছে। পাশাপাশি দর্শকদের চাপ সামলাতে মধ্যরাতে বিশেষ প্রদর্শনীর খবর এসেছে বগুড়ার মধুবন সিনেপ্লেক্স থেকে।হল কর্তৃপক্ষ ফেসবুকে পোস্ট দিয়ে জানায়, “বরবাদ” দর্শকের ভালোবাসা ও বিপুল আগ্রহ এবং চাহিদার কারণে ঈদের দ্বিতীয় দিন রাত ১১:৫৫ থেকে বিশেষ শো চালু করা হয়েছে। প্রথমদিন প্রথম শো থেকে সব শো হাউজফুল দিচ্ছে।মধুবনের ব্যবস্থাপনা পরিচালক রোকনুজ্জামান ইউনূস বলেন, বহুদিন পর ছবি দেখে দর্শক হলের মধ্যে শিষ দিচ্ছে তালি দিচ্ছে। অগ্রিম টিকিটের পাশাপাশি লম্বা লাইন দিচ্ছে কাউন্টারে। আশা করছি বরবাদ নতুন ইতিহাস গড়বে।",-1,-1,-1,-1,0,0,0,0,0,1
সাকিব সেরা,banglatoco,"সিঙ্গেল স্ক্রিনে মধ্যরাতেও বরবাদ, সিনেপ্লেক্সে টিকিটের হাহাকার! ঈদে মুক্তি পাওয়া ছয় ছবির মধ্যে সুপারস্টার শাকিব খানের ‘বরবাদ’ দর্শকদের মধ্যে রীতিমত উন্মাদনা সৃষ্টি করেছে।এমনকি দুদিন আগে ঈশ্বরগঞ্জে টিকিট না পেয়ে হল ভাংচুরের ঘটনা ঘটেছে। পাশাপাশি দর্শকদের চাপ সামলাতে মধ্যরাতে বিশেষ প্রদর্শনীর খবর এসেছে বগুড়ার মধুবন সিনেপ্লেক্স থেকে।হল কর্তৃপক্ষ ফেসবুকে পোস্ট দিয়ে জানায়, “বরবাদ” দর্শকের ভালোবাসা ও বিপুল আগ্রহ এবং চাহিদার কারণে ঈদের দ্বিতীয় দিন রাত ১১:৫৫ থেকে বিশেষ শো চালু করা হয়েছে। প্রথমদিন প্রথম শো থেকে সব শো হাউজফুল দিচ্ছে।মধুবনের ব্যবস্থাপনা পরিচালক রোকনুজ্জামান ইউনূস বলেন, বহুদিন পর ছবি দেখে দর্শক হলের মধ্যে শিষ দিচ্ছে তালি দিচ্ছে। অগ্রিম টিকিটের পাশাপাশি লম্বা লাইন দিচ্ছে কাউন্টারে। আশা করছি বরবাদ নতুন ইতিহাস গড়বে।",-1,-1,-1,-1,0,0,0,0,0,1
কি পরিমাণ টাউট বাটপারের দেশ এই বাংলাদেশ। এ নাকি শ হীদ হইছে।।নাউযুবিল্লাহ।,banglatoco,"যমজ এক ভাই চোখের সামনে, অন্য ভাইয়ের জন্য শোক যমজ ভাই মীর মাহফুজুর রহমান মুগ্ধ আর মীর মাহবুবুর রহমান স্নিগ্ধ। জন্মের পর ২৫ বছর ৯ মাস ১৪ দিন তাঁরা কমবেশি একসঙ্গে কাটিয়েছেন। পরের দিনটিতে জুলাই গণ-অভ্যুত্থানে মুগ্ধ শহীদ হন।আরেক যমজ আসিফ হাসান আর রাকিব হাসান। জীবনের প্রায় ২২টি বছর একসঙ্গে কাটিয়েছেন। জুলাই গণ–অভ্যুত্থানে মাহফুজুর রহমানের (মুগ্ধ) মতো আসিফও শহীদ হন।জীবনে এবারই প্রথম যমজ ভাইকে ছাড়া ঈদ করলেন স্নিগ্ধ ও রাকিব। এই দুই পরিবারের সদস্যদের কষ্টটা যেন একটু বেশি; যমজ একজন চোখের সামনে থাকলেও আরেকজন নেই।",-1,-1,-1,-1,1,0,0,0,0,1
আসলেই খুব দুঃখ জনক আল্লাহ তাকে জান্নাত দান করুক,banglatoco,"যমজ এক ভাই চোখের সামনে, অন্য ভাইয়ের জন্য শোক যমজ ভাই মীর মাহফুজুর রহমান মুগ্ধ আর মীর মাহবুবুর রহমান স্নিগ্ধ। জন্মের পর ২৫ বছর ৯ মাস ১৪ দিন তাঁরা কমবেশি একসঙ্গে কাটিয়েছেন। পরের দিনটিতে জুলাই গণ-অভ্যুত্থানে মুগ্ধ শহীদ হন।আরেক যমজ আসিফ হাসান আর রাকিব হাসান। জীবনের প্রায় ২২টি বছর একসঙ্গে কাটিয়েছেন। জুলাই গণ–অভ্যুত্থানে মাহফুজুর রহমানের (মুগ্ধ) মতো আসিফও শহীদ হন।জীবনে এবারই প্রথম যমজ ভাইকে ছাড়া ঈদ করলেন স্নিগ্ধ ও রাকিব। এই দুই পরিবারের সদস্যদের কষ্টটা যেন একটু বেশি; যমজ একজন চোখের সামনে থাকলেও আরেকজন নেই। অনেক দু:খ জনক।। রুট রুজির জন্য আন্দোলন করে মারা গেল।",-1,-1,-1,-1,0,0,0,0,0,1
লাশ বেঁচে দিন ভালোই চলতেছে,banglatoco,"যমজ এক ভাই চোখের সামনে, অন্য ভাইয়ের জন্য শোক যমজ ভাই মীর মাহফুজুর রহমান মুগ্ধ আর মীর মাহবুবুর রহমান স্নিগ্ধ। জন্মের পর ২৫ বছর ৯ মাস ১৪ দিন তাঁরা কমবেশি একসঙ্গে কাটিয়েছেন। পরের দিনটিতে জুলাই গণ-অভ্যুত্থানে মুগ্ধ শহীদ হন।আরেক যমজ আসিফ হাসান আর রাকিব হাসান। জীবনের প্রায় ২২টি বছর একসঙ্গে কাটিয়েছেন। জুলাই গণ–অভ্যুত্থানে মাহফুজুর রহমানের (মুগ্ধ) মতো আসিফও শহীদ হন।জীবনে এবারই প্রথম যমজ ভাইকে ছাড়া ঈদ করলেন স্নিগ্ধ ও রাকিব। এই দুই পরিবারের সদস্যদের কষ্টটা যেন একটু বেশি; যমজ একজন চোখের সামনে থাকলেও আরেকজন নেই। তোদের দিন কিন্তু ভিক্ষা করে চলতেছে!",-1,-1,-1,-1,1,0,0,0,0,1
তেরা মা কো তু চুদ,banglatoco,"যমজ এক ভাই চোখের সামনে, অন্য ভাইয়ের জন্য শোক যমজ ভাই মীর মাহফুজুর রহমান মুগ্ধ আর মীর মাহবুবুর রহমান স্নিগ্ধ। জন্মের পর ২৫ বছর ৯ মাস ১৪ দিন তাঁরা কমবেশি একসঙ্গে কাটিয়েছেন। পরের দিনটিতে জুলাই গণ-অভ্যুত্থানে মুগ্ধ শহীদ হন।আরেক যমজ আসিফ হাসান আর রাকিব হাসান। জীবনের প্রায় ২২টি বছর একসঙ্গে কাটিয়েছেন। জুলাই গণ–অভ্যুত্থানে মাহফুজুর রহমানের (মুগ্ধ) মতো আসিফও শহীদ হন।জীবনে এবারই প্রথম যমজ ভাইকে ছাড়া ঈদ করলেন স্নিগ্ধ ও রাকিব। এই দুই পরিবারের সদস্যদের কষ্টটা যেন একটু বেশি; যমজ একজন চোখের সামনে থাকলেও আরেকজন নেই। লাশ বেঁচে দিন ভালোই চলতেছে",-1,-1,-1,-1,1,0,0,0,0,1
তোর বাপের লাশ দিয়ে কি ব্যবসা করতি,banglatoco,"যমজ এক ভাই চোখের সামনে, অন্য ভাইয়ের জন্য শোক যমজ ভাই মীর মাহফুজুর রহমান মুগ্ধ আর মীর মাহবুবুর রহমান স্নিগ্ধ। জন্মের পর ২৫ বছর ৯ মাস ১৪ দিন তাঁরা কমবেশি একসঙ্গে কাটিয়েছেন। পরের দিনটিতে জুলাই গণ-অভ্যুত্থানে মুগ্ধ শহীদ হন।আরেক যমজ আসিফ হাসান আর রাকিব হাসান। জীবনের প্রায় ২২টি বছর একসঙ্গে কাটিয়েছেন। জুলাই গণ–অভ্যুত্থানে মাহফুজুর রহমানের (মুগ্ধ) মতো আসিফও শহীদ হন।জীবনে এবারই প্রথম যমজ ভাইকে ছাড়া ঈদ করলেন স্নিগ্ধ ও রাকিব। এই দুই পরিবারের সদস্যদের কষ্টটা যেন একটু বেশি; যমজ একজন চোখের সামনে থাকলেও আরেকজন নেই। লাশ বেঁচে দিন ভালোই চলতেছে তোর মার হেডা বেঁচে ব্যবসা করতাম",-1,-1,-1,-1,1,0,0,0,0,1
বাটপারি একটা শিল্পে পরিণত হয়েছে।।।,banglatoco,"যমজ এক ভাই চোখের সামনে, অন্য ভাইয়ের জন্য শোক যমজ ভাই মীর মাহফুজুর রহমান মুগ্ধ আর মীর মাহবুবুর রহমান স্নিগ্ধ। জন্মের পর ২৫ বছর ৯ মাস ১৪ দিন তাঁরা কমবেশি একসঙ্গে কাটিয়েছেন। পরের দিনটিতে জুলাই গণ-অভ্যুত্থানে মুগ্ধ শহীদ হন।আরেক যমজ আসিফ হাসান আর রাকিব হাসান। জীবনের প্রায় ২২টি বছর একসঙ্গে কাটিয়েছেন। জুলাই গণ–অভ্যুত্থানে মাহফুজুর রহমানের (মুগ্ধ) মতো আসিফও শহীদ হন।জীবনে এবারই প্রথম যমজ ভাইকে ছাড়া ঈদ করলেন স্নিগ্ধ ও রাকিব। এই দুই পরিবারের সদস্যদের কষ্টটা যেন একটু বেশি; যমজ একজন চোখের সামনে থাকলেও আরেকজন নেই।",-1,-1,-1,-1,1,0,0,0,0,1
হো তোর বাপ মরসে,banglatoco,"যমজ এক ভাই চোখের সামনে, অন্য ভাইয়ের জন্য শোক যমজ ভাই মীর মাহফুজুর রহমান মুগ্ধ আর মীর মাহবুবুর রহমান স্নিগ্ধ। জন্মের পর ২৫ বছর ৯ মাস ১৪ দিন তাঁরা কমবেশি একসঙ্গে কাটিয়েছেন। পরের দিনটিতে জুলাই গণ-অভ্যুত্থানে মুগ্ধ শহীদ হন।আরেক যমজ আসিফ হাসান আর রাকিব হাসান। জীবনের প্রায় ২২টি বছর একসঙ্গে কাটিয়েছেন। জুলাই গণ–অভ্যুত্থানে মাহফুজুর রহমানের (মুগ্ধ) মতো আসিফও শহীদ হন।জীবনে এবারই প্রথম যমজ ভাইকে ছাড়া ঈদ করলেন স্নিগ্ধ ও রাকিব। এই দুই পরিবারের সদস্যদের কষ্টটা যেন একটু বেশি; যমজ একজন চোখের সামনে থাকলেও আরেকজন নেই। মুগ্ধ মরে নাই মুগ্ধ তোর মায়ের স্বামী",-1,-1,-1,-1,1,0,0,0,0,1
আহারে,banglatoco,"যমজ এক ভাই চোখের সামনে, অন্য ভাইয়ের জন্য শোক যমজ ভাই মীর মাহফুজুর রহমান মুগ্ধ আর মীর মাহবুবুর রহমান স্নিগ্ধ। জন্মের পর ২৫ বছর ৯ মাস ১৪ দিন তাঁরা কমবেশি একসঙ্গে কাটিয়েছেন। পরের দিনটিতে জুলাই গণ-অভ্যুত্থানে মুগ্ধ শহীদ হন।আরেক যমজ আসিফ হাসান আর রাকিব হাসান। জীবনের প্রায় ২২টি বছর একসঙ্গে কাটিয়েছেন। জুলাই গণ–অভ্যুত্থানে মাহফুজুর রহমানের (মুগ্ধ) মতো আসিফও শহীদ হন।জীবনে এবারই প্রথম যমজ ভাইকে ছাড়া ঈদ করলেন স্নিগ্ধ ও রাকিব। এই দুই পরিবারের সদস্যদের কষ্টটা যেন একটু বেশি; যমজ একজন চোখের সামনে থাকলেও আরেকজন নেই।",-1,-1,-1,-1,0,0,0,0,0,1
"শোক শুধু এদের পরিবারেই হয়! যেসব পুলিশদের মারলো, আগস্ট পরে যারা মরলো সব হলো গরু ছাগল। এদের পরিবার নাই আর পরিবারের মানুষের শোকও নাই!",banglatoco,"যমজ এক ভাই চোখের সামনে, অন্য ভাইয়ের জন্য শোক যমজ ভাই মীর মাহফুজুর রহমান মুগ্ধ আর মীর মাহবুবুর রহমান স্নিগ্ধ। জন্মের পর ২৫ বছর ৯ মাস ১৪ দিন তাঁরা কমবেশি একসঙ্গে কাটিয়েছেন। পরের দিনটিতে জুলাই গণ-অভ্যুত্থানে মুগ্ধ শহীদ হন।আরেক যমজ আসিফ হাসান আর রাকিব হাসান। জীবনের প্রায় ২২টি বছর একসঙ্গে কাটিয়েছেন। জুলাই গণ–অভ্যুত্থানে মাহফুজুর রহমানের (মুগ্ধ) মতো আসিফও শহীদ হন।জীবনে এবারই প্রথম যমজ ভাইকে ছাড়া ঈদ করলেন স্নিগ্ধ ও রাকিব। এই দুই পরিবারের সদস্যদের কষ্টটা যেন একটু বেশি; যমজ একজন চোখের সামনে থাকলেও আরেকজন নেই।",-1,-1,-1,-1,1,0,0,0,0,1
জামাত ধ্বংস করলো ধর্ম।ইউনুস ধ্বংস করলো দেশ।শিক্ষা ধ্বংস করলো সমন্বয়করা।,banglatoco,"যমজ এক ভাই চোখের সামনে, অন্য ভাইয়ের জন্য শোক যমজ ভাই মীর মাহফুজুর রহমান মুগ্ধ আর মীর মাহবুবুর রহমান স্নিগ্ধ। জন্মের পর ২৫ বছর ৯ মাস ১৪ দিন তাঁরা কমবেশি একসঙ্গে কাটিয়েছেন। পরের দিনটিতে জুলাই গণ-অভ্যুত্থানে মুগ্ধ শহীদ হন।আরেক যমজ আসিফ হাসান আর রাকিব হাসান। জীবনের প্রায় ২২টি বছর একসঙ্গে কাটিয়েছেন। জুলাই গণ–অভ্যুত্থানে মাহফুজুর রহমানের (মুগ্ধ) মতো আসিফও শহীদ হন।জীবনে এবারই প্রথম যমজ ভাইকে ছাড়া ঈদ করলেন স্নিগ্ধ ও রাকিব। এই দুই পরিবারের সদস্যদের কষ্টটা যেন একটু বেশি; যমজ একজন চোখের সামনে থাকলেও আরেকজন নেই। পুরো দেশের অর্থনীতি শেষ করেছে তোমার পালিয়ে যাওয়া আম্মা।",-1,-1,-1,-1,1,0,0,0,0,1
বাইনচুদ তর মা পালিয়ে গেছে তরা আছস কেন দেশে,banglatoco,"যমজ এক ভাই চোখের সামনে, অন্য ভাইয়ের জন্য শোক যমজ ভাই মীর মাহফুজুর রহমান মুগ্ধ আর মীর মাহবুবুর রহমান স্নিগ্ধ। জন্মের পর ২৫ বছর ৯ মাস ১৪ দিন তাঁরা কমবেশি একসঙ্গে কাটিয়েছেন। পরের দিনটিতে জুলাই গণ-অভ্যুত্থানে মুগ্ধ শহীদ হন।আরেক যমজ আসিফ হাসান আর রাকিব হাসান। জীবনের প্রায় ২২টি বছর একসঙ্গে কাটিয়েছেন। জুলাই গণ–অভ্যুত্থানে মাহফুজুর রহমানের (মুগ্ধ) মতো আসিফও শহীদ হন।জীবনে এবারই প্রথম যমজ ভাইকে ছাড়া ঈদ করলেন স্নিগ্ধ ও রাকিব। এই দুই পরিবারের সদস্যদের কষ্টটা যেন একটু বেশি; যমজ একজন চোখের সামনে থাকলেও আরেকজন নেই। জামাত ধ্বংস করলো ধর্ম।ইউনুস ধ্বংস করলো দেশ।শিক্ষা ধ্বংস করলো সমন্বয়করা।",-1,-1,-1,-1,1,0,0,0,0,1
"ভাই আমার মনে হয় আপনি ডক্টর ইউনূসের চেয়ে বেশি জ্ঞানী, এতদিন আপনি বসে বসে এগুলো দেখলেন। এখনো সময় আছে আপনি একটু দেশের হাল ধরেন।",banglatoco,"যমজ এক ভাই চোখের সামনে, অন্য ভাইয়ের জন্য শোক যমজ ভাই মীর মাহফুজুর রহমান মুগ্ধ আর মীর মাহবুবুর রহমান স্নিগ্ধ। জন্মের পর ২৫ বছর ৯ মাস ১৪ দিন তাঁরা কমবেশি একসঙ্গে কাটিয়েছেন। পরের দিনটিতে জুলাই গণ-অভ্যুত্থানে মুগ্ধ শহীদ হন।আরেক যমজ আসিফ হাসান আর রাকিব হাসান। জীবনের প্রায় ২২টি বছর একসঙ্গে কাটিয়েছেন। জুলাই গণ–অভ্যুত্থানে মাহফুজুর রহমানের (মুগ্ধ) মতো আসিফও শহীদ হন।জীবনে এবারই প্রথম যমজ ভাইকে ছাড়া ঈদ করলেন স্নিগ্ধ ও রাকিব। এই দুই পরিবারের সদস্যদের কষ্টটা যেন একটু বেশি; যমজ একজন চোখের সামনে থাকলেও আরেকজন নেই। জামাত ধ্বংস করলো ধর্ম।ইউনুস ধ্বংস করলো দেশ।শিক্ষা ধ্বংস করলো সমন্বয়করা।",-1,-1,-1,-1,0,0,0,0,0,1
"যমজ ভাই একজন মরার ছয় মাসের মধ্যে যমজের অন্যজন যখন বিয়ে করে ফেলে তখন অবশ্যই বুঝতে হবে ""কালা মে কুছ ডাল হে"" যদি বুঝেও, না বোঝার ভান করেন তাহলে নিশ্চিত জ্ঞানপাপী এবং মুনাফিকি ভাইরাসে আক্রান্ত সে।",banglatoco,"যমজ এক ভাই চোখের সামনে, অন্য ভাইয়ের জন্য শোক যমজ ভাই মীর মাহফুজুর রহমান মুগ্ধ আর মীর মাহবুবুর রহমান স্নিগ্ধ। জন্মের পর ২৫ বছর ৯ মাস ১৪ দিন তাঁরা কমবেশি একসঙ্গে কাটিয়েছেন। পরের দিনটিতে জুলাই গণ-অভ্যুত্থানে মুগ্ধ শহীদ হন।আরেক যমজ আসিফ হাসান আর রাকিব হাসান। জীবনের প্রায় ২২টি বছর একসঙ্গে কাটিয়েছেন। জুলাই গণ–অভ্যুত্থানে মাহফুজুর রহমানের (মুগ্ধ) মতো আসিফও শহীদ হন।জীবনে এবারই প্রথম যমজ ভাইকে ছাড়া ঈদ করলেন স্নিগ্ধ ও রাকিব। এই দুই পরিবারের সদস্যদের কষ্টটা যেন একটু বেশি; যমজ একজন চোখের সামনে থাকলেও আরেকজন নেই। বিয়ে করতে সমস্যা কি। আপনার বাবা মারা যাবার শোকে আপনি না খেয়ে থেকেন। কেমন",-1,-1,-1,-1,1,0,0,0,0,1
মরা ভাইয়ের গোশত খাওয়া পরিবার জীবনে প্রথম দেখলাম,banglatoco,"যমজ এক ভাই চোখের সামনে, অন্য ভাইয়ের জন্য শোক যমজ ভাই মীর মাহফুজুর রহমান মুগ্ধ আর মীর মাহবুবুর রহমান স্নিগ্ধ। জন্মের পর ২৫ বছর ৯ মাস ১৪ দিন তাঁরা কমবেশি একসঙ্গে কাটিয়েছেন। পরের দিনটিতে জুলাই গণ-অভ্যুত্থানে মুগ্ধ শহীদ হন।আরেক যমজ আসিফ হাসান আর রাকিব হাসান। জীবনের প্রায় ২২টি বছর একসঙ্গে কাটিয়েছেন। জুলাই গণ–অভ্যুত্থানে মাহফুজুর রহমানের (মুগ্ধ) মতো আসিফও শহীদ হন।জীবনে এবারই প্রথম যমজ ভাইকে ছাড়া ঈদ করলেন স্নিগ্ধ ও রাকিব। এই দুই পরিবারের সদস্যদের কষ্টটা যেন একটু বেশি; যমজ একজন চোখের সামনে থাকলেও আরেকজন নেই। ভাইয়ের গোশত খাওয়া কোনটাকে বলে?গীবতকারী কে আর এখানে গীবতকারী তোরা!",-1,-1,-1,-1,1,0,0,0,0,1
বাহ সব শহীদের জমজ ভাই আছে দেখছি তাহলে কি ডালমে কুচ কালা হে,banglatoco,"যমজ এক ভাই চোখের সামনে, অন্য ভাইয়ের জন্য শোক যমজ ভাই মীর মাহফুজুর রহমান মুগ্ধ আর মীর মাহবুবুর রহমান স্নিগ্ধ। জন্মের পর ২৫ বছর ৯ মাস ১৪ দিন তাঁরা কমবেশি একসঙ্গে কাটিয়েছেন। পরের দিনটিতে জুলাই গণ-অভ্যুত্থানে মুগ্ধ শহীদ হন।আরেক যমজ আসিফ হাসান আর রাকিব হাসান। জীবনের প্রায় ২২টি বছর একসঙ্গে কাটিয়েছেন। জুলাই গণ–অভ্যুত্থানে মাহফুজুর রহমানের (মুগ্ধ) মতো আসিফও শহীদ হন।জীবনে এবারই প্রথম যমজ ভাইকে ছাড়া ঈদ করলেন স্নিগ্ধ ও রাকিব। এই দুই পরিবারের সদস্যদের কষ্টটা যেন একটু বেশি; যমজ একজন চোখের সামনে থাকলেও আরেকজন নেই। সব শহীদের?একটা দুইটা ব্যাপারের সাথে সব মিলানোর মানে কি?আপনার কথায় ই তো গড়মিল",-1,-1,-1,-1,1,0,0,0,0,1
খানকির বাচ্চা বলছ কি এগুলো,banglatoco,"যমজ এক ভাই চোখের সামনে, অন্য ভাইয়ের জন্য শোক যমজ ভাই মীর মাহফুজুর রহমান মুগ্ধ আর মীর মাহবুবুর রহমান স্নিগ্ধ। জন্মের পর ২৫ বছর ৯ মাস ১৪ দিন তাঁরা কমবেশি একসঙ্গে কাটিয়েছেন। পরের দিনটিতে জুলাই গণ-অভ্যুত্থানে মুগ্ধ শহীদ হন।আরেক যমজ আসিফ হাসান আর রাকিব হাসান। জীবনের প্রায় ২২টি বছর একসঙ্গে কাটিয়েছেন। জুলাই গণ–অভ্যুত্থানে মাহফুজুর রহমানের (মুগ্ধ) মতো আসিফও শহীদ হন।জীবনে এবারই প্রথম যমজ ভাইকে ছাড়া ঈদ করলেন স্নিগ্ধ ও রাকিব। এই দুই পরিবারের সদস্যদের কষ্টটা যেন একটু বেশি; যমজ একজন চোখের সামনে থাকলেও আরেকজন নেই। উনি বেঁচে আছে! মুগ্ধ আর স্নিগ্ধ দুই ভাই বেঁচে আছে। তোমার আম্মাকে জিগ্যেস করো গিয়ে -:(",-1,-1,-1,-1,1,0,0,0,0,1
খানকির পোলা আল্লাহর গজব তোদের উপর কেন পড়ে নাহ! জানোয়ারের বাচ্চা তরা কি মানুষ!তর বাড়ী কোথায় তর মা বাপ সহ সবাই কে নিয়ে আয় তথ্য প্রমান সহ নিয়ে যা তারপর তুই নিজেকে জারজ হিসেবে দেশ জাতির সামনে প্রেজেন্ট করবি বাইনচুদ!,banglatoco,"যমজ এক ভাই চোখের সামনে, অন্য ভাইয়ের জন্য শোক যমজ ভাই মীর মাহফুজুর রহমান মুগ্ধ আর মীর মাহবুবুর রহমান স্নিগ্ধ। জন্মের পর ২৫ বছর ৯ মাস ১৪ দিন তাঁরা কমবেশি একসঙ্গে কাটিয়েছেন। পরের দিনটিতে জুলাই গণ-অভ্যুত্থানে মুগ্ধ শহীদ হন।আরেক যমজ আসিফ হাসান আর রাকিব হাসান। জীবনের প্রায় ২২টি বছর একসঙ্গে কাটিয়েছেন। জুলাই গণ–অভ্যুত্থানে মাহফুজুর রহমানের (মুগ্ধ) মতো আসিফও শহীদ হন।জীবনে এবারই প্রথম যমজ ভাইকে ছাড়া ঈদ করলেন স্নিগ্ধ ও রাকিব। এই দুই পরিবারের সদস্যদের কষ্টটা যেন একটু বেশি; যমজ একজন চোখের সামনে থাকলেও আরেকজন নেই। উনি বেঁচে আছে! মুগ্ধ আর স্নিগ্ধ দুই ভাই বেঁচে আছে। এতো লাফালাফি কইরেন না,জাইনা লন ভালো করে",-1,-1,-1,-1,1,0,0,0,0,1
এখানে হাহা দিচ্ছে হাসিনার রেখে যাওয়া কু*কুর ছানাগুলো।,banglatoco,"যমজ এক ভাই চোখের সামনে, অন্য ভাইয়ের জন্য শোক যমজ ভাই মীর মাহফুজুর রহমান মুগ্ধ আর মীর মাহবুবুর রহমান স্নিগ্ধ। জন্মের পর ২৫ বছর ৯ মাস ১৪ দিন তাঁরা কমবেশি একসঙ্গে কাটিয়েছেন। পরের দিনটিতে জুলাই গণ-অভ্যুত্থানে মুগ্ধ শহীদ হন।আরেক যমজ আসিফ হাসান আর রাকিব হাসান। জীবনের প্রায় ২২টি বছর একসঙ্গে কাটিয়েছেন। জুলাই গণ–অভ্যুত্থানে মাহফুজুর রহমানের (মুগ্ধ) মতো আসিফও শহীদ হন।জীবনে এবারই প্রথম যমজ ভাইকে ছাড়া ঈদ করলেন স্নিগ্ধ ও রাকিব। এই দুই পরিবারের সদস্যদের কষ্টটা যেন একটু বেশি; যমজ একজন চোখের সামনে থাকলেও আরেকজন নেই। রাইট বন্ধু এরা মরলেও আবার অন্যেরা হাহা দিবে।কর্মের ফল বলে একটা কথা থাকে তাইনা?ওরা মরার সময় জয় বাংলা বলে মরলে জান্নাত নিশ্চিত হবে বলে মনে করছে।এরা মুকিটু নামধারী মুসলমান।এদের জন্ম ওই কোনো নিষিদ্ধপল্লীতে",-1,-1,-1,-1,1,0,0,0,0,1
বিয়ের সময় তো শোকের কথা মনে ছিলো না।,banglatoco,"যমজ এক ভাই চোখের সামনে, অন্য ভাইয়ের জন্য শোক যমজ ভাই মীর মাহফুজুর রহমান মুগ্ধ আর মীর মাহবুবুর রহমান স্নিগ্ধ। জন্মের পর ২৫ বছর ৯ মাস ১৪ দিন তাঁরা কমবেশি একসঙ্গে কাটিয়েছেন। পরের দিনটিতে জুলাই গণ-অভ্যুত্থানে মুগ্ধ শহীদ হন।আরেক যমজ আসিফ হাসান আর রাকিব হাসান। জীবনের প্রায় ২২টি বছর একসঙ্গে কাটিয়েছেন। জুলাই গণ–অভ্যুত্থানে মাহফুজুর রহমানের (মুগ্ধ) মতো আসিফও শহীদ হন।জীবনে এবারই প্রথম যমজ ভাইকে ছাড়া ঈদ করলেন স্নিগ্ধ ও রাকিব। এই দুই পরিবারের সদস্যদের কষ্টটা যেন একটু বেশি; যমজ একজন চোখের সামনে থাকলেও আরেকজন নেই।",-1,-1,-1,-1,1,0,0,0,0,1
তেলবাজ মিডিয়া।,banglatoco,"যমজ এক ভাই চোখের সামনে, অন্য ভাইয়ের জন্য শোক যমজ ভাই মীর মাহফুজুর রহমান মুগ্ধ আর মীর মাহবুবুর রহমান স্নিগ্ধ। জন্মের পর ২৫ বছর ৯ মাস ১৪ দিন তাঁরা কমবেশি একসঙ্গে কাটিয়েছেন। পরের দিনটিতে জুলাই গণ-অভ্যুত্থানে মুগ্ধ শহীদ হন।আরেক যমজ আসিফ হাসান আর রাকিব হাসান। জীবনের প্রায় ২২টি বছর একসঙ্গে কাটিয়েছেন। জুলাই গণ–অভ্যুত্থানে মাহফুজুর রহমানের (মুগ্ধ) মতো আসিফও শহীদ হন।জীবনে এবারই প্রথম যমজ ভাইকে ছাড়া ঈদ করলেন স্নিগ্ধ ও রাকিব। এই দুই পরিবারের সদস্যদের কষ্টটা যেন একটু বেশি; যমজ একজন চোখের সামনে থাকলেও আরেকজন নেই।",-1,-1,-1,-1,1,0,0,0,0,1
সত্যি খুব দুঃখের বিষয়,banglatoco,"যমজ এক ভাই চোখের সামনে, অন্য ভাইয়ের জন্য শোক যমজ ভাই মীর মাহফুজুর রহমান মুগ্ধ আর মীর মাহবুবুর রহমান স্নিগ্ধ। জন্মের পর ২৫ বছর ৯ মাস ১৪ দিন তাঁরা কমবেশি একসঙ্গে কাটিয়েছেন। পরের দিনটিতে জুলাই গণ-অভ্যুত্থানে মুগ্ধ শহীদ হন।আরেক যমজ আসিফ হাসান আর রাকিব হাসান। জীবনের প্রায় ২২টি বছর একসঙ্গে কাটিয়েছেন। জুলাই গণ–অভ্যুত্থানে মাহফুজুর রহমানের (মুগ্ধ) মতো আসিফও শহীদ হন।জীবনে এবারই প্রথম যমজ ভাইকে ছাড়া ঈদ করলেন স্নিগ্ধ ও রাকিব। এই দুই পরিবারের সদস্যদের কষ্টটা যেন একটু বেশি; যমজ একজন চোখের সামনে থাকলেও আরেকজন নেই।",-1,-1,-1,-1,0,0,0,0,0,1
অনেক ব্যবসা দেখলাম কিন্তু লাশ বিক্রি করে সংসার চালানোর ব্যবসা সমন্বয় তথা টোকাই তথা কিশোর গ্যাং এর নব্য আবিস্কৃত ব্যবসা বাংলাদেশের মানুষ যথেষ্ট উপভোগ করছে।,banglatoco,"যমজ এক ভাই চোখের সামনে, অন্য ভাইয়ের জন্য শোক যমজ ভাই মীর মাহফুজুর রহমান মুগ্ধ আর মীর মাহবুবুর রহমান স্নিগ্ধ। জন্মের পর ২৫ বছর ৯ মাস ১৪ দিন তাঁরা কমবেশি একসঙ্গে কাটিয়েছেন। পরের দিনটিতে জুলাই গণ-অভ্যুত্থানে মুগ্ধ শহীদ হন।আরেক যমজ আসিফ হাসান আর রাকিব হাসান। জীবনের প্রায় ২২টি বছর একসঙ্গে কাটিয়েছেন। জুলাই গণ–অভ্যুত্থানে মাহফুজুর রহমানের (মুগ্ধ) মতো আসিফও শহীদ হন।জীবনে এবারই প্রথম যমজ ভাইকে ছাড়া ঈদ করলেন স্নিগ্ধ ও রাকিব। এই দুই পরিবারের সদস্যদের কষ্টটা যেন একটু বেশি; যমজ একজন চোখের সামনে থাকলেও আরেকজন নেই।",-1,-1,-1,-1,1,0,0,0,0,1
আল্লাহ তাকে জান্নাত বাসী করুক,banglatoco,"যমজ এক ভাই চোখের সামনে, অন্য ভাইয়ের জন্য শোক যমজ ভাই মীর মাহফুজুর রহমান মুগ্ধ আর মীর মাহবুবুর রহমান স্নিগ্ধ। জন্মের পর ২৫ বছর ৯ মাস ১৪ দিন তাঁরা কমবেশি একসঙ্গে কাটিয়েছেন। পরের দিনটিতে জুলাই গণ-অভ্যুত্থানে মুগ্ধ শহীদ হন।আরেক যমজ আসিফ হাসান আর রাকিব হাসান। জীবনের প্রায় ২২টি বছর একসঙ্গে কাটিয়েছেন। জুলাই গণ–অভ্যুত্থানে মাহফুজুর রহমানের (মুগ্ধ) মতো আসিফও শহীদ হন।জীবনে এবারই প্রথম যমজ ভাইকে ছাড়া ঈদ করলেন স্নিগ্ধ ও রাকিব। এই দুই পরিবারের সদস্যদের কষ্টটা যেন একটু বেশি; যমজ একজন চোখের সামনে থাকলেও আরেকজন নেই। তুমি আগে হও,তারপর নয় তার চিন্তা কইরো",-1,-1,-1,-1,0,0,0,0,0,1
শোক কাটাতেই কয়দিনের মাথায় বিয়ে🤣,banglatoco,"যমজ এক ভাই চোখের সামনে, অন্য ভাইয়ের জন্য শোক যমজ ভাই মীর মাহফুজুর রহমান মুগ্ধ আর মীর মাহবুবুর রহমান স্নিগ্ধ। জন্মের পর ২৫ বছর ৯ মাস ১৪ দিন তাঁরা কমবেশি একসঙ্গে কাটিয়েছেন। পরের দিনটিতে জুলাই গণ-অভ্যুত্থানে মুগ্ধ শহীদ হন।আরেক যমজ আসিফ হাসান আর রাকিব হাসান। জীবনের প্রায় ২২টি বছর একসঙ্গে কাটিয়েছেন। জুলাই গণ–অভ্যুত্থানে মাহফুজুর রহমানের (মুগ্ধ) মতো আসিফও শহীদ হন।জীবনে এবারই প্রথম যমজ ভাইকে ছাড়া ঈদ করলেন স্নিগ্ধ ও রাকিব। এই দুই পরিবারের সদস্যদের কষ্টটা যেন একটু বেশি; যমজ একজন চোখের সামনে থাকলেও আরেকজন নেই।",-1,-1,-1,-1,1,0,0,0,0,1
শোকের চোদনে ফুটানি মেরে বিয়ে করে,banglatoco,"যমজ এক ভাই চোখের সামনে, অন্য ভাইয়ের জন্য শোক যমজ ভাই মীর মাহফুজুর রহমান মুগ্ধ আর মীর মাহবুবুর রহমান স্নিগ্ধ। জন্মের পর ২৫ বছর ৯ মাস ১৪ দিন তাঁরা কমবেশি একসঙ্গে কাটিয়েছেন। পরের দিনটিতে জুলাই গণ-অভ্যুত্থানে মুগ্ধ শহীদ হন।আরেক যমজ আসিফ হাসান আর রাকিব হাসান। জীবনের প্রায় ২২টি বছর একসঙ্গে কাটিয়েছেন। জুলাই গণ–অভ্যুত্থানে মাহফুজুর রহমানের (মুগ্ধ) মতো আসিফও শহীদ হন।জীবনে এবারই প্রথম যমজ ভাইকে ছাড়া ঈদ করলেন স্নিগ্ধ ও রাকিব। এই দুই পরিবারের সদস্যদের কষ্টটা যেন একটু বেশি; যমজ একজন চোখের সামনে থাকলেও আরেকজন নেই।",-1,-1,-1,-1,1,0,0,0,0,1
মরা মানুষকে আর কত বিক্রি করবা,banglatoco,"যমজ এক ভাই চোখের সামনে, অন্য ভাইয়ের জন্য শোক যমজ ভাই মীর মাহফুজুর রহমান মুগ্ধ আর মীর মাহবুবুর রহমান স্নিগ্ধ। জন্মের পর ২৫ বছর ৯ মাস ১৪ দিন তাঁরা কমবেশি একসঙ্গে কাটিয়েছেন। পরের দিনটিতে জুলাই গণ-অভ্যুত্থানে মুগ্ধ শহীদ হন।আরেক যমজ আসিফ হাসান আর রাকিব হাসান। জীবনের প্রায় ২২টি বছর একসঙ্গে কাটিয়েছেন। জুলাই গণ–অভ্যুত্থানে মাহফুজুর রহমানের (মুগ্ধ) মতো আসিফও শহীদ হন।জীবনে এবারই প্রথম যমজ ভাইকে ছাড়া ঈদ করলেন স্নিগ্ধ ও রাকিব। এই দুই পরিবারের সদস্যদের কষ্টটা যেন একটু বেশি; যমজ একজন চোখের সামনে থাকলেও আরেকজন নেই।",-1,-1,-1,-1,1,0,0,0,0,1
স্বজন হারানোর বেদনা😭😭😭,banglatoco,"যমজ এক ভাই চোখের সামনে, অন্য ভাইয়ের জন্য শোক যমজ ভাই মীর মাহফুজুর রহমান মুগ্ধ আর মীর মাহবুবুর রহমান স্নিগ্ধ। জন্মের পর ২৫ বছর ৯ মাস ১৪ দিন তাঁরা কমবেশি একসঙ্গে কাটিয়েছেন। পরের দিনটিতে জুলাই গণ-অভ্যুত্থানে মুগ্ধ শহীদ হন।আরেক যমজ আসিফ হাসান আর রাকিব হাসান। জীবনের প্রায় ২২টি বছর একসঙ্গে কাটিয়েছেন। জুলাই গণ–অভ্যুত্থানে মাহফুজুর রহমানের (মুগ্ধ) মতো আসিফও শহীদ হন।জীবনে এবারই প্রথম যমজ ভাইকে ছাড়া ঈদ করলেন স্নিগ্ধ ও রাকিব। এই দুই পরিবারের সদস্যদের কষ্টটা যেন একটু বেশি; যমজ একজন চোখের সামনে থাকলেও আরেকজন নেই।",-1,-1,-1,-1,1,0,0,0,0,1
তারা এখন কোটি পতি।,banglatoco,"যমজ এক ভাই চোখের সামনে, অন্য ভাইয়ের জন্য শোক যমজ ভাই মীর মাহফুজুর রহমান মুগ্ধ আর মীর মাহবুবুর রহমান স্নিগ্ধ। জন্মের পর ২৫ বছর ৯ মাস ১৪ দিন তাঁরা কমবেশি একসঙ্গে কাটিয়েছেন। পরের দিনটিতে জুলাই গণ-অভ্যুত্থানে মুগ্ধ শহীদ হন।আরেক যমজ আসিফ হাসান আর রাকিব হাসান। জীবনের প্রায় ২২টি বছর একসঙ্গে কাটিয়েছেন। জুলাই গণ–অভ্যুত্থানে মাহফুজুর রহমানের (মুগ্ধ) মতো আসিফও শহীদ হন।জীবনে এবারই প্রথম যমজ ভাইকে ছাড়া ঈদ করলেন স্নিগ্ধ ও রাকিব। এই দুই পরিবারের সদস্যদের কষ্টটা যেন একটু বেশি; যমজ একজন চোখের সামনে থাকলেও আরেকজন নেই।",-1,-1,-1,-1,1,0,0,0,0,1
ব্যবসা ভালোই চলছে,banglatoco,"যমজ এক ভাই চোখের সামনে, অন্য ভাইয়ের জন্য শোক যমজ ভাই মীর মাহফুজুর রহমান মুগ্ধ আর মীর মাহবুবুর রহমান স্নিগ্ধ। জন্মের পর ২৫ বছর ৯ মাস ১৪ দিন তাঁরা কমবেশি একসঙ্গে কাটিয়েছেন। পরের দিনটিতে জুলাই গণ-অভ্যুত্থানে মুগ্ধ শহীদ হন।আরেক যমজ আসিফ হাসান আর রাকিব হাসান। জীবনের প্রায় ২২টি বছর একসঙ্গে কাটিয়েছেন। জুলাই গণ–অভ্যুত্থানে মাহফুজুর রহমানের (মুগ্ধ) মতো আসিফও শহীদ হন।জীবনে এবারই প্রথম যমজ ভাইকে ছাড়া ঈদ করলেন স্নিগ্ধ ও রাকিব। এই দুই পরিবারের সদস্যদের কষ্টটা যেন একটু বেশি; যমজ একজন চোখের সামনে থাকলেও আরেকজন নেই।",-1,-1,-1,-1,1,0,0,0,0,1
আসিফের বন্ধুর বরাত জানা গেসে খুব সম্ভবত সেও কোনো একজনকে পানি পান করানো অবস্থায় শহীদ হইসে,banglatoco,"যমজ এক ভাই চোখের সামনে, অন্য ভাইয়ের জন্য শোক যমজ ভাই মীর মাহফুজুর রহমান মুগ্ধ আর মীর মাহবুবুর রহমান স্নিগ্ধ। জন্মের পর ২৫ বছর ৯ মাস ১৪ দিন তাঁরা কমবেশি একসঙ্গে কাটিয়েছেন। পরের দিনটিতে জুলাই গণ-অভ্যুত্থানে মুগ্ধ শহীদ হন।আরেক যমজ আসিফ হাসান আর রাকিব হাসান। জীবনের প্রায় ২২টি বছর একসঙ্গে কাটিয়েছেন। জুলাই গণ–অভ্যুত্থানে মাহফুজুর রহমানের (মুগ্ধ) মতো আসিফও শহীদ হন।জীবনে এবারই প্রথম যমজ ভাইকে ছাড়া ঈদ করলেন স্নিগ্ধ ও রাকিব। এই দুই পরিবারের সদস্যদের কষ্টটা যেন একটু বেশি; যমজ একজন চোখের সামনে থাকলেও আরেকজন নেই।",-1,-1,-1,-1,0,0,0,0,0,1
শোক ভুলবার জন্যইতো আর এক ভাই বিয়েটা জলদি করে নিলো,banglatoco,"যমজ এক ভাই চোখের সামনে, অন্য ভাইয়ের জন্য শোক যমজ ভাই মীর মাহফুজুর রহমান মুগ্ধ আর মীর মাহবুবুর রহমান স্নিগ্ধ। জন্মের পর ২৫ বছর ৯ মাস ১৪ দিন তাঁরা কমবেশি একসঙ্গে কাটিয়েছেন। পরের দিনটিতে জুলাই গণ-অভ্যুত্থানে মুগ্ধ শহীদ হন।আরেক যমজ আসিফ হাসান আর রাকিব হাসান। জীবনের প্রায় ২২টি বছর একসঙ্গে কাটিয়েছেন। জুলাই গণ–অভ্যুত্থানে মাহফুজুর রহমানের (মুগ্ধ) মতো আসিফও শহীদ হন।জীবনে এবারই প্রথম যমজ ভাইকে ছাড়া ঈদ করলেন স্নিগ্ধ ও রাকিব। এই দুই পরিবারের সদস্যদের কষ্টটা যেন একটু বেশি; যমজ একজন চোখের সামনে থাকলেও আরেকজন নেই।",-1,-1,-1,-1,1,0,0,0,0,1
লাশের ব্যবসা ভালোই চলতেছে,banglatoco,"যমজ এক ভাই চোখের সামনে, অন্য ভাইয়ের জন্য শোক যমজ ভাই মীর মাহফুজুর রহমান মুগ্ধ আর মীর মাহবুবুর রহমান স্নিগ্ধ। জন্মের পর ২৫ বছর ৯ মাস ১৪ দিন তাঁরা কমবেশি একসঙ্গে কাটিয়েছেন। পরের দিনটিতে জুলাই গণ-অভ্যুত্থানে মুগ্ধ শহীদ হন।আরেক যমজ আসিফ হাসান আর রাকিব হাসান। জীবনের প্রায় ২২টি বছর একসঙ্গে কাটিয়েছেন। জুলাই গণ–অভ্যুত্থানে মাহফুজুর রহমানের (মুগ্ধ) মতো আসিফও শহীদ হন।জীবনে এবারই প্রথম যমজ ভাইকে ছাড়া ঈদ করলেন স্নিগ্ধ ও রাকিব। এই দুই পরিবারের সদস্যদের কষ্টটা যেন একটু বেশি; যমজ একজন চোখের সামনে থাকলেও আরেকজন নেই। কেন স্বজন হারানোর ব‍্যাথাও তো ভালই ব‍্যবসা করত",-1,-1,-1,-1,1,0,0,0,0,1
এমন একটা মৃত্যু একদল ফায়দা লুটছে অন্যরা হা হা করছে,banglatoco,"যমজ এক ভাই চোখের সামনে, অন্য ভাইয়ের জন্য শোক যমজ ভাই মীর মাহফুজুর রহমান মুগ্ধ আর মীর মাহবুবুর রহমান স্নিগ্ধ। জন্মের পর ২৫ বছর ৯ মাস ১৪ দিন তাঁরা কমবেশি একসঙ্গে কাটিয়েছেন। পরের দিনটিতে জুলাই গণ-অভ্যুত্থানে মুগ্ধ শহীদ হন।আরেক যমজ আসিফ হাসান আর রাকিব হাসান। জীবনের প্রায় ২২টি বছর একসঙ্গে কাটিয়েছেন। জুলাই গণ–অভ্যুত্থানে মাহফুজুর রহমানের (মুগ্ধ) মতো আসিফও শহীদ হন।জীবনে এবারই প্রথম যমজ ভাইকে ছাড়া ঈদ করলেন স্নিগ্ধ ও রাকিব। এই দুই পরিবারের সদস্যদের কষ্টটা যেন একটু বেশি; যমজ একজন চোখের সামনে থাকলেও আরেকজন নেই।",-1,-1,-1,-1,0,0,0,0,0,1
মিলিয়ন ডলার্স সুবিধাভোগী,banglatoco,"যমজ এক ভাই চোখের সামনে, অন্য ভাইয়ের জন্য শোক যমজ ভাই মীর মাহফুজুর রহমান মুগ্ধ আর মীর মাহবুবুর রহমান স্নিগ্ধ। জন্মের পর ২৫ বছর ৯ মাস ১৪ দিন তাঁরা কমবেশি একসঙ্গে কাটিয়েছেন। পরের দিনটিতে জুলাই গণ-অভ্যুত্থানে মুগ্ধ শহীদ হন।আরেক যমজ আসিফ হাসান আর রাকিব হাসান। জীবনের প্রায় ২২টি বছর একসঙ্গে কাটিয়েছেন। জুলাই গণ–অভ্যুত্থানে মাহফুজুর রহমানের (মুগ্ধ) মতো আসিফও শহীদ হন।জীবনে এবারই প্রথম যমজ ভাইকে ছাড়া ঈদ করলেন স্নিগ্ধ ও রাকিব। এই দুই পরিবারের সদস্যদের কষ্টটা যেন একটু বেশি; যমজ একজন চোখের সামনে থাকলেও আরেকজন নেই।",-1,-1,-1,-1,1,0,0,0,0,1
ইহা জোকস,banglatoco,"যমজ এক ভাই চোখের সামনে, অন্য ভাইয়ের জন্য শোক যমজ ভাই মীর মাহফুজুর রহমান মুগ্ধ আর মীর মাহবুবুর রহমান স্নিগ্ধ। জন্মের পর ২৫ বছর ৯ মাস ১৪ দিন তাঁরা কমবেশি একসঙ্গে কাটিয়েছেন। পরের দিনটিতে জুলাই গণ-অভ্যুত্থানে মুগ্ধ শহীদ হন।আরেক যমজ আসিফ হাসান আর রাকিব হাসান। জীবনের প্রায় ২২টি বছর একসঙ্গে কাটিয়েছেন। জুলাই গণ–অভ্যুত্থানে মাহফুজুর রহমানের (মুগ্ধ) মতো আসিফও শহীদ হন।জীবনে এবারই প্রথম যমজ ভাইকে ছাড়া ঈদ করলেন স্নিগ্ধ ও রাকিব। এই দুই পরিবারের সদস্যদের কষ্টটা যেন একটু বেশি; যমজ একজন চোখের সামনে থাকলেও আরেকজন নেই। বুরা খাননকির ছেলে। তোর লজ্জা লাগে না এভাবে কথা বলতে। হাসিনার দোসর।",-1,-1,-1,-1,1,0,0,0,0,1
বাংলার দুই বীরশ্রেষ্ঠ,banglatoco,"যমজ এক ভাই চোখের সামনে, অন্য ভাইয়ের জন্য শোক যমজ ভাই মীর মাহফুজুর রহমান মুগ্ধ আর মীর মাহবুবুর রহমান স্নিগ্ধ। জন্মের পর ২৫ বছর ৯ মাস ১৪ দিন তাঁরা কমবেশি একসঙ্গে কাটিয়েছেন। পরের দিনটিতে জুলাই গণ-অভ্যুত্থানে মুগ্ধ শহীদ হন।আরেক যমজ আসিফ হাসান আর রাকিব হাসান। জীবনের প্রায় ২২টি বছর একসঙ্গে কাটিয়েছেন। জুলাই গণ–অভ্যুত্থানে মাহফুজুর রহমানের (মুগ্ধ) মতো আসিফও শহীদ হন।জীবনে এবারই প্রথম যমজ ভাইকে ছাড়া ঈদ করলেন স্নিগ্ধ ও রাকিব। এই দুই পরিবারের সদস্যদের কষ্টটা যেন একটু বেশি; যমজ একজন চোখের সামনে থাকলেও আরেকজন নেই।",-1,-1,-1,-1,1,0,0,0,0,1
খুব দুঃখ প্রকাশ,banglatoco,"মারা গেছেন কিংবদন্তী অভিনেতা মনোজ কুমার, শোকাচ্ছন্ন বলিউড বলিউডের প্রবীণ অভিনেতা ও পরিচালক মনোজ কুমার আর নেই। শুক্রবার (৪ এপ্রিল) মুম্বাইয়ে তিনি শেষ নিঃশ্বাস ত্যাগ করেন। মৃত্যুকালে তার বয়স হয়েছিলো ৮৭ বছর।বিবিসি জানায়, মুম্বাইয়ের কোকিলাবেন ধীরুভাই আম্বানি হাসপাতালে চিকিৎসাধীন অবস্থায় মনোজ কুমার মারা যান। বার্ধক্যজনিত সমস্যায় মৃত্যু হয়েছে তার।",-1,-1,-1,-1,0,0,0,0,0,1
ভালো অভিনেতা ছিলেন,banglatoco,"মারা গেছেন কিংবদন্তী অভিনেতা মনোজ কুমার, শোকাচ্ছন্ন বলিউড বলিউডের প্রবীণ অভিনেতা ও পরিচালক মনোজ কুমার আর নেই। শুক্রবার (৪ এপ্রিল) মুম্বাইয়ে তিনি শেষ নিঃশ্বাস ত্যাগ করেন। মৃত্যুকালে তার বয়স হয়েছিলো ৮৭ বছর।বিবিসি জানায়, মুম্বাইয়ের কোকিলাবেন ধীরুভাই আম্বানি হাসপাতালে চিকিৎসাধীন অবস্থায় মনোজ কুমার মারা যান। বার্ধক্যজনিত সমস্যায় মৃত্যু হয়েছে তার।",-1,-1,-1,-1,0,0,0,0,0,1
আত্মার শান্তি কামনা করি,banglatoco,"মারা গেছেন কিংবদন্তী অভিনেতা মনোজ কুমার, শোকাচ্ছন্ন বলিউড বলিউডের প্রবীণ অভিনেতা ও পরিচালক মনোজ কুমার আর নেই। শুক্রবার (৪ এপ্রিল) মুম্বাইয়ে তিনি শেষ নিঃশ্বাস ত্যাগ করেন। মৃত্যুকালে তার বয়স হয়েছিলো ৮৭ বছর।বিবিসি জানায়, মুম্বাইয়ের কোকিলাবেন ধীরুভাই আম্বানি হাসপাতালে চিকিৎসাধীন অবস্থায় মনোজ কুমার মারা যান। বার্ধক্যজনিত সমস্যায় মৃত্যু হয়েছে তার।",-1,-1,-1,-1,0,0,0,0,0,1
জাতীয়তাবাদী অভিনেতাকে বিনম্র শ্রদ্ধা জানাই।,banglatoco,"মারা গেছেন কিংবদন্তী অভিনেতা মনোজ কুমার, শোকাচ্ছন্ন বলিউড বলিউডের প্রবীণ অভিনেতা ও পরিচালক মনোজ কুমার আর নেই। শুক্রবার (৪ এপ্রিল) মুম্বাইয়ে তিনি শেষ নিঃশ্বাস ত্যাগ করেন। মৃত্যুকালে তার বয়স হয়েছিলো ৮৭ বছর।বিবিসি জানায়, মুম্বাইয়ের কোকিলাবেন ধীরুভাই আম্বানি হাসপাতালে চিকিৎসাধীন অবস্থায় মনোজ কুমার মারা যান। বার্ধক্যজনিত সমস্যায় মৃত্যু হয়েছে তার।",-1,-1,-1,-1,0,0,0,0,0,1
এক সময়ের খুব জনপ্রিয় অভিনেত্রী ছিলেন,banglatoco,"মারা গেছেন কিংবদন্তী অভিনেতা মনোজ কুমার, শোকাচ্ছন্ন বলিউড বলিউডের প্রবীণ অভিনেতা ও পরিচালক মনোজ কুমার আর নেই। শুক্রবার (৪ এপ্রিল) মুম্বাইয়ে তিনি শেষ নিঃশ্বাস ত্যাগ করেন। মৃত্যুকালে তার বয়স হয়েছিলো ৮৭ বছর।বিবিসি জানায়, মুম্বাইয়ের কোকিলাবেন ধীরুভাই আম্বানি হাসপাতালে চিকিৎসাধীন অবস্থায় মনোজ কুমার মারা যান। বার্ধক্যজনিত সমস্যায় মৃত্যু হয়েছে তার।",-1,-1,-1,-1,0,0,0,0,0,1
মারা গেছে এবার শান্তিতে অভিনয় করুক।,banglatoco,"মারা গেছেন কিংবদন্তী অভিনেতা মনোজ কুমার, শোকাচ্ছন্ন বলিউড বলিউডের প্রবীণ অভিনেতা ও পরিচালক মনোজ কুমার আর নেই। শুক্রবার (৪ এপ্রিল) মুম্বাইয়ে তিনি শেষ নিঃশ্বাস ত্যাগ করেন। মৃত্যুকালে তার বয়স হয়েছিলো ৮৭ বছর।বিবিসি জানায়, মুম্বাইয়ের কোকিলাবেন ধীরুভাই আম্বানি হাসপাতালে চিকিৎসাধীন অবস্থায় মনোজ কুমার মারা যান। বার্ধক্যজনিত সমস্যায় মৃত্যু হয়েছে তার।",-1,-1,-1,-1,1,0,0,0,0,1
দিব্যান্ লোকান্ স গচ্ছতুঃ,banglatoco,"মারা গেছেন কিংবদন্তী অভিনেতা মনোজ কুমার, শোকাচ্ছন্ন বলিউড বলিউডের প্রবীণ অভিনেতা ও পরিচালক মনোজ কুমার আর নেই। শুক্রবার (৪ এপ্রিল) মুম্বাইয়ে তিনি শেষ নিঃশ্বাস ত্যাগ করেন। মৃত্যুকালে তার বয়স হয়েছিলো ৮৭ বছর।বিবিসি জানায়, মুম্বাইয়ের কোকিলাবেন ধীরুভাই আম্বানি হাসপাতালে চিকিৎসাধীন অবস্থায় মনোজ কুমার মারা যান। বার্ধক্যজনিত সমস্যায় মৃত্যু হয়েছে তার।",-1,-1,-1,-1,0,0,0,0,0,1
"আমি আজকে প্রথম নাম শুনলাম,,,,, RIP",banglatoco,"মারা গেছেন কিংবদন্তী অভিনেতা মনোজ কুমার, শোকাচ্ছন্ন বলিউড বলিউডের প্রবীণ অভিনেতা ও পরিচালক মনোজ কুমার আর নেই। শুক্রবার (৪ এপ্রিল) মুম্বাইয়ে তিনি শেষ নিঃশ্বাস ত্যাগ করেন। মৃত্যুকালে তার বয়স হয়েছিলো ৮৭ বছর।বিবিসি জানায়, মুম্বাইয়ের কোকিলাবেন ধীরুভাই আম্বানি হাসপাতালে চিকিৎসাধীন অবস্থায় মনোজ কুমার মারা যান। বার্ধক্যজনিত সমস্যায় মৃত্যু হয়েছে তার। আমি ও",-1,-1,-1,-1,0,0,0,0,0,1
ওঁ বিদ্যান লোকান্ সগুচছতু,banglatoco,"মারা গেছেন কিংবদন্তী অভিনেতা মনোজ কুমার, শোকাচ্ছন্ন বলিউড বলিউডের প্রবীণ অভিনেতা ও পরিচালক মনোজ কুমার আর নেই। শুক্রবার (৪ এপ্রিল) মুম্বাইয়ে তিনি শেষ নিঃশ্বাস ত্যাগ করেন। মৃত্যুকালে তার বয়স হয়েছিলো ৮৭ বছর।বিবিসি জানায়, মুম্বাইয়ের কোকিলাবেন ধীরুভাই আম্বানি হাসপাতালে চিকিৎসাধীন অবস্থায় মনোজ কুমার মারা যান। বার্ধক্যজনিত সমস্যায় মৃত্যু হয়েছে তার।",-1,-1,-1,-1,0,0,0,0,0,1
"যাবার সময় আসলে যেতেই হয়, থাকার উপায় নাই!!",banglatoco,"মারা গেছেন কিংবদন্তী অভিনেতা মনোজ কুমার, শোকাচ্ছন্ন বলিউড বলিউডের প্রবীণ অভিনেতা ও পরিচালক মনোজ কুমার আর নেই। শুক্রবার (৪ এপ্রিল) মুম্বাইয়ে তিনি শেষ নিঃশ্বাস ত্যাগ করেন। মৃত্যুকালে তার বয়স হয়েছিলো ৮৭ বছর।বিবিসি জানায়, মুম্বাইয়ের কোকিলাবেন ধীরুভাই আম্বানি হাসপাতালে চিকিৎসাধীন অবস্থায় মনোজ কুমার মারা যান। বার্ধক্যজনিত সমস্যায় মৃত্যু হয়েছে তার।",-1,-1,-1,-1,0,0,0,0,0,1
ওপারে ভালো থাকবেন। 🤲,banglatoco,"মারা গেছেন কিংবদন্তী অভিনেতা মনোজ কুমার, শোকাচ্ছন্ন বলিউড বলিউডের প্রবীণ অভিনেতা ও পরিচালক মনোজ কুমার আর নেই। শুক্রবার (৪ এপ্রিল) মুম্বাইয়ে তিনি শেষ নিঃশ্বাস ত্যাগ করেন। মৃত্যুকালে তার বয়স হয়েছিলো ৮৭ বছর।বিবিসি জানায়, মুম্বাইয়ের কোকিলাবেন ধীরুভাই আম্বানি হাসপাতালে চিকিৎসাধীন অবস্থায় মনোজ কুমার মারা যান। বার্ধক্যজনিত সমস্যায় মৃত্যু হয়েছে তার।",-1,-1,-1,-1,0,0,0,0,0,1
চিনি না,banglatoco,"মারা গেছেন কিংবদন্তী অভিনেতা মনোজ কুমার, শোকাচ্ছন্ন বলিউড বলিউডের প্রবীণ অভিনেতা ও পরিচালক মনোজ কুমার আর নেই। শুক্রবার (৪ এপ্রিল) মুম্বাইয়ে তিনি শেষ নিঃশ্বাস ত্যাগ করেন। মৃত্যুকালে তার বয়স হয়েছিলো ৮৭ বছর।বিবিসি জানায়, মুম্বাইয়ের কোকিলাবেন ধীরুভাই আম্বানি হাসপাতালে চিকিৎসাধীন অবস্থায় মনোজ কুমার মারা যান। বার্ধক্যজনিত সমস্যায় মৃত্যু হয়েছে তার। আমিও চিনি না",-1,-1,-1,-1,0,0,0,0,0,1
তাহার আত্মার শান্তি কামনা করি,banglatoco,"মারা গেছেন কিংবদন্তী অভিনেতা মনোজ কুমার, শোকাচ্ছন্ন বলিউড বলিউডের প্রবীণ অভিনেতা ও পরিচালক মনোজ কুমার আর নেই। শুক্রবার (৪ এপ্রিল) মুম্বাইয়ে তিনি শেষ নিঃশ্বাস ত্যাগ করেন। মৃত্যুকালে তার বয়স হয়েছিলো ৮৭ বছর।বিবিসি জানায়, মুম্বাইয়ের কোকিলাবেন ধীরুভাই আম্বানি হাসপাতালে চিকিৎসাধীন অবস্থায় মনোজ কুমার মারা যান। বার্ধক্যজনিত সমস্যায় মৃত্যু হয়েছে তার।",-1,-1,-1,-1,0,0,0,0,0,1
ওঁ দিব্যান্ লোকান্ স গচ্ছতূ,banglatoco,"মারা গেছেন কিংবদন্তী অভিনেতা মনোজ কুমার, শোকাচ্ছন্ন বলিউড বলিউডের প্রবীণ অভিনেতা ও পরিচালক মনোজ কুমার আর নেই। শুক্রবার (৪ এপ্রিল) মুম্বাইয়ে তিনি শেষ নিঃশ্বাস ত্যাগ করেন। মৃত্যুকালে তার বয়স হয়েছিলো ৮৭ বছর।বিবিসি জানায়, মুম্বাইয়ের কোকিলাবেন ধীরুভাই আম্বানি হাসপাতালে চিকিৎসাধীন অবস্থায় মনোজ কুমার মারা যান। বার্ধক্যজনিত সমস্যায় মৃত্যু হয়েছে তার।",-1,-1,-1,-1,0,0,0,0,0,1
ইন্না-লিল্লাহ,banglatoco,"মারা গেছেন কিংবদন্তী অভিনেতা মনোজ কুমার, শোকাচ্ছন্ন বলিউড বলিউডের প্রবীণ অভিনেতা ও পরিচালক মনোজ কুমার আর নেই। শুক্রবার (৪ এপ্রিল) মুম্বাইয়ে তিনি শেষ নিঃশ্বাস ত্যাগ করেন। মৃত্যুকালে তার বয়স হয়েছিলো ৮৭ বছর।বিবিসি জানায়, মুম্বাইয়ের কোকিলাবেন ধীরুভাই আম্বানি হাসপাতালে চিকিৎসাধীন অবস্থায় মনোজ কুমার মারা যান। বার্ধক্যজনিত সমস্যায় মৃত্যু হয়েছে তার।",-1,-1,-1,-1,0,0,0,0,0,1
"নিউজফিড মৃত্যুর খবরে পরিপূর্ণ হয়েগেছে।আল্লাহ ইফতেখার তামিম ভাইকে জান্নাতুল ফেরদৌসের সু উচ্চ মাকাম দান করুক, আমিন।",banglatoco,"মারা গেছেন কিংবদন্তী অভিনেতা মনোজ কুমার, শোকাচ্ছন্ন বলিউড বলিউডের প্রবীণ অভিনেতা ও পরিচালক মনোজ কুমার আর নেই। শুক্রবার (৪ এপ্রিল) মুম্বাইয়ে তিনি শেষ নিঃশ্বাস ত্যাগ করেন। মৃত্যুকালে তার বয়স হয়েছিলো ৮৭ বছর।বিবিসি জানায়, মুম্বাইয়ের কোকিলাবেন ধীরুভাই আম্বানি হাসপাতালে চিকিৎসাধীন অবস্থায় মনোজ কুমার মারা যান। বার্ধক্যজনিত সমস্যায় মৃত্যু হয়েছে তার।",-1,-1,-1,-1,0,0,0,0,0,1
ওনার নিজ পরিবারের মানুষজন/আপনজন ছাড়া আর কেউ শোকাভিভূত নয়। তাই অতিরঞ্জিত করে কোন কিছু বলা ঠিক নয়।,banglatoco,"মারা গেছেন কিংবদন্তী অভিনেতা মনোজ কুমার, শোকাচ্ছন্ন বলিউড বলিউডের প্রবীণ অভিনেতা ও পরিচালক মনোজ কুমার আর নেই। শুক্রবার (৪ এপ্রিল) মুম্বাইয়ে তিনি শেষ নিঃশ্বাস ত্যাগ করেন। মৃত্যুকালে তার বয়স হয়েছিলো ৮৭ বছর।বিবিসি জানায়, মুম্বাইয়ের কোকিলাবেন ধীরুভাই আম্বানি হাসপাতালে চিকিৎসাধীন অবস্থায় মনোজ কুমার মারা যান। বার্ধক্যজনিত সমস্যায় মৃত্যু হয়েছে তার।",-1,-1,-1,-1,0,0,0,0,0,1
ইন্নালিল্লাহি ওয়া ইন্নালিল্লাহি রাজিউন,banglatoco,"মারা গেছেন কিংবদন্তী অভিনেতা মনোজ কুমার, শোকাচ্ছন্ন বলিউড বলিউডের প্রবীণ অভিনেতা ও পরিচালক মনোজ কুমার আর নেই। শুক্রবার (৪ এপ্রিল) মুম্বাইয়ে তিনি শেষ নিঃশ্বাস ত্যাগ করেন। মৃত্যুকালে তার বয়স হয়েছিলো ৮৭ বছর।বিবিসি জানায়, মুম্বাইয়ের কোকিলাবেন ধীরুভাই আম্বানি হাসপাতালে চিকিৎসাধীন অবস্থায় মনোজ কুমার মারা যান। বার্ধক্যজনিত সমস্যায় মৃত্যু হয়েছে তার। গন্ড মূর্খ",-1,-1,-1,-1,0,0,0,0,0,1
চিনি না রে সাংবাদিক ভাই,banglatoco,"মারা গেছেন কিংবদন্তী অভিনেতা মনোজ কুমার, শোকাচ্ছন্ন বলিউড বলিউডের প্রবীণ অভিনেতা ও পরিচালক মনোজ কুমার আর নেই। শুক্রবার (৪ এপ্রিল) মুম্বাইয়ে তিনি শেষ নিঃশ্বাস ত্যাগ করেন। মৃত্যুকালে তার বয়স হয়েছিলো ৮৭ বছর।বিবিসি জানায়, মুম্বাইয়ের কোকিলাবেন ধীরুভাই আম্বানি হাসপাতালে চিকিৎসাধীন অবস্থায় মনোজ কুমার মারা যান। বার্ধক্যজনিত সমস্যায় মৃত্যু হয়েছে তার।",-1,-1,-1,-1,0,0,0,0,0,1
সাংঘাতিকের বাবা ইন্নালিল্লাহি ওয়া ইন্না ইলাইহি রাজিউন,banglatoco,"মারা গেছেন কিংবদন্তী অভিনেতা মনোজ কুমার, শোকাচ্ছন্ন বলিউড বলিউডের প্রবীণ অভিনেতা ও পরিচালক মনোজ কুমার আর নেই। শুক্রবার (৪ এপ্রিল) মুম্বাইয়ে তিনি শেষ নিঃশ্বাস ত্যাগ করেন। মৃত্যুকালে তার বয়স হয়েছিলো ৮৭ বছর।বিবিসি জানায়, মুম্বাইয়ের কোকিলাবেন ধীরুভাই আম্বানি হাসপাতালে চিকিৎসাধীন অবস্থায় মনোজ কুমার মারা যান। বার্ধক্যজনিত সমস্যায় মৃত্যু হয়েছে তার।",-1,-1,-1,-1,1,0,0,0,0,1
চ্যানেল ২৪ এর মালিক মারা গেলেন। সবাই ওনার জন্য দোয়া করবেন।আমিন,banglatoco,"মারা গেছেন কিংবদন্তী অভিনেতা মনোজ কুমার, শোকাচ্ছন্ন বলিউড বলিউডের প্রবীণ অভিনেতা ও পরিচালক মনোজ কুমার আর নেই। শুক্রবার (৪ এপ্রিল) মুম্বাইয়ে তিনি শেষ নিঃশ্বাস ত্যাগ করেন। মৃত্যুকালে তার বয়স হয়েছিলো ৮৭ বছর।বিবিসি জানায়, মুম্বাইয়ের কোকিলাবেন ধীরুভাই আম্বানি হাসপাতালে চিকিৎসাধীন অবস্থায় মনোজ কুমার মারা যান। বার্ধক্যজনিত সমস্যায় মৃত্যু হয়েছে তার।",-1,-1,-1,-1,1,0,0,0,0,1
মরি গেছে ভালো হয়ছে এই সব আবর্জনা থাকা দরকার নেই,banglatoco,"মারা গেছেন কিংবদন্তী অভিনেতা মনোজ কুমার, শোকাচ্ছন্ন বলিউড বলিউডের প্রবীণ অভিনেতা ও পরিচালক মনোজ কুমার আর নেই। শুক্রবার (৪ এপ্রিল) মুম্বাইয়ে তিনি শেষ নিঃশ্বাস ত্যাগ করেন। মৃত্যুকালে তার বয়স হয়েছিলো ৮৭ বছর।বিবিসি জানায়, মুম্বাইয়ের কোকিলাবেন ধীরুভাই আম্বানি হাসপাতালে চিকিৎসাধীন অবস্থায় মনোজ কুমার মারা যান। বার্ধক্যজনিত সমস্যায় মৃত্যু হয়েছে তার।",-1,-1,-1,-1,1,0,0,0,0,1
মাশাল্লাহ,banglatoco,"মারা গেছেন কিংবদন্তী অভিনেতা মনোজ কুমার, শোকাচ্ছন্ন বলিউড বলিউডের প্রবীণ অভিনেতা ও পরিচালক মনোজ কুমার আর নেই। শুক্রবার (৪ এপ্রিল) মুম্বাইয়ে তিনি শেষ নিঃশ্বাস ত্যাগ করেন। মৃত্যুকালে তার বয়স হয়েছিলো ৮৭ বছর।বিবিসি জানায়, মুম্বাইয়ের কোকিলাবেন ধীরুভাই আম্বানি হাসপাতালে চিকিৎসাধীন অবস্থায় মনোজ কুমার মারা যান। বার্ধক্যজনিত সমস্যায় মৃত্যু হয়েছে তার।",-1,-1,-1,-1,1,0,0,0,0,1
"তাতে আমার বাল ছিরে গেলো,,,ওর একটা ছবি এ পর্যন্ত দেখি নাই আমি",banglatoco,"শাকিব খানের সঙ্গে একই ফ্রেমে কাজ করছি, এটা অনেক বড় ব্যাপার গত ২৮ মার্চ ইউটিউবে মুক্তি পাওয়া প্রীতি দত্তর ‘অপেক্ষা ’নাটকে দেখা গেছে নিদ্রা নেহাকে। তরুণ এই অভিনেত্রী এখন ব্যস্ত রায়হান রাফীর নতুন সিনেমা ‘তাণ্ডব’-এর শুটিংয়ে। ঈদের কাজ, শাকিব খানের সঙ্গে সিনেমাসহ নানা প্রসঙ্গে অভিনেত্রীর সঙ্গে কথা বলেছে বিনোদন",-1,-1,-1,-1,1,0,0,0,0,1
চুচকি চেরি,banglatoco,"শাকিব খানের সঙ্গে একই ফ্রেমে কাজ করছি, এটা অনেক বড় ব্যাপার গত ২৮ মার্চ ইউটিউবে মুক্তি পাওয়া প্রীতি দত্তর ‘অপেক্ষা ’নাটকে দেখা গেছে নিদ্রা নেহাকে। তরুণ এই অভিনেত্রী এখন ব্যস্ত রায়হান রাফীর নতুন সিনেমা ‘তাণ্ডব’-এর শুটিংয়ে। ঈদের কাজ, শাকিব খানের সঙ্গে সিনেমাসহ নানা প্রসঙ্গে অভিনেত্রীর সঙ্গে কথা বলেছে বিনোদন",-1,-1,-1,-1,1,0,0,0,0,1
কেক কি বানাইছে ! ওর কিন্তু দুটো কেক কাটার জায়গা আছে,banglatoco,"শাকিব খানের সঙ্গে একই ফ্রেমে কাজ করছি, এটা অনেক বড় ব্যাপার গত ২৮ মার্চ ইউটিউবে মুক্তি পাওয়া প্রীতি দত্তর ‘অপেক্ষা ’নাটকে দেখা গেছে নিদ্রা নেহাকে। তরুণ এই অভিনেত্রী এখন ব্যস্ত রায়হান রাফীর নতুন সিনেমা ‘তাণ্ডব’-এর শুটিংয়ে। ঈদের কাজ, শাকিব খানের সঙ্গে সিনেমাসহ নানা প্রসঙ্গে অভিনেত্রীর সঙ্গে কথা বলেছে বিনোদন",-1,-1,-1,-1,1,0,0,0,0,1
"এটা যদি অনেক বড় ব্যাপার হয়, তাহলে তার সন্তানের মা হওয়া যেন স্বয়ং সাত আসমানে উঠে যাওয়ার সমান🙄",banglatoco,"শাকিব খানের সঙ্গে একই ফ্রেমে কাজ করছি, এটা অনেক বড় ব্যাপার গত ২৮ মার্চ ইউটিউবে মুক্তি পাওয়া প্রীতি দত্তর ‘অপেক্ষা ’নাটকে দেখা গেছে নিদ্রা নেহাকে। তরুণ এই অভিনেত্রী এখন ব্যস্ত রায়হান রাফীর নতুন সিনেমা ‘তাণ্ডব’-এর শুটিংয়ে। ঈদের কাজ, শাকিব খানের সঙ্গে সিনেমাসহ নানা প্রসঙ্গে অভিনেত্রীর সঙ্গে কথা বলেছে বিনোদন কথা ঠিক কোন ভেজাল নাই 🙄",-1,-1,-1,-1,1,0,0,0,0,1
বাচ্চার নাম কি রাখবেন এখনই ঠিক করে ফেলেন,banglatoco,"শাকিব খানের সঙ্গে একই ফ্রেমে কাজ করছি, এটা অনেক বড় ব্যাপার গত ২৮ মার্চ ইউটিউবে মুক্তি পাওয়া প্রীতি দত্তর ‘অপেক্ষা ’নাটকে দেখা গেছে নিদ্রা নেহাকে। তরুণ এই অভিনেত্রী এখন ব্যস্ত রায়হান রাফীর নতুন সিনেমা ‘তাণ্ডব’-এর শুটিংয়ে। ঈদের কাজ, শাকিব খানের সঙ্গে সিনেমাসহ নানা প্রসঙ্গে অভিনেত্রীর সঙ্গে কথা বলেছে বিনোদন নিদ্রা নেহা বিবাহিত, তার স্বামীও অভিনয় করে, নাম প্রান্তর দস্তিদার",-1,-1,-1,-1,1,0,0,0,0,1
"নিদ্রা নেহা বিবাহিত, তার স্বামীও অভিনয় করে, নাম প্রান্তর দস্তিদার",banglatoco,"শাকিব খানের সঙ্গে একই ফ্রেমে কাজ করছি, এটা অনেক বড় ব্যাপার গত ২৮ মার্চ ইউটিউবে মুক্তি পাওয়া প্রীতি দত্তর ‘অপেক্ষা ’নাটকে দেখা গেছে নিদ্রা নেহাকে। তরুণ এই অভিনেত্রী এখন ব্যস্ত রায়হান রাফীর নতুন সিনেমা ‘তাণ্ডব’-এর শুটিংয়ে। ঈদের কাজ, শাকিব খানের সঙ্গে সিনেমাসহ নানা প্রসঙ্গে অভিনেত্রীর সঙ্গে কথা বলেছে বিনোদন বাচ্চার নাম কি রাখবেন এখনই ঠিক করে ফেলেন",-1,-1,-1,-1,0,0,0,0,0,1
পাঁচ রাউন্ড খেলা শেষ এইটা তোমার কপালেই দেখা যায়,banglatoco,"শাকিব খানের সঙ্গে একই ফ্রেমে কাজ করছি, এটা অনেক বড় ব্যাপার গত ২৮ মার্চ ইউটিউবে মুক্তি পাওয়া প্রীতি দত্তর ‘অপেক্ষা ’নাটকে দেখা গেছে নিদ্রা নেহাকে। তরুণ এই অভিনেত্রী এখন ব্যস্ত রায়হান রাফীর নতুন সিনেমা ‘তাণ্ডব’-এর শুটিংয়ে। ঈদের কাজ, শাকিব খানের সঙ্গে সিনেমাসহ নানা প্রসঙ্গে অভিনেত্রীর সঙ্গে কথা বলেছে বিনোদন",-1,-1,-1,-1,1,0,0,0,0,1
বাচ্চা হওয়ার তারিখ বল,banglatoco,"শাকিব খানের সঙ্গে একই ফ্রেমে কাজ করছি, এটা অনেক বড় ব্যাপার গত ২৮ মার্চ ইউটিউবে মুক্তি পাওয়া প্রীতি দত্তর ‘অপেক্ষা ’নাটকে দেখা গেছে নিদ্রা নেহাকে। তরুণ এই অভিনেত্রী এখন ব্যস্ত রায়হান রাফীর নতুন সিনেমা ‘তাণ্ডব’-এর শুটিংয়ে। ঈদের কাজ, শাকিব খানের সঙ্গে সিনেমাসহ নানা প্রসঙ্গে অভিনেত্রীর সঙ্গে কথা বলেছে বিনোদন",-1,-1,-1,-1,1,0,0,0,0,1
"প্রতিরোধক পদ্ধতি ব্যবহার করায় গর্ভবতী যে হয়ে বসেন নাই, এটা তার চেয়েও বড় ব্যাপার ম্যাডাম",banglatoco,"শাকিব খানের সঙ্গে একই ফ্রেমে কাজ করছি, এটা অনেক বড় ব্যাপার গত ২৮ মার্চ ইউটিউবে মুক্তি পাওয়া প্রীতি দত্তর ‘অপেক্ষা ’নাটকে দেখা গেছে নিদ্রা নেহাকে। তরুণ এই অভিনেত্রী এখন ব্যস্ত রায়হান রাফীর নতুন সিনেমা ‘তাণ্ডব’-এর শুটিংয়ে। ঈদের কাজ, শাকিব খানের সঙ্গে সিনেমাসহ নানা প্রসঙ্গে অভিনেত্রীর সঙ্গে কথা বলেছে বিনোদন",-1,-1,-1,-1,1,0,0,0,0,1
সাকিবের সাথে কাজ করে বাচ্চা পয়দা না দিতে পারাটা খুবই লজ্জাজনক বিষয়,banglatoco,"শাকিব খানের সঙ্গে একই ফ্রেমে কাজ করছি, এটা অনেক বড় ব্যাপার গত ২৮ মার্চ ইউটিউবে মুক্তি পাওয়া প্রীতি দত্তর ‘অপেক্ষা ’নাটকে দেখা গেছে নিদ্রা নেহাকে। তরুণ এই অভিনেত্রী এখন ব্যস্ত রায়হান রাফীর নতুন সিনেমা ‘তাণ্ডব’-এর শুটিংয়ে। ঈদের কাজ, শাকিব খানের সঙ্গে সিনেমাসহ নানা প্রসঙ্গে অভিনেত্রীর সঙ্গে কথা বলেছে বিনোদন",-1,-1,-1,-1,1,0,0,0,0,1
আবার পেটে যেন গাস্টিক না হয় পেট ফুলে,banglatoco,"শাকিব খানের সঙ্গে একই ফ্রেমে কাজ করছি, এটা অনেক বড় ব্যাপার গত ২৮ মার্চ ইউটিউবে মুক্তি পাওয়া প্রীতি দত্তর ‘অপেক্ষা ’নাটকে দেখা গেছে নিদ্রা নেহাকে। তরুণ এই অভিনেত্রী এখন ব্যস্ত রায়হান রাফীর নতুন সিনেমা ‘তাণ্ডব’-এর শুটিংয়ে। ঈদের কাজ, শাকিব খানের সঙ্গে সিনেমাসহ নানা প্রসঙ্গে অভিনেত্রীর সঙ্গে কথা বলেছে বিনোদন",-1,-1,-1,-1,1,0,0,0,0,1
আল্লাহ বাচাইছে আমার কথা বলেনি,banglatoco,"শাকিব খানের সঙ্গে একই ফ্রেমে কাজ করছি, এটা অনেক বড় ব্যাপার গত ২৮ মার্চ ইউটিউবে মুক্তি পাওয়া প্রীতি দত্তর ‘অপেক্ষা ’নাটকে দেখা গেছে নিদ্রা নেহাকে। তরুণ এই অভিনেত্রী এখন ব্যস্ত রায়হান রাফীর নতুন সিনেমা ‘তাণ্ডব’-এর শুটিংয়ে। ঈদের কাজ, শাকিব খানের সঙ্গে সিনেমাসহ নানা প্রসঙ্গে অভিনেত্রীর সঙ্গে কথা বলেছে বিনোদন",-1,-1,-1,-1,1,0,0,0,0,1
পরের বড় ব্যাপারটার সুসংবাদ টা এখনই দিয়ে যান,banglatoco,"শাকিব খানের সঙ্গে একই ফ্রেমে কাজ করছি, এটা অনেক বড় ব্যাপার গত ২৮ মার্চ ইউটিউবে মুক্তি পাওয়া প্রীতি দত্তর ‘অপেক্ষা ’নাটকে দেখা গেছে নিদ্রা নেহাকে। তরুণ এই অভিনেত্রী এখন ব্যস্ত রায়হান রাফীর নতুন সিনেমা ‘তাণ্ডব’-এর শুটিংয়ে। ঈদের কাজ, শাকিব খানের সঙ্গে সিনেমাসহ নানা প্রসঙ্গে অভিনেত্রীর সঙ্গে কথা বলেছে বিনোদন",-1,-1,-1,-1,1,0,0,0,0,1
উনি কে,banglatoco,"শাকিব খানের সঙ্গে একই ফ্রেমে কাজ করছি, এটা অনেক বড় ব্যাপার গত ২৮ মার্চ ইউটিউবে মুক্তি পাওয়া প্রীতি দত্তর ‘অপেক্ষা ’নাটকে দেখা গেছে নিদ্রা নেহাকে। তরুণ এই অভিনেত্রী এখন ব্যস্ত রায়হান রাফীর নতুন সিনেমা ‘তাণ্ডব’-এর শুটিংয়ে। ঈদের কাজ, শাকিব খানের সঙ্গে সিনেমাসহ নানা প্রসঙ্গে অভিনেত্রীর সঙ্গে কথা বলেছে বিনোদন পূজা মনে হচ্ছে",-1,-1,-1,-1,0,0,0,0,0,1
কিছু দিন পরে বাচ্চার মা হয়ে যাবে এটা আরও বড়ো বিষয় হবে 😄😄😄,banglatoco,"শাকিব খানের সঙ্গে একই ফ্রেমে কাজ করছি, এটা অনেক বড় ব্যাপার গত ২৮ মার্চ ইউটিউবে মুক্তি পাওয়া প্রীতি দত্তর ‘অপেক্ষা ’নাটকে দেখা গেছে নিদ্রা নেহাকে। তরুণ এই অভিনেত্রী এখন ব্যস্ত রায়হান রাফীর নতুন সিনেমা ‘তাণ্ডব’-এর শুটিংয়ে। ঈদের কাজ, শাকিব খানের সঙ্গে সিনেমাসহ নানা প্রসঙ্গে অভিনেত্রীর সঙ্গে কথা বলেছে বিনোদন",-1,-1,-1,-1,1,0,0,0,0,1
১০ মাস পর যখন বাচ্চা হবে এটার চেয়ে ওটা আরো বড় ব্যাপার,banglatoco,"শাকিব খানের সঙ্গে একই ফ্রেমে কাজ করছি, এটা অনেক বড় ব্যাপার গত ২৮ মার্চ ইউটিউবে মুক্তি পাওয়া প্রীতি দত্তর ‘অপেক্ষা ’নাটকে দেখা গেছে নিদ্রা নেহাকে। তরুণ এই অভিনেত্রী এখন ব্যস্ত রায়হান রাফীর নতুন সিনেমা ‘তাণ্ডব’-এর শুটিংয়ে। ঈদের কাজ, শাকিব খানের সঙ্গে সিনেমাসহ নানা প্রসঙ্গে অভিনেত্রীর সঙ্গে কথা বলেছে বিনোদন",-1,-1,-1,-1,1,0,0,0,0,1
শাকিব খানের ফ্যান মানে আবাল।,banglatoco,"শাকিব খানের সঙ্গে একই ফ্রেমে কাজ করছি, এটা অনেক বড় ব্যাপার গত ২৮ মার্চ ইউটিউবে মুক্তি পাওয়া প্রীতি দত্তর ‘অপেক্ষা ’নাটকে দেখা গেছে নিদ্রা নেহাকে। তরুণ এই অভিনেত্রী এখন ব্যস্ত রায়হান রাফীর নতুন সিনেমা ‘তাণ্ডব’-এর শুটিংয়ে। ঈদের কাজ, শাকিব খানের সঙ্গে সিনেমাসহ নানা প্রসঙ্গে অভিনেত্রীর সঙ্গে কথা বলেছে বিনোদন তোর বোন কে সুদে শাকিব ফ্যান",-1,-1,-1,-1,1,0,0,0,0,1
তোর বোন কে সুদে শাকিব ফ্যান,banglatoco,"শাকিব খানের সঙ্গে একই ফ্রেমে কাজ করছি, এটা অনেক বড় ব্যাপার গত ২৮ মার্চ ইউটিউবে মুক্তি পাওয়া প্রীতি দত্তর ‘অপেক্ষা ’নাটকে দেখা গেছে নিদ্রা নেহাকে। তরুণ এই অভিনেত্রী এখন ব্যস্ত রায়হান রাফীর নতুন সিনেমা ‘তাণ্ডব’-এর শুটিংয়ে। ঈদের কাজ, শাকিব খানের সঙ্গে সিনেমাসহ নানা প্রসঙ্গে অভিনেত্রীর সঙ্গে কথা বলেছে বিনোদন শাকিব খানের ফ্যান মানে আবাল। তোদের বোকাচোদা ফ্যানের চেয়ে টিকটকে ভালো সেলিব্রেটি অ্যাক্টিং করে",-1,-1,-1,-1,1,0,0,0,0,1
"অসাধারণ,,,,,🖤",banglatoco,"শাকিব খানের সঙ্গে একই ফ্রেমে কাজ করছি, এটা অনেক বড় ব্যাপার গত ২৮ মার্চ ইউটিউবে মুক্তি পাওয়া প্রীতি দত্তর ‘অপেক্ষা ’নাটকে দেখা গেছে নিদ্রা নেহাকে। তরুণ এই অভিনেত্রী এখন ব্যস্ত রায়হান রাফীর নতুন সিনেমা ‘তাণ্ডব’-এর শুটিংয়ে। ঈদের কাজ, শাকিব খানের সঙ্গে সিনেমাসহ নানা প্রসঙ্গে অভিনেত্রীর সঙ্গে কথা বলেছে বিনোদন",-1,-1,-1,-1,0,0,0,0,0,1
আরেকটা গর্ভবতী পাইতে যাবে মনে হয়। ছালি এসব বাদ দিয়ে তওবা করে আল্লাহর ধ্যানে নিজেকে বিলায় দাও লাভ আছে।,banglatoco,"শাকিব খানের সঙ্গে একই ফ্রেমে কাজ করছি, এটা অনেক বড় ব্যাপার গত ২৮ মার্চ ইউটিউবে মুক্তি পাওয়া প্রীতি দত্তর ‘অপেক্ষা ’নাটকে দেখা গেছে নিদ্রা নেহাকে। তরুণ এই অভিনেত্রী এখন ব্যস্ত রায়হান রাফীর নতুন সিনেমা ‘তাণ্ডব’-এর শুটিংয়ে। ঈদের কাজ, শাকিব খানের সঙ্গে সিনেমাসহ নানা প্রসঙ্গে অভিনেত্রীর সঙ্গে কথা বলেছে বিনোদন",-1,-1,-1,-1,1,0,0,0,0,1
অপু বুবলির পর শাকিব খানের তৃতীয় শিকার,banglatoco,"শাকিব খানের সঙ্গে একই ফ্রেমে কাজ করছি, এটা অনেক বড় ব্যাপার গত ২৮ মার্চ ইউটিউবে মুক্তি পাওয়া প্রীতি দত্তর ‘অপেক্ষা ’নাটকে দেখা গেছে নিদ্রা নেহাকে। তরুণ এই অভিনেত্রী এখন ব্যস্ত রায়হান রাফীর নতুন সিনেমা ‘তাণ্ডব’-এর শুটিংয়ে। ঈদের কাজ, শাকিব খানের সঙ্গে সিনেমাসহ নানা প্রসঙ্গে অভিনেত্রীর সঙ্গে কথা বলেছে বিনোদন",-1,-1,-1,-1,1,0,0,0,0,1
এই কৃতিত্বের জন্য মামনির দিকে দুইটা অস্কার ছুঁড়ে মারো কেউ,banglatoco,"শাকিব খানের সঙ্গে একই ফ্রেমে কাজ করছি, এটা অনেক বড় ব্যাপার গত ২৮ মার্চ ইউটিউবে মুক্তি পাওয়া প্রীতি দত্তর ‘অপেক্ষা ’নাটকে দেখা গেছে নিদ্রা নেহাকে। তরুণ এই অভিনেত্রী এখন ব্যস্ত রায়হান রাফীর নতুন সিনেমা ‘তাণ্ডব’-এর শুটিংয়ে। ঈদের কাজ, শাকিব খানের সঙ্গে সিনেমাসহ নানা প্রসঙ্গে অভিনেত্রীর সঙ্গে কথা বলেছে বিনোদন",-1,-1,-1,-1,1,0,0,0,0,1
উপকারি নিউজ,banglatoco,"শাকিব খানের সঙ্গে একই ফ্রেমে কাজ করছি, এটা অনেক বড় ব্যাপার গত ২৮ মার্চ ইউটিউবে মুক্তি পাওয়া প্রীতি দত্তর ‘অপেক্ষা ’নাটকে দেখা গেছে নিদ্রা নেহাকে। তরুণ এই অভিনেত্রী এখন ব্যস্ত রায়হান রাফীর নতুন সিনেমা ‘তাণ্ডব’-এর শুটিংয়ে। ঈদের কাজ, শাকিব খানের সঙ্গে সিনেমাসহ নানা প্রসঙ্গে অভিনেত্রীর সঙ্গে কথা বলেছে বিনোদন",-1,-1,-1,-1,0,0,0,0,0,1
ওকে..... 🙂সময় পেলে দুবাই থেকে ঘুরে আসিও তার সাথে..🙂সে কিন্তু অনেক বড় মনের মানুষ...🙂উদারপন্থী লোক!!!🙂,banglatoco,"শাকিব খানের সঙ্গে একই ফ্রেমে কাজ করছি, এটা অনেক বড় ব্যাপার গত ২৮ মার্চ ইউটিউবে মুক্তি পাওয়া প্রীতি দত্তর ‘অপেক্ষা ’নাটকে দেখা গেছে নিদ্রা নেহাকে। তরুণ এই অভিনেত্রী এখন ব্যস্ত রায়হান রাফীর নতুন সিনেমা ‘তাণ্ডব’-এর শুটিংয়ে। ঈদের কাজ, শাকিব খানের সঙ্গে সিনেমাসহ নানা প্রসঙ্গে অভিনেত্রীর সঙ্গে কথা বলেছে বিনোদন",-1,-1,-1,-1,1,0,0,0,0,1
বিনম্র শ্রদ্ধা💝🙏💝মহান আল্লাহতালা নিশ্চয় ওনাকে জান্নাতুল ফেরদৌস দান করবেন,banglatoco,"এমন মানুষ জন্মেছিলেন বলে আমরা যেকোনো দুঃসময়ে দাঁড়িয়েও স্বপ্ন দেখতে পারি বাংলাদেশের সংস্কৃতি অঙ্গনের অগ্রণী ব্যক্তিত্ব, সংগীতজ্ঞ, ছায়ানটের অন্যতম প্রতিষ্ঠাতা ও সভাপতি সন্‌জীদা খাতুন আর নেই। গতকাল মঙ্গলবার বেলা ৩টা ১০ মিনিটে রাজধানীর স্কয়ার হাসপাতালের আইসিইউতে তিনি মারা যান। একক পরিচয়ে সন্‌জীদা খাতুনের বহুমাত্রিক জীবনের পরিচয় দেওয়া যায় না। তিনি একাধারে ছিলেন শিক্ষক ও গবেষক, শিল্পী ও সংগীতজ্ঞ, দক্ষ সংগঠক ও সক্রিয় অধিকারকর্মী। তাঁর মৃত্যুর সংবাদ ছড়িয়ে পড়ার পর দেশের শিল্প–সাংস্কৃতিক অঙ্গনে শোকের ছায়া নেমে আসে। আত্মীয়স্বজনদের পাশাপাশি তাঁর সহযোদ্ধা, সহশিল্পী, শিক্ষার্থী ও গুণমুগ্ধরা শোক প্রকাশ করেন। তাঁকে নিয়ে ফেসবুকে লিখেছেন রবীন্দ্রসংগীতশিল্পী ফারহীন খান জয়িতা। জাহান্নামের লারকি; হ জান্নাতুল ফেরদাউস এত সস্তা ?;জান্নাত মনে হয় বাপ দাদার যাকে ইচ্ছা পাঠাইয়া দেওয়া যায়।",-1,-1,-1,-1,0,0,0,0,0,1
"বেচারি মরেও শান্তিতে নাই,যেমন কর্ম তেমন ফল।",banglatoco,"এমন মানুষ জন্মেছিলেন বলে আমরা যেকোনো দুঃসময়ে দাঁড়িয়েও স্বপ্ন দেখতে পারি বাংলাদেশের সংস্কৃতি অঙ্গনের অগ্রণী ব্যক্তিত্ব, সংগীতজ্ঞ, ছায়ানটের অন্যতম প্রতিষ্ঠাতা ও সভাপতি সন্‌জীদা খাতুন আর নেই। গতকাল মঙ্গলবার বেলা ৩টা ১০ মিনিটে রাজধানীর স্কয়ার হাসপাতালের আইসিইউতে তিনি মারা যান। একক পরিচয়ে সন্‌জীদা খাতুনের বহুমাত্রিক জীবনের পরিচয় দেওয়া যায় না। তিনি একাধারে ছিলেন শিক্ষক ও গবেষক, শিল্পী ও সংগীতজ্ঞ, দক্ষ সংগঠক ও সক্রিয় অধিকারকর্মী। তাঁর মৃত্যুর সংবাদ ছড়িয়ে পড়ার পর দেশের শিল্প–সাংস্কৃতিক অঙ্গনে শোকের ছায়া নেমে আসে। আত্মীয়স্বজনদের পাশাপাশি তাঁর সহযোদ্ধা, সহশিল্পী, শিক্ষার্থী ও গুণমুগ্ধরা শোক প্রকাশ করেন। তাঁকে নিয়ে ফেসবুকে লিখেছেন রবীন্দ্রসংগীতশিল্পী ফারহীন খান জয়িতা। আপনারা এমন এক জনগোষ্ঠী, যারা নিজেরাই নিজেদের বর্বরতা,হিংস্রতা, মূর্খতা, অসভ্যতা, অজ্ঞতা,হীনমন্যতা, রুচিহীনতা, পশ্চাৎপদতা,বিদ্বেষাত্মক মনোভাব ইত্যাদি নেতিবাচক চারিত্রিক বৈশিষ্ট্য বিশ্ববাসীর নিকট তুলে ধরেন।",-1,-1,-1,-1,1,0,0,0,0,1
বিনম্র শ্রদ্ধা,banglatoco,"এমন মানুষ জন্মেছিলেন বলে আমরা যেকোনো দুঃসময়ে দাঁড়িয়েও স্বপ্ন দেখতে পারি বাংলাদেশের সংস্কৃতি অঙ্গনের অগ্রণী ব্যক্তিত্ব, সংগীতজ্ঞ, ছায়ানটের অন্যতম প্রতিষ্ঠাতা ও সভাপতি সন্‌জীদা খাতুন আর নেই। গতকাল মঙ্গলবার বেলা ৩টা ১০ মিনিটে রাজধানীর স্কয়ার হাসপাতালের আইসিইউতে তিনি মারা যান। একক পরিচয়ে সন্‌জীদা খাতুনের বহুমাত্রিক জীবনের পরিচয় দেওয়া যায় না। তিনি একাধারে ছিলেন শিক্ষক ও গবেষক, শিল্পী ও সংগীতজ্ঞ, দক্ষ সংগঠক ও সক্রিয় অধিকারকর্মী। তাঁর মৃত্যুর সংবাদ ছড়িয়ে পড়ার পর দেশের শিল্প–সাংস্কৃতিক অঙ্গনে শোকের ছায়া নেমে আসে। আত্মীয়স্বজনদের পাশাপাশি তাঁর সহযোদ্ধা, সহশিল্পী, শিক্ষার্থী ও গুণমুগ্ধরা শোক প্রকাশ করেন। তাঁকে নিয়ে ফেসবুকে লিখেছেন রবীন্দ্রসংগীতশিল্পী ফারহীন খান জয়িতা।",-1,-1,-1,-1,0,0,0,0,0,1
"আপনারা এমন এক জনগোষ্ঠী, যারা নিজেরাই নিজেদের বর্বরতা,হিংস্রতা, মূর্খতা, অসভ্যতা, অজ্ঞতা,হীনমন্যতা, রুচিহীনতা, পশ্চাৎপদতা,বিদ্বেষাত্মক মনোভাব ইত্যাদি নেতিবাচক চারিত্রিক বৈশিষ্ট্য বিশ্ববাসীর নিকট তুলে ধরেন।",banglatoco,"এমন মানুষ জন্মেছিলেন বলে আমরা যেকোনো দুঃসময়ে দাঁড়িয়েও স্বপ্ন দেখতে পারি বাংলাদেশের সংস্কৃতি অঙ্গনের অগ্রণী ব্যক্তিত্ব, সংগীতজ্ঞ, ছায়ানটের অন্যতম প্রতিষ্ঠাতা ও সভাপতি সন্‌জীদা খাতুন আর নেই। গতকাল মঙ্গলবার বেলা ৩টা ১০ মিনিটে রাজধানীর স্কয়ার হাসপাতালের আইসিইউতে তিনি মারা যান। একক পরিচয়ে সন্‌জীদা খাতুনের বহুমাত্রিক জীবনের পরিচয় দেওয়া যায় না। তিনি একাধারে ছিলেন শিক্ষক ও গবেষক, শিল্পী ও সংগীতজ্ঞ, দক্ষ সংগঠক ও সক্রিয় অধিকারকর্মী। তাঁর মৃত্যুর সংবাদ ছড়িয়ে পড়ার পর দেশের শিল্প–সাংস্কৃতিক অঙ্গনে শোকের ছায়া নেমে আসে। আত্মীয়স্বজনদের পাশাপাশি তাঁর সহযোদ্ধা, সহশিল্পী, শিক্ষার্থী ও গুণমুগ্ধরা শোক প্রকাশ করেন। তাঁকে নিয়ে ফেসবুকে লিখেছেন রবীন্দ্রসংগীতশিল্পী ফারহীন খান জয়িতা। বেচারি মরেও শান্তিতে নাই,যেমন কর্ম তেমন ফল।",-1,-1,-1,-1,0,0,0,0,0,1
"ঠাকুরের কৃত্তন শেষে, তাকে শ্মশানে নিয়ে আগুন জ্বালিয়ে দিয়েন।",banglatoco,"এমন মানুষ জন্মেছিলেন বলে আমরা যেকোনো দুঃসময়ে দাঁড়িয়েও স্বপ্ন দেখতে পারি বাংলাদেশের সংস্কৃতি অঙ্গনের অগ্রণী ব্যক্তিত্ব, সংগীতজ্ঞ, ছায়ানটের অন্যতম প্রতিষ্ঠাতা ও সভাপতি সন্‌জীদা খাতুন আর নেই। গতকাল মঙ্গলবার বেলা ৩টা ১০ মিনিটে রাজধানীর স্কয়ার হাসপাতালের আইসিইউতে তিনি মারা যান। একক পরিচয়ে সন্‌জীদা খাতুনের বহুমাত্রিক জীবনের পরিচয় দেওয়া যায় না। তিনি একাধারে ছিলেন শিক্ষক ও গবেষক, শিল্পী ও সংগীতজ্ঞ, দক্ষ সংগঠক ও সক্রিয় অধিকারকর্মী। তাঁর মৃত্যুর সংবাদ ছড়িয়ে পড়ার পর দেশের শিল্প–সাংস্কৃতিক অঙ্গনে শোকের ছায়া নেমে আসে। আত্মীয়স্বজনদের পাশাপাশি তাঁর সহযোদ্ধা, সহশিল্পী, শিক্ষার্থী ও গুণমুগ্ধরা শোক প্রকাশ করেন। তাঁকে নিয়ে ফেসবুকে লিখেছেন রবীন্দ্রসংগীতশিল্পী ফারহীন খান জয়িতা।",-1,-1,-1,-1,1,0,0,0,0,1
অসাধারণ একজন মানুষের খুব সুন্দর স্মৃতিচারণ,banglatoco,"এমন মানুষ জন্মেছিলেন বলে আমরা যেকোনো দুঃসময়ে দাঁড়িয়েও স্বপ্ন দেখতে পারি বাংলাদেশের সংস্কৃতি অঙ্গনের অগ্রণী ব্যক্তিত্ব, সংগীতজ্ঞ, ছায়ানটের অন্যতম প্রতিষ্ঠাতা ও সভাপতি সন্‌জীদা খাতুন আর নেই। গতকাল মঙ্গলবার বেলা ৩টা ১০ মিনিটে রাজধানীর স্কয়ার হাসপাতালের আইসিইউতে তিনি মারা যান। একক পরিচয়ে সন্‌জীদা খাতুনের বহুমাত্রিক জীবনের পরিচয় দেওয়া যায় না। তিনি একাধারে ছিলেন শিক্ষক ও গবেষক, শিল্পী ও সংগীতজ্ঞ, দক্ষ সংগঠক ও সক্রিয় অধিকারকর্মী। তাঁর মৃত্যুর সংবাদ ছড়িয়ে পড়ার পর দেশের শিল্প–সাংস্কৃতিক অঙ্গনে শোকের ছায়া নেমে আসে। আত্মীয়স্বজনদের পাশাপাশি তাঁর সহযোদ্ধা, সহশিল্পী, শিক্ষার্থী ও গুণমুগ্ধরা শোক প্রকাশ করেন। তাঁকে নিয়ে ফেসবুকে লিখেছেন রবীন্দ্রসংগীতশিল্পী ফারহীন খান জয়িতা।",-1,-1,-1,-1,0,0,0,0,0,1
এমন মানুষ জন্মেছিল এটাই একটা পাপ দেশের জন্য,banglatoco,"এমন মানুষ জন্মেছিলেন বলে আমরা যেকোনো দুঃসময়ে দাঁড়িয়েও স্বপ্ন দেখতে পারি বাংলাদেশের সংস্কৃতি অঙ্গনের অগ্রণী ব্যক্তিত্ব, সংগীতজ্ঞ, ছায়ানটের অন্যতম প্রতিষ্ঠাতা ও সভাপতি সন্‌জীদা খাতুন আর নেই। গতকাল মঙ্গলবার বেলা ৩টা ১০ মিনিটে রাজধানীর স্কয়ার হাসপাতালের আইসিইউতে তিনি মারা যান। একক পরিচয়ে সন্‌জীদা খাতুনের বহুমাত্রিক জীবনের পরিচয় দেওয়া যায় না। তিনি একাধারে ছিলেন শিক্ষক ও গবেষক, শিল্পী ও সংগীতজ্ঞ, দক্ষ সংগঠক ও সক্রিয় অধিকারকর্মী। তাঁর মৃত্যুর সংবাদ ছড়িয়ে পড়ার পর দেশের শিল্প–সাংস্কৃতিক অঙ্গনে শোকের ছায়া নেমে আসে। আত্মীয়স্বজনদের পাশাপাশি তাঁর সহযোদ্ধা, সহশিল্পী, শিক্ষার্থী ও গুণমুগ্ধরা শোক প্রকাশ করেন। তাঁকে নিয়ে ফেসবুকে লিখেছেন রবীন্দ্রসংগীতশিল্পী ফারহীন খান জয়িতা।",-1,-1,-1,-1,1,0,0,0,0,1
বিমম্র শ্রদ্ধা।,banglatoco,"এমন মানুষ জন্মেছিলেন বলে আমরা যেকোনো দুঃসময়ে দাঁড়িয়েও স্বপ্ন দেখতে পারি বাংলাদেশের সংস্কৃতি অঙ্গনের অগ্রণী ব্যক্তিত্ব, সংগীতজ্ঞ, ছায়ানটের অন্যতম প্রতিষ্ঠাতা ও সভাপতি সন্‌জীদা খাতুন আর নেই। গতকাল মঙ্গলবার বেলা ৩টা ১০ মিনিটে রাজধানীর স্কয়ার হাসপাতালের আইসিইউতে তিনি মারা যান। একক পরিচয়ে সন্‌জীদা খাতুনের বহুমাত্রিক জীবনের পরিচয় দেওয়া যায় না। তিনি একাধারে ছিলেন শিক্ষক ও গবেষক, শিল্পী ও সংগীতজ্ঞ, দক্ষ সংগঠক ও সক্রিয় অধিকারকর্মী। তাঁর মৃত্যুর সংবাদ ছড়িয়ে পড়ার পর দেশের শিল্প–সাংস্কৃতিক অঙ্গনে শোকের ছায়া নেমে আসে। আত্মীয়স্বজনদের পাশাপাশি তাঁর সহযোদ্ধা, সহশিল্পী, শিক্ষার্থী ও গুণমুগ্ধরা শোক প্রকাশ করেন। তাঁকে নিয়ে ফেসবুকে লিখেছেন রবীন্দ্রসংগীতশিল্পী ফারহীন খান জয়িতা। ধর্মীয় নিয়ম/রীতি বলে একটা ব্যাপার আছে। মৃত্যুর পর পৃথিবীর সব দেশেই এই রীতি ফলো করে। তিনি যদি নিজেকে অমুসলিম ঘোষণা করে যেতেন তাহলেও একটা কথা ছিল। এখন তাকে জানাজা পড়ানোতে অস্বীকৃতি জানালে আবার আপনারা ক্ষেপে যেতেন।",-1,-1,-1,-1,0,0,0,0,0,1
তোরারেও সাথে স্বর্গে নিয়ে যাবে,banglatoco,"এমন মানুষ জন্মেছিলেন বলে আমরা যেকোনো দুঃসময়ে দাঁড়িয়েও স্বপ্ন দেখতে পারি বাংলাদেশের সংস্কৃতি অঙ্গনের অগ্রণী ব্যক্তিত্ব, সংগীতজ্ঞ, ছায়ানটের অন্যতম প্রতিষ্ঠাতা ও সভাপতি সন্‌জীদা খাতুন আর নেই। গতকাল মঙ্গলবার বেলা ৩টা ১০ মিনিটে রাজধানীর স্কয়ার হাসপাতালের আইসিইউতে তিনি মারা যান। একক পরিচয়ে সন্‌জীদা খাতুনের বহুমাত্রিক জীবনের পরিচয় দেওয়া যায় না। তিনি একাধারে ছিলেন শিক্ষক ও গবেষক, শিল্পী ও সংগীতজ্ঞ, দক্ষ সংগঠক ও সক্রিয় অধিকারকর্মী। তাঁর মৃত্যুর সংবাদ ছড়িয়ে পড়ার পর দেশের শিল্প–সাংস্কৃতিক অঙ্গনে শোকের ছায়া নেমে আসে। আত্মীয়স্বজনদের পাশাপাশি তাঁর সহযোদ্ধা, সহশিল্পী, শিক্ষার্থী ও গুণমুগ্ধরা শোক প্রকাশ করেন। তাঁকে নিয়ে ফেসবুকে লিখেছেন রবীন্দ্রসংগীতশিল্পী ফারহীন খান জয়িতা।",-1,-1,-1,-1,1,0,0,0,0,1
বেশ্যা পনার পথ প্রদর্শক,banglatoco,"এমন মানুষ জন্মেছিলেন বলে আমরা যেকোনো দুঃসময়ে দাঁড়িয়েও স্বপ্ন দেখতে পারি বাংলাদেশের সংস্কৃতি অঙ্গনের অগ্রণী ব্যক্তিত্ব, সংগীতজ্ঞ, ছায়ানটের অন্যতম প্রতিষ্ঠাতা ও সভাপতি সন্‌জীদা খাতুন আর নেই। গতকাল মঙ্গলবার বেলা ৩টা ১০ মিনিটে রাজধানীর স্কয়ার হাসপাতালের আইসিইউতে তিনি মারা যান। একক পরিচয়ে সন্‌জীদা খাতুনের বহুমাত্রিক জীবনের পরিচয় দেওয়া যায় না। তিনি একাধারে ছিলেন শিক্ষক ও গবেষক, শিল্পী ও সংগীতজ্ঞ, দক্ষ সংগঠক ও সক্রিয় অধিকারকর্মী। তাঁর মৃত্যুর সংবাদ ছড়িয়ে পড়ার পর দেশের শিল্প–সাংস্কৃতিক অঙ্গনে শোকের ছায়া নেমে আসে। আত্মীয়স্বজনদের পাশাপাশি তাঁর সহযোদ্ধা, সহশিল্পী, শিক্ষার্থী ও গুণমুগ্ধরা শোক প্রকাশ করেন। তাঁকে নিয়ে ফেসবুকে লিখেছেন রবীন্দ্রসংগীতশিল্পী ফারহীন খান জয়িতা।",-1,-1,-1,-1,1,0,0,0,0,1
ইবলিশের হারিয়ে যাওয়া বোনেরা।,banglatoco,"এমন মানুষ জন্মেছিলেন বলে আমরা যেকোনো দুঃসময়ে দাঁড়িয়েও স্বপ্ন দেখতে পারি বাংলাদেশের সংস্কৃতি অঙ্গনের অগ্রণী ব্যক্তিত্ব, সংগীতজ্ঞ, ছায়ানটের অন্যতম প্রতিষ্ঠাতা ও সভাপতি সন্‌জীদা খাতুন আর নেই। গতকাল মঙ্গলবার বেলা ৩টা ১০ মিনিটে রাজধানীর স্কয়ার হাসপাতালের আইসিইউতে তিনি মারা যান। একক পরিচয়ে সন্‌জীদা খাতুনের বহুমাত্রিক জীবনের পরিচয় দেওয়া যায় না। তিনি একাধারে ছিলেন শিক্ষক ও গবেষক, শিল্পী ও সংগীতজ্ঞ, দক্ষ সংগঠক ও সক্রিয় অধিকারকর্মী। তাঁর মৃত্যুর সংবাদ ছড়িয়ে পড়ার পর দেশের শিল্প–সাংস্কৃতিক অঙ্গনে শোকের ছায়া নেমে আসে। আত্মীয়স্বজনদের পাশাপাশি তাঁর সহযোদ্ধা, সহশিল্পী, শিক্ষার্থী ও গুণমুগ্ধরা শোক প্রকাশ করেন। তাঁকে নিয়ে ফেসবুকে লিখেছেন রবীন্দ্রসংগীতশিল্পী ফারহীন খান জয়িতা।",-1,-1,-1,-1,1,0,0,0,0,1
প্রথম আলো ও Daily Star ধ্বংস হোক নিপাত যাক।,banglatoco,"এমন মানুষ জন্মেছিলেন বলে আমরা যেকোনো দুঃসময়ে দাঁড়িয়েও স্বপ্ন দেখতে পারি বাংলাদেশের সংস্কৃতি অঙ্গনের অগ্রণী ব্যক্তিত্ব, সংগীতজ্ঞ, ছায়ানটের অন্যতম প্রতিষ্ঠাতা ও সভাপতি সন্‌জীদা খাতুন আর নেই। গতকাল মঙ্গলবার বেলা ৩টা ১০ মিনিটে রাজধানীর স্কয়ার হাসপাতালের আইসিইউতে তিনি মারা যান। একক পরিচয়ে সন্‌জীদা খাতুনের বহুমাত্রিক জীবনের পরিচয় দেওয়া যায় না। তিনি একাধারে ছিলেন শিক্ষক ও গবেষক, শিল্পী ও সংগীতজ্ঞ, দক্ষ সংগঠক ও সক্রিয় অধিকারকর্মী। তাঁর মৃত্যুর সংবাদ ছড়িয়ে পড়ার পর দেশের শিল্প–সাংস্কৃতিক অঙ্গনে শোকের ছায়া নেমে আসে। আত্মীয়স্বজনদের পাশাপাশি তাঁর সহযোদ্ধা, সহশিল্পী, শিক্ষার্থী ও গুণমুগ্ধরা শোক প্রকাশ করেন। তাঁকে নিয়ে ফেসবুকে লিখেছেন রবীন্দ্রসংগীতশিল্পী ফারহীন খান জয়িতা। আমিন",-1,-1,-1,-1,1,0,0,0,0,1
যেমন গোড়ারাও দেখে থাকে,banglatoco,"এমন মানুষ জন্মেছিলেন বলে আমরা যেকোনো দুঃসময়ে দাঁড়িয়েও স্বপ্ন দেখতে পারি বাংলাদেশের সংস্কৃতি অঙ্গনের অগ্রণী ব্যক্তিত্ব, সংগীতজ্ঞ, ছায়ানটের অন্যতম প্রতিষ্ঠাতা ও সভাপতি সন্‌জীদা খাতুন আর নেই। গতকাল মঙ্গলবার বেলা ৩টা ১০ মিনিটে রাজধানীর স্কয়ার হাসপাতালের আইসিইউতে তিনি মারা যান। একক পরিচয়ে সন্‌জীদা খাতুনের বহুমাত্রিক জীবনের পরিচয় দেওয়া যায় না। তিনি একাধারে ছিলেন শিক্ষক ও গবেষক, শিল্পী ও সংগীতজ্ঞ, দক্ষ সংগঠক ও সক্রিয় অধিকারকর্মী। তাঁর মৃত্যুর সংবাদ ছড়িয়ে পড়ার পর দেশের শিল্প–সাংস্কৃতিক অঙ্গনে শোকের ছায়া নেমে আসে। আত্মীয়স্বজনদের পাশাপাশি তাঁর সহযোদ্ধা, সহশিল্পী, শিক্ষার্থী ও গুণমুগ্ধরা শোক প্রকাশ করেন। তাঁকে নিয়ে ফেসবুকে লিখেছেন রবীন্দ্রসংগীতশিল্পী ফারহীন খান জয়িতা।",-1,-1,-1,-1,1,0,0,0,0,1
আমিন,banglatoco,"এমন মানুষ জন্মেছিলেন বলে আমরা যেকোনো দুঃসময়ে দাঁড়িয়েও স্বপ্ন দেখতে পারি বাংলাদেশের সংস্কৃতি অঙ্গনের অগ্রণী ব্যক্তিত্ব, সংগীতজ্ঞ, ছায়ানটের অন্যতম প্রতিষ্ঠাতা ও সভাপতি সন্‌জীদা খাতুন আর নেই। গতকাল মঙ্গলবার বেলা ৩টা ১০ মিনিটে রাজধানীর স্কয়ার হাসপাতালের আইসিইউতে তিনি মারা যান। একক পরিচয়ে সন্‌জীদা খাতুনের বহুমাত্রিক জীবনের পরিচয় দেওয়া যায় না। তিনি একাধারে ছিলেন শিক্ষক ও গবেষক, শিল্পী ও সংগীতজ্ঞ, দক্ষ সংগঠক ও সক্রিয় অধিকারকর্মী। তাঁর মৃত্যুর সংবাদ ছড়িয়ে পড়ার পর দেশের শিল্প–সাংস্কৃতিক অঙ্গনে শোকের ছায়া নেমে আসে। আত্মীয়স্বজনদের পাশাপাশি তাঁর সহযোদ্ধা, সহশিল্পী, শিক্ষার্থী ও গুণমুগ্ধরা শোক প্রকাশ করেন। তাঁকে নিয়ে ফেসবুকে লিখেছেন রবীন্দ্রসংগীতশিল্পী ফারহীন খান জয়িতা। প্রথম আলো ও Daily Star ধ্বংস হোক নিপাত যাক।",-1,-1,-1,-1,1,0,0,0,0,1
এদের জন্য বাংগালীর কপালে ঝাড়ু,banglatoco,"এমন মানুষ জন্মেছিলেন বলে আমরা যেকোনো দুঃসময়ে দাঁড়িয়েও স্বপ্ন দেখতে পারি বাংলাদেশের সংস্কৃতি অঙ্গনের অগ্রণী ব্যক্তিত্ব, সংগীতজ্ঞ, ছায়ানটের অন্যতম প্রতিষ্ঠাতা ও সভাপতি সন্‌জীদা খাতুন আর নেই। গতকাল মঙ্গলবার বেলা ৩টা ১০ মিনিটে রাজধানীর স্কয়ার হাসপাতালের আইসিইউতে তিনি মারা যান। একক পরিচয়ে সন্‌জীদা খাতুনের বহুমাত্রিক জীবনের পরিচয় দেওয়া যায় না। তিনি একাধারে ছিলেন শিক্ষক ও গবেষক, শিল্পী ও সংগীতজ্ঞ, দক্ষ সংগঠক ও সক্রিয় অধিকারকর্মী। তাঁর মৃত্যুর সংবাদ ছড়িয়ে পড়ার পর দেশের শিল্প–সাংস্কৃতিক অঙ্গনে শোকের ছায়া নেমে আসে। আত্মীয়স্বজনদের পাশাপাশি তাঁর সহযোদ্ধা, সহশিল্পী, শিক্ষার্থী ও গুণমুগ্ধরা শোক প্রকাশ করেন। তাঁকে নিয়ে ফেসবুকে লিখেছেন রবীন্দ্রসংগীতশিল্পী ফারহীন খান জয়িতা।",-1,-1,-1,-1,1,0,0,0,0,1
"দাঁড়িয়ে দাঁড়িয়ে স্বপ্ন কেন,ঘুতে দোষ কি??",banglatoco,"এমন মানুষ জন্মেছিলেন বলে আমরা যেকোনো দুঃসময়ে দাঁড়িয়েও স্বপ্ন দেখতে পারি বাংলাদেশের সংস্কৃতি অঙ্গনের অগ্রণী ব্যক্তিত্ব, সংগীতজ্ঞ, ছায়ানটের অন্যতম প্রতিষ্ঠাতা ও সভাপতি সন্‌জীদা খাতুন আর নেই। গতকাল মঙ্গলবার বেলা ৩টা ১০ মিনিটে রাজধানীর স্কয়ার হাসপাতালের আইসিইউতে তিনি মারা যান। একক পরিচয়ে সন্‌জীদা খাতুনের বহুমাত্রিক জীবনের পরিচয় দেওয়া যায় না। তিনি একাধারে ছিলেন শিক্ষক ও গবেষক, শিল্পী ও সংগীতজ্ঞ, দক্ষ সংগঠক ও সক্রিয় অধিকারকর্মী। তাঁর মৃত্যুর সংবাদ ছড়িয়ে পড়ার পর দেশের শিল্প–সাংস্কৃতিক অঙ্গনে শোকের ছায়া নেমে আসে। আত্মীয়স্বজনদের পাশাপাশি তাঁর সহযোদ্ধা, সহশিল্পী, শিক্ষার্থী ও গুণমুগ্ধরা শোক প্রকাশ করেন। তাঁকে নিয়ে ফেসবুকে লিখেছেন রবীন্দ্রসংগীতশিল্পী ফারহীন খান জয়িতা।",-1,-1,-1,-1,1,0,0,0,0,1
"হেতি আমার বা*** মানুষ,,শাহবাগী",banglatoco,"এমন মানুষ জন্মেছিলেন বলে আমরা যেকোনো দুঃসময়ে দাঁড়িয়েও স্বপ্ন দেখতে পারি বাংলাদেশের সংস্কৃতি অঙ্গনের অগ্রণী ব্যক্তিত্ব, সংগীতজ্ঞ, ছায়ানটের অন্যতম প্রতিষ্ঠাতা ও সভাপতি সন্‌জীদা খাতুন আর নেই। গতকাল মঙ্গলবার বেলা ৩টা ১০ মিনিটে রাজধানীর স্কয়ার হাসপাতালের আইসিইউতে তিনি মারা যান। একক পরিচয়ে সন্‌জীদা খাতুনের বহুমাত্রিক জীবনের পরিচয় দেওয়া যায় না। তিনি একাধারে ছিলেন শিক্ষক ও গবেষক, শিল্পী ও সংগীতজ্ঞ, দক্ষ সংগঠক ও সক্রিয় অধিকারকর্মী। তাঁর মৃত্যুর সংবাদ ছড়িয়ে পড়ার পর দেশের শিল্প–সাংস্কৃতিক অঙ্গনে শোকের ছায়া নেমে আসে। আত্মীয়স্বজনদের পাশাপাশি তাঁর সহযোদ্ধা, সহশিল্পী, শিক্ষার্থী ও গুণমুগ্ধরা শোক প্রকাশ করেন। তাঁকে নিয়ে ফেসবুকে লিখেছেন রবীন্দ্রসংগীতশিল্পী ফারহীন খান জয়িতা।",-1,-1,-1,-1,1,0,0,0,0,1
এরাতো সব ফ্যাসিবাদের সহযোগী।,banglatoco,"এমন মানুষ জন্মেছিলেন বলে আমরা যেকোনো দুঃসময়ে দাঁড়িয়েও স্বপ্ন দেখতে পারি বাংলাদেশের সংস্কৃতি অঙ্গনের অগ্রণী ব্যক্তিত্ব, সংগীতজ্ঞ, ছায়ানটের অন্যতম প্রতিষ্ঠাতা ও সভাপতি সন্‌জীদা খাতুন আর নেই। গতকাল মঙ্গলবার বেলা ৩টা ১০ মিনিটে রাজধানীর স্কয়ার হাসপাতালের আইসিইউতে তিনি মারা যান। একক পরিচয়ে সন্‌জীদা খাতুনের বহুমাত্রিক জীবনের পরিচয় দেওয়া যায় না। তিনি একাধারে ছিলেন শিক্ষক ও গবেষক, শিল্পী ও সংগীতজ্ঞ, দক্ষ সংগঠক ও সক্রিয় অধিকারকর্মী। তাঁর মৃত্যুর সংবাদ ছড়িয়ে পড়ার পর দেশের শিল্প–সাংস্কৃতিক অঙ্গনে শোকের ছায়া নেমে আসে। আত্মীয়স্বজনদের পাশাপাশি তাঁর সহযোদ্ধা, সহশিল্পী, শিক্ষার্থী ও গুণমুগ্ধরা শোক প্রকাশ করেন। তাঁকে নিয়ে ফেসবুকে লিখেছেন রবীন্দ্রসংগীতশিল্পী ফারহীন খান জয়িতা।",-1,-1,-1,-1,1,0,0,0,0,1
এমন মানুষ আর পৃথিবীতে না জন্মাক,banglatoco,"এমন মানুষ জন্মেছিলেন বলে আমরা যেকোনো দুঃসময়ে দাঁড়িয়েও স্বপ্ন দেখতে পারি বাংলাদেশের সংস্কৃতি অঙ্গনের অগ্রণী ব্যক্তিত্ব, সংগীতজ্ঞ, ছায়ানটের অন্যতম প্রতিষ্ঠাতা ও সভাপতি সন্‌জীদা খাতুন আর নেই। গতকাল মঙ্গলবার বেলা ৩টা ১০ মিনিটে রাজধানীর স্কয়ার হাসপাতালের আইসিইউতে তিনি মারা যান। একক পরিচয়ে সন্‌জীদা খাতুনের বহুমাত্রিক জীবনের পরিচয় দেওয়া যায় না। তিনি একাধারে ছিলেন শিক্ষক ও গবেষক, শিল্পী ও সংগীতজ্ঞ, দক্ষ সংগঠক ও সক্রিয় অধিকারকর্মী। তাঁর মৃত্যুর সংবাদ ছড়িয়ে পড়ার পর দেশের শিল্প–সাংস্কৃতিক অঙ্গনে শোকের ছায়া নেমে আসে। আত্মীয়স্বজনদের পাশাপাশি তাঁর সহযোদ্ধা, সহশিল্পী, শিক্ষার্থী ও গুণমুগ্ধরা শোক প্রকাশ করেন। তাঁকে নিয়ে ফেসবুকে লিখেছেন রবীন্দ্রসংগীতশিল্পী ফারহীন খান জয়িতা।",-1,-1,-1,-1,1,0,0,0,0,1
ছায়ানটি ইন্ডিয়ান প্রোডাক্ট,banglatoco,"এমন মানুষ জন্মেছিলেন বলে আমরা যেকোনো দুঃসময়ে দাঁড়িয়েও স্বপ্ন দেখতে পারি বাংলাদেশের সংস্কৃতি অঙ্গনের অগ্রণী ব্যক্তিত্ব, সংগীতজ্ঞ, ছায়ানটের অন্যতম প্রতিষ্ঠাতা ও সভাপতি সন্‌জীদা খাতুন আর নেই। গতকাল মঙ্গলবার বেলা ৩টা ১০ মিনিটে রাজধানীর স্কয়ার হাসপাতালের আইসিইউতে তিনি মারা যান। একক পরিচয়ে সন্‌জীদা খাতুনের বহুমাত্রিক জীবনের পরিচয় দেওয়া যায় না। তিনি একাধারে ছিলেন শিক্ষক ও গবেষক, শিল্পী ও সংগীতজ্ঞ, দক্ষ সংগঠক ও সক্রিয় অধিকারকর্মী। তাঁর মৃত্যুর সংবাদ ছড়িয়ে পড়ার পর দেশের শিল্প–সাংস্কৃতিক অঙ্গনে শোকের ছায়া নেমে আসে। আত্মীয়স্বজনদের পাশাপাশি তাঁর সহযোদ্ধা, সহশিল্পী, শিক্ষার্থী ও গুণমুগ্ধরা শোক প্রকাশ করেন। তাঁকে নিয়ে ফেসবুকে লিখেছেন রবীন্দ্রসংগীতশিল্পী ফারহীন খান জয়িতা।",-1,-1,-1,-1,1,0,0,0,0,1
এই আমরার মধ‍্যে আমি নাই … একজন মুসলিম হিসেবে আমার ক্ষুদ্র জ্ঞানে যা বুঝি .. এদের যত অর্জন সব দুনিয়াবী .. আল্লাহর কাছে যার বিন্দুমাত্র দাম নাই .. সবই বৃথা !,banglatoco,"এমন মানুষ জন্মেছিলেন বলে আমরা যেকোনো দুঃসময়ে দাঁড়িয়েও স্বপ্ন দেখতে পারি বাংলাদেশের সংস্কৃতি অঙ্গনের অগ্রণী ব্যক্তিত্ব, সংগীতজ্ঞ, ছায়ানটের অন্যতম প্রতিষ্ঠাতা ও সভাপতি সন্‌জীদা খাতুন আর নেই। গতকাল মঙ্গলবার বেলা ৩টা ১০ মিনিটে রাজধানীর স্কয়ার হাসপাতালের আইসিইউতে তিনি মারা যান। একক পরিচয়ে সন্‌জীদা খাতুনের বহুমাত্রিক জীবনের পরিচয় দেওয়া যায় না। তিনি একাধারে ছিলেন শিক্ষক ও গবেষক, শিল্পী ও সংগীতজ্ঞ, দক্ষ সংগঠক ও সক্রিয় অধিকারকর্মী। তাঁর মৃত্যুর সংবাদ ছড়িয়ে পড়ার পর দেশের শিল্প–সাংস্কৃতিক অঙ্গনে শোকের ছায়া নেমে আসে। আত্মীয়স্বজনদের পাশাপাশি তাঁর সহযোদ্ধা, সহশিল্পী, শিক্ষার্থী ও গুণমুগ্ধরা শোক প্রকাশ করেন। তাঁকে নিয়ে ফেসবুকে লিখেছেন রবীন্দ্রসংগীতশিল্পী ফারহীন খান জয়িতা। ১০০% সত্যি",-1,-1,-1,-1,1,0,0,0,0,1
সংবাদিক বলদ খুশি থাকতে পারে ওদের নিয়ে আমরা নই-- যতসব.!,banglatoco,"এমন মানুষ জন্মেছিলেন বলে আমরা যেকোনো দুঃসময়ে দাঁড়িয়েও স্বপ্ন দেখতে পারি বাংলাদেশের সংস্কৃতি অঙ্গনের অগ্রণী ব্যক্তিত্ব, সংগীতজ্ঞ, ছায়ানটের অন্যতম প্রতিষ্ঠাতা ও সভাপতি সন্‌জীদা খাতুন আর নেই। গতকাল মঙ্গলবার বেলা ৩টা ১০ মিনিটে রাজধানীর স্কয়ার হাসপাতালের আইসিইউতে তিনি মারা যান। একক পরিচয়ে সন্‌জীদা খাতুনের বহুমাত্রিক জীবনের পরিচয় দেওয়া যায় না। তিনি একাধারে ছিলেন শিক্ষক ও গবেষক, শিল্পী ও সংগীতজ্ঞ, দক্ষ সংগঠক ও সক্রিয় অধিকারকর্মী। তাঁর মৃত্যুর সংবাদ ছড়িয়ে পড়ার পর দেশের শিল্প–সাংস্কৃতিক অঙ্গনে শোকের ছায়া নেমে আসে। আত্মীয়স্বজনদের পাশাপাশি তাঁর সহযোদ্ধা, সহশিল্পী, শিক্ষার্থী ও গুণমুগ্ধরা শোক প্রকাশ করেন। তাঁকে নিয়ে ফেসবুকে লিখেছেন রবীন্দ্রসংগীতশিল্পী ফারহীন খান জয়িতা।",-1,-1,-1,-1,1,0,0,0,0,1
এক মহান নটির বিদায় 😂🤣😂🤣😂🤣😂,banglatoco,"এমন মানুষ জন্মেছিলেন বলে আমরা যেকোনো দুঃসময়ে দাঁড়িয়েও স্বপ্ন দেখতে পারি বাংলাদেশের সংস্কৃতি অঙ্গনের অগ্রণী ব্যক্তিত্ব, সংগীতজ্ঞ, ছায়ানটের অন্যতম প্রতিষ্ঠাতা ও সভাপতি সন্‌জীদা খাতুন আর নেই। গতকাল মঙ্গলবার বেলা ৩টা ১০ মিনিটে রাজধানীর স্কয়ার হাসপাতালের আইসিইউতে তিনি মারা যান। একক পরিচয়ে সন্‌জীদা খাতুনের বহুমাত্রিক জীবনের পরিচয় দেওয়া যায় না। তিনি একাধারে ছিলেন শিক্ষক ও গবেষক, শিল্পী ও সংগীতজ্ঞ, দক্ষ সংগঠক ও সক্রিয় অধিকারকর্মী। তাঁর মৃত্যুর সংবাদ ছড়িয়ে পড়ার পর দেশের শিল্প–সাংস্কৃতিক অঙ্গনে শোকের ছায়া নেমে আসে। আত্মীয়স্বজনদের পাশাপাশি তাঁর সহযোদ্ধা, সহশিল্পী, শিক্ষার্থী ও গুণমুগ্ধরা শোক প্রকাশ করেন। তাঁকে নিয়ে ফেসবুকে লিখেছেন রবীন্দ্রসংগীতশিল্পী ফারহীন খান জয়িতা।",-1,-1,-1,-1,1,0,0,0,0,1
আপদ বিদায় নিছে আমাদের বড় আছান হয়েছে,banglatoco,"এমন মানুষ জন্মেছিলেন বলে আমরা যেকোনো দুঃসময়ে দাঁড়িয়েও স্বপ্ন দেখতে পারি বাংলাদেশের সংস্কৃতি অঙ্গনের অগ্রণী ব্যক্তিত্ব, সংগীতজ্ঞ, ছায়ানটের অন্যতম প্রতিষ্ঠাতা ও সভাপতি সন্‌জীদা খাতুন আর নেই। গতকাল মঙ্গলবার বেলা ৩টা ১০ মিনিটে রাজধানীর স্কয়ার হাসপাতালের আইসিইউতে তিনি মারা যান। একক পরিচয়ে সন্‌জীদা খাতুনের বহুমাত্রিক জীবনের পরিচয় দেওয়া যায় না। তিনি একাধারে ছিলেন শিক্ষক ও গবেষক, শিল্পী ও সংগীতজ্ঞ, দক্ষ সংগঠক ও সক্রিয় অধিকারকর্মী। তাঁর মৃত্যুর সংবাদ ছড়িয়ে পড়ার পর দেশের শিল্প–সাংস্কৃতিক অঙ্গনে শোকের ছায়া নেমে আসে। আত্মীয়স্বজনদের পাশাপাশি তাঁর সহযোদ্ধা, সহশিল্পী, শিক্ষার্থী ও গুণমুগ্ধরা শোক প্রকাশ করেন। তাঁকে নিয়ে ফেসবুকে লিখেছেন রবীন্দ্রসংগীতশিল্পী ফারহীন খান জয়িতা।",-1,-1,-1,-1,1,0,0,0,0,1
নটিনী বিদায় নিলো রঠা ধর্ম অনুসারে,banglatoco,"এমন মানুষ জন্মেছিলেন বলে আমরা যেকোনো দুঃসময়ে দাঁড়িয়েও স্বপ্ন দেখতে পারি বাংলাদেশের সংস্কৃতি অঙ্গনের অগ্রণী ব্যক্তিত্ব, সংগীতজ্ঞ, ছায়ানটের অন্যতম প্রতিষ্ঠাতা ও সভাপতি সন্‌জীদা খাতুন আর নেই। গতকাল মঙ্গলবার বেলা ৩টা ১০ মিনিটে রাজধানীর স্কয়ার হাসপাতালের আইসিইউতে তিনি মারা যান। একক পরিচয়ে সন্‌জীদা খাতুনের বহুমাত্রিক জীবনের পরিচয় দেওয়া যায় না। তিনি একাধারে ছিলেন শিক্ষক ও গবেষক, শিল্পী ও সংগীতজ্ঞ, দক্ষ সংগঠক ও সক্রিয় অধিকারকর্মী। তাঁর মৃত্যুর সংবাদ ছড়িয়ে পড়ার পর দেশের শিল্প–সাংস্কৃতিক অঙ্গনে শোকের ছায়া নেমে আসে। আত্মীয়স্বজনদের পাশাপাশি তাঁর সহযোদ্ধা, সহশিল্পী, শিক্ষার্থী ও গুণমুগ্ধরা শোক প্রকাশ করেন। তাঁকে নিয়ে ফেসবুকে লিখেছেন রবীন্দ্রসংগীতশিল্পী ফারহীন খান জয়িতা।",-1,-1,-1,-1,1,0,0,0,0,1
উনার ভক্তদের জন্য উনার মরদেহ কে কি মমি বানায় রাখা যায় না?,banglatoco,"এমন মানুষ জন্মেছিলেন বলে আমরা যেকোনো দুঃসময়ে দাঁড়িয়েও স্বপ্ন দেখতে পারি বাংলাদেশের সংস্কৃতি অঙ্গনের অগ্রণী ব্যক্তিত্ব, সংগীতজ্ঞ, ছায়ানটের অন্যতম প্রতিষ্ঠাতা ও সভাপতি সন্‌জীদা খাতুন আর নেই। গতকাল মঙ্গলবার বেলা ৩টা ১০ মিনিটে রাজধানীর স্কয়ার হাসপাতালের আইসিইউতে তিনি মারা যান। একক পরিচয়ে সন্‌জীদা খাতুনের বহুমাত্রিক জীবনের পরিচয় দেওয়া যায় না। তিনি একাধারে ছিলেন শিক্ষক ও গবেষক, শিল্পী ও সংগীতজ্ঞ, দক্ষ সংগঠক ও সক্রিয় অধিকারকর্মী। তাঁর মৃত্যুর সংবাদ ছড়িয়ে পড়ার পর দেশের শিল্প–সাংস্কৃতিক অঙ্গনে শোকের ছায়া নেমে আসে। আত্মীয়স্বজনদের পাশাপাশি তাঁর সহযোদ্ধা, সহশিল্পী, শিক্ষার্থী ও গুণমুগ্ধরা শোক প্রকাশ করেন। তাঁকে নিয়ে ফেসবুকে লিখেছেন রবীন্দ্রসংগীতশিল্পী ফারহীন খান জয়িতা।",-1,-1,-1,-1,1,0,0,0,0,1
পুরিন্দাটা একটু বেশি হয়ে গেল না?,banglatoco,"এমন মানুষ জন্মেছিলেন বলে আমরা যেকোনো দুঃসময়ে দাঁড়িয়েও স্বপ্ন দেখতে পারি বাংলাদেশের সংস্কৃতি অঙ্গনের অগ্রণী ব্যক্তিত্ব, সংগীতজ্ঞ, ছায়ানটের অন্যতম প্রতিষ্ঠাতা ও সভাপতি সন্‌জীদা খাতুন আর নেই। গতকাল মঙ্গলবার বেলা ৩টা ১০ মিনিটে রাজধানীর স্কয়ার হাসপাতালের আইসিইউতে তিনি মারা যান। একক পরিচয়ে সন্‌জীদা খাতুনের বহুমাত্রিক জীবনের পরিচয় দেওয়া যায় না। তিনি একাধারে ছিলেন শিক্ষক ও গবেষক, শিল্পী ও সংগীতজ্ঞ, দক্ষ সংগঠক ও সক্রিয় অধিকারকর্মী। তাঁর মৃত্যুর সংবাদ ছড়িয়ে পড়ার পর দেশের শিল্প–সাংস্কৃতিক অঙ্গনে শোকের ছায়া নেমে আসে। আত্মীয়স্বজনদের পাশাপাশি তাঁর সহযোদ্ধা, সহশিল্পী, শিক্ষার্থী ও গুণমুগ্ধরা শোক প্রকাশ করেন। তাঁকে নিয়ে ফেসবুকে লিখেছেন রবীন্দ্রসংগীতশিল্পী ফারহীন খান জয়িতা।",-1,-1,-1,-1,1,0,0,0,0,1
রেস্ট ইন মঙ্গল গ্রহ🫡,banglatoco,"এমন মানুষ জন্মেছিলেন বলে আমরা যেকোনো দুঃসময়ে দাঁড়িয়েও স্বপ্ন দেখতে পারি বাংলাদেশের সংস্কৃতি অঙ্গনের অগ্রণী ব্যক্তিত্ব, সংগীতজ্ঞ, ছায়ানটের অন্যতম প্রতিষ্ঠাতা ও সভাপতি সন্‌জীদা খাতুন আর নেই। গতকাল মঙ্গলবার বেলা ৩টা ১০ মিনিটে রাজধানীর স্কয়ার হাসপাতালের আইসিইউতে তিনি মারা যান। একক পরিচয়ে সন্‌জীদা খাতুনের বহুমাত্রিক জীবনের পরিচয় দেওয়া যায় না। তিনি একাধারে ছিলেন শিক্ষক ও গবেষক, শিল্পী ও সংগীতজ্ঞ, দক্ষ সংগঠক ও সক্রিয় অধিকারকর্মী। তাঁর মৃত্যুর সংবাদ ছড়িয়ে পড়ার পর দেশের শিল্প–সাংস্কৃতিক অঙ্গনে শোকের ছায়া নেমে আসে। আত্মীয়স্বজনদের পাশাপাশি তাঁর সহযোদ্ধা, সহশিল্পী, শিক্ষার্থী ও গুণমুগ্ধরা শোক প্রকাশ করেন। তাঁকে নিয়ে ফেসবুকে লিখেছেন রবীন্দ্রসংগীতশিল্পী ফারহীন খান জয়িতা। একদম 😄",-1,-1,-1,-1,1,0,0,0,0,1
স্বপ্নে শুধু জাহান্নাম দেখতে!!,banglatoco,"এমন মানুষ জন্মেছিলেন বলে আমরা যেকোনো দুঃসময়ে দাঁড়িয়েও স্বপ্ন দেখতে পারি বাংলাদেশের সংস্কৃতি অঙ্গনের অগ্রণী ব্যক্তিত্ব, সংগীতজ্ঞ, ছায়ানটের অন্যতম প্রতিষ্ঠাতা ও সভাপতি সন্‌জীদা খাতুন আর নেই। গতকাল মঙ্গলবার বেলা ৩টা ১০ মিনিটে রাজধানীর স্কয়ার হাসপাতালের আইসিইউতে তিনি মারা যান। একক পরিচয়ে সন্‌জীদা খাতুনের বহুমাত্রিক জীবনের পরিচয় দেওয়া যায় না। তিনি একাধারে ছিলেন শিক্ষক ও গবেষক, শিল্পী ও সংগীতজ্ঞ, দক্ষ সংগঠক ও সক্রিয় অধিকারকর্মী। তাঁর মৃত্যুর সংবাদ ছড়িয়ে পড়ার পর দেশের শিল্প–সাংস্কৃতিক অঙ্গনে শোকের ছায়া নেমে আসে। আত্মীয়স্বজনদের পাশাপাশি তাঁর সহযোদ্ধা, সহশিল্পী, শিক্ষার্থী ও গুণমুগ্ধরা শোক প্রকাশ করেন। তাঁকে নিয়ে ফেসবুকে লিখেছেন রবীন্দ্রসংগীতশিল্পী ফারহীন খান জয়িতা।",-1,-1,-1,-1,1,0,0,0,0,1
"শাহবাগীদের পথপ্রদর্শক ,শেষ গোসল না করেই বিদায় হবে এদের।",banglatoco,"এমন মানুষ জন্মেছিলেন বলে আমরা যেকোনো দুঃসময়ে দাঁড়িয়েও স্বপ্ন দেখতে পারি বাংলাদেশের সংস্কৃতি অঙ্গনের অগ্রণী ব্যক্তিত্ব, সংগীতজ্ঞ, ছায়ানটের অন্যতম প্রতিষ্ঠাতা ও সভাপতি সন্‌জীদা খাতুন আর নেই। গতকাল মঙ্গলবার বেলা ৩টা ১০ মিনিটে রাজধানীর স্কয়ার হাসপাতালের আইসিইউতে তিনি মারা যান। একক পরিচয়ে সন্‌জীদা খাতুনের বহুমাত্রিক জীবনের পরিচয় দেওয়া যায় না। তিনি একাধারে ছিলেন শিক্ষক ও গবেষক, শিল্পী ও সংগীতজ্ঞ, দক্ষ সংগঠক ও সক্রিয় অধিকারকর্মী। তাঁর মৃত্যুর সংবাদ ছড়িয়ে পড়ার পর দেশের শিল্প–সাংস্কৃতিক অঙ্গনে শোকের ছায়া নেমে আসে। আত্মীয়স্বজনদের পাশাপাশি তাঁর সহযোদ্ধা, সহশিল্পী, শিক্ষার্থী ও গুণমুগ্ধরা শোক প্রকাশ করেন। তাঁকে নিয়ে ফেসবুকে লিখেছেন রবীন্দ্রসংগীতশিল্পী ফারহীন খান জয়িতা।",-1,-1,-1,-1,1,0,0,0,0,1
বাড়া না জন্মালে আরো কিছু অবুজ পোলাপান শিরকের হাত থেকে বাচত,banglatoco,"এমন মানুষ জন্মেছিলেন বলে আমরা যেকোনো দুঃসময়ে দাঁড়িয়েও স্বপ্ন দেখতে পারি বাংলাদেশের সংস্কৃতি অঙ্গনের অগ্রণী ব্যক্তিত্ব, সংগীতজ্ঞ, ছায়ানটের অন্যতম প্রতিষ্ঠাতা ও সভাপতি সন্‌জীদা খাতুন আর নেই। গতকাল মঙ্গলবার বেলা ৩টা ১০ মিনিটে রাজধানীর স্কয়ার হাসপাতালের আইসিইউতে তিনি মারা যান। একক পরিচয়ে সন্‌জীদা খাতুনের বহুমাত্রিক জীবনের পরিচয় দেওয়া যায় না। তিনি একাধারে ছিলেন শিক্ষক ও গবেষক, শিল্পী ও সংগীতজ্ঞ, দক্ষ সংগঠক ও সক্রিয় অধিকারকর্মী। তাঁর মৃত্যুর সংবাদ ছড়িয়ে পড়ার পর দেশের শিল্প–সাংস্কৃতিক অঙ্গনে শোকের ছায়া নেমে আসে। আত্মীয়স্বজনদের পাশাপাশি তাঁর সহযোদ্ধা, সহশিল্পী, শিক্ষার্থী ও গুণমুগ্ধরা শোক প্রকাশ করেন। তাঁকে নিয়ে ফেসবুকে লিখেছেন রবীন্দ্রসংগীতশিল্পী ফারহীন খান জয়িতা।",-1,-1,-1,-1,1,0,0,0,0,1
এমন ফালতু নিউজ করায় এই পেইজ ব্লক মারলাম।,banglatoco,"এমন মানুষ জন্মেছিলেন বলে আমরা যেকোনো দুঃসময়ে দাঁড়িয়েও স্বপ্ন দেখতে পারি বাংলাদেশের সংস্কৃতি অঙ্গনের অগ্রণী ব্যক্তিত্ব, সংগীতজ্ঞ, ছায়ানটের অন্যতম প্রতিষ্ঠাতা ও সভাপতি সন্‌জীদা খাতুন আর নেই। গতকাল মঙ্গলবার বেলা ৩টা ১০ মিনিটে রাজধানীর স্কয়ার হাসপাতালের আইসিইউতে তিনি মারা যান। একক পরিচয়ে সন্‌জীদা খাতুনের বহুমাত্রিক জীবনের পরিচয় দেওয়া যায় না। তিনি একাধারে ছিলেন শিক্ষক ও গবেষক, শিল্পী ও সংগীতজ্ঞ, দক্ষ সংগঠক ও সক্রিয় অধিকারকর্মী। তাঁর মৃত্যুর সংবাদ ছড়িয়ে পড়ার পর দেশের শিল্প–সাংস্কৃতিক অঙ্গনে শোকের ছায়া নেমে আসে। আত্মীয়স্বজনদের পাশাপাশি তাঁর সহযোদ্ধা, সহশিল্পী, শিক্ষার্থী ও গুণমুগ্ধরা শোক প্রকাশ করেন। তাঁকে নিয়ে ফেসবুকে লিখেছেন রবীন্দ্রসংগীতশিল্পী ফারহীন খান জয়িতা।",-1,-1,-1,-1,1,0,0,0,0,1
ফালতু,banglatoco,"এমন মানুষ জন্মেছিলেন বলে আমরা যেকোনো দুঃসময়ে দাঁড়িয়েও স্বপ্ন দেখতে পারি বাংলাদেশের সংস্কৃতি অঙ্গনের অগ্রণী ব্যক্তিত্ব, সংগীতজ্ঞ, ছায়ানটের অন্যতম প্রতিষ্ঠাতা ও সভাপতি সন্‌জীদা খাতুন আর নেই। গতকাল মঙ্গলবার বেলা ৩টা ১০ মিনিটে রাজধানীর স্কয়ার হাসপাতালের আইসিইউতে তিনি মারা যান। একক পরিচয়ে সন্‌জীদা খাতুনের বহুমাত্রিক জীবনের পরিচয় দেওয়া যায় না। তিনি একাধারে ছিলেন শিক্ষক ও গবেষক, শিল্পী ও সংগীতজ্ঞ, দক্ষ সংগঠক ও সক্রিয় অধিকারকর্মী। তাঁর মৃত্যুর সংবাদ ছড়িয়ে পড়ার পর দেশের শিল্প–সাংস্কৃতিক অঙ্গনে শোকের ছায়া নেমে আসে। আত্মীয়স্বজনদের পাশাপাশি তাঁর সহযোদ্ধা, সহশিল্পী, শিক্ষার্থী ও গুণমুগ্ধরা শোক প্রকাশ করেন। তাঁকে নিয়ে ফেসবুকে লিখেছেন রবীন্দ্রসংগীতশিল্পী ফারহীন খান জয়িতা।",-1,-1,-1,-1,1,0,0,0,0,1
যা বুঝলাম উনারা যেই জায়গায়টা গান চর্চা করেন সে জায়গাটা হলো বাংলাদেশের একটা জাহান্নাম ও নাস্তিকদের কারখানা।,banglatoco,"এমন মানুষ জন্মেছিলেন বলে আমরা যেকোনো দুঃসময়ে দাঁড়িয়েও স্বপ্ন দেখতে পারি বাংলাদেশের সংস্কৃতি অঙ্গনের অগ্রণী ব্যক্তিত্ব, সংগীতজ্ঞ, ছায়ানটের অন্যতম প্রতিষ্ঠাতা ও সভাপতি সন্‌জীদা খাতুন আর নেই। গতকাল মঙ্গলবার বেলা ৩টা ১০ মিনিটে রাজধানীর স্কয়ার হাসপাতালের আইসিইউতে তিনি মারা যান। একক পরিচয়ে সন্‌জীদা খাতুনের বহুমাত্রিক জীবনের পরিচয় দেওয়া যায় না। তিনি একাধারে ছিলেন শিক্ষক ও গবেষক, শিল্পী ও সংগীতজ্ঞ, দক্ষ সংগঠক ও সক্রিয় অধিকারকর্মী। তাঁর মৃত্যুর সংবাদ ছড়িয়ে পড়ার পর দেশের শিল্প–সাংস্কৃতিক অঙ্গনে শোকের ছায়া নেমে আসে। আত্মীয়স্বজনদের পাশাপাশি তাঁর সহযোদ্ধা, সহশিল্পী, শিক্ষার্থী ও গুণমুগ্ধরা শোক প্রকাশ করেন। তাঁকে নিয়ে ফেসবুকে লিখেছেন রবীন্দ্রসংগীতশিল্পী ফারহীন খান জয়িতা।",-1,-1,-1,-1,1,0,0,0,0,1
কবরে দেওয়ার পূর্বে তার কপালের টিপটা বড় করে দিলে ওপাড়ে সাংস্কৃতিক নেত্রী হিসেবে পরিচয় পেতে সহজ হবে,banglatoco,"এমন মানুষ জন্মেছিলেন বলে আমরা যেকোনো দুঃসময়ে দাঁড়িয়েও স্বপ্ন দেখতে পারি বাংলাদেশের সংস্কৃতি অঙ্গনের অগ্রণী ব্যক্তিত্ব, সংগীতজ্ঞ, ছায়ানটের অন্যতম প্রতিষ্ঠাতা ও সভাপতি সন্‌জীদা খাতুন আর নেই। গতকাল মঙ্গলবার বেলা ৩টা ১০ মিনিটে রাজধানীর স্কয়ার হাসপাতালের আইসিইউতে তিনি মারা যান। একক পরিচয়ে সন্‌জীদা খাতুনের বহুমাত্রিক জীবনের পরিচয় দেওয়া যায় না। তিনি একাধারে ছিলেন শিক্ষক ও গবেষক, শিল্পী ও সংগীতজ্ঞ, দক্ষ সংগঠক ও সক্রিয় অধিকারকর্মী। তাঁর মৃত্যুর সংবাদ ছড়িয়ে পড়ার পর দেশের শিল্প–সাংস্কৃতিক অঙ্গনে শোকের ছায়া নেমে আসে। আত্মীয়স্বজনদের পাশাপাশি তাঁর সহযোদ্ধা, সহশিল্পী, শিক্ষার্থী ও গুণমুগ্ধরা শোক প্রকাশ করেন। তাঁকে নিয়ে ফেসবুকে লিখেছেন রবীন্দ্রসংগীতশিল্পী ফারহীন খান জয়িতা। আপনারা এমন এক জনগোষ্ঠী, যারা নিজেরাই নিজেদের বর্বরতা,হিংস্রতা, মূর্খতা, অসভ্যতা, অজ্ঞতা,হীনমন্যতা, রুচিহীনতা, পশ্চাৎপদতা,বিদ্বেষাত্মক মনোভাব ইত্যাদি নেতিবাচক চারিত্রিক বৈশিষ্ট্য বিশ্ববাসীর নিকট তুলে ধরেন।",-1,-1,-1,-1,1,0,0,0,0,1
"বর্বর, হিংস্র, মূর্খ, অসভ্য, অজ্ঞ, হীনমন্য এর শীর্ষমনি পশ্চিমারা ও ভারতীয়রা, বিশ্ববাসী সেটা জানে",banglatoco,"এমন মানুষ জন্মেছিলেন বলে আমরা যেকোনো দুঃসময়ে দাঁড়িয়েও স্বপ্ন দেখতে পারি বাংলাদেশের সংস্কৃতি অঙ্গনের অগ্রণী ব্যক্তিত্ব, সংগীতজ্ঞ, ছায়ানটের অন্যতম প্রতিষ্ঠাতা ও সভাপতি সন্‌জীদা খাতুন আর নেই। গতকাল মঙ্গলবার বেলা ৩টা ১০ মিনিটে রাজধানীর স্কয়ার হাসপাতালের আইসিইউতে তিনি মারা যান। একক পরিচয়ে সন্‌জীদা খাতুনের বহুমাত্রিক জীবনের পরিচয় দেওয়া যায় না। তিনি একাধারে ছিলেন শিক্ষক ও গবেষক, শিল্পী ও সংগীতজ্ঞ, দক্ষ সংগঠক ও সক্রিয় অধিকারকর্মী। তাঁর মৃত্যুর সংবাদ ছড়িয়ে পড়ার পর দেশের শিল্প–সাংস্কৃতিক অঙ্গনে শোকের ছায়া নেমে আসে। আত্মীয়স্বজনদের পাশাপাশি তাঁর সহযোদ্ধা, সহশিল্পী, শিক্ষার্থী ও গুণমুগ্ধরা শোক প্রকাশ করেন। তাঁকে নিয়ে ফেসবুকে লিখেছেন রবীন্দ্রসংগীতশিল্পী ফারহীন খান জয়িতা। আপনারা এমন এক জনগোষ্ঠী, যারা নিজেরাই নিজেদের বর্বরতা,হিংস্রতা, মূর্খতা, অসভ্যতা, অজ্ঞতা,হীনমন্যতা, রুচিহীনতা, পশ্চাৎপদতা,বিদ্বেষাত্মক মনোভাব ইত্যাদি নেতিবাচক চারিত্রিক বৈশিষ্ট্য বিশ্ববাসীর নিকট তুলে ধরেন। এই পোস্টে কোনো ভারতীয় কিংবা পশ্চিমারা এসে কি বাজে মন্তব্য করেছে?;আহা, এখানে এসে সাধু সাজা হচ্ছে, ফিলিস্তিনে নিসৃংশ হত্যাকাণ্ড চলছে, শিশু হত্যা চলছে, সেসব পোস্টে মজা তামাশা গুলো মনে হয় ভূতে করে। তো এখানে আমরা করলেই সমস্যা?",-1,-1,-1,-1,1,0,0,0,0,1
উনি জন্মে কার বা***ফালাইছে।এরা না জন্মালে দেশ সমাজ অনেক ভালো থাকতো।,banglatoco,"এমন মানুষ জন্মেছিলেন বলে আমরা যেকোনো দুঃসময়ে দাঁড়িয়েও স্বপ্ন দেখতে পারি বাংলাদেশের সংস্কৃতি অঙ্গনের অগ্রণী ব্যক্তিত্ব, সংগীতজ্ঞ, ছায়ানটের অন্যতম প্রতিষ্ঠাতা ও সভাপতি সন্‌জীদা খাতুন আর নেই। গতকাল মঙ্গলবার বেলা ৩টা ১০ মিনিটে রাজধানীর স্কয়ার হাসপাতালের আইসিইউতে তিনি মারা যান। একক পরিচয়ে সন্‌জীদা খাতুনের বহুমাত্রিক জীবনের পরিচয় দেওয়া যায় না। তিনি একাধারে ছিলেন শিক্ষক ও গবেষক, শিল্পী ও সংগীতজ্ঞ, দক্ষ সংগঠক ও সক্রিয় অধিকারকর্মী। তাঁর মৃত্যুর সংবাদ ছড়িয়ে পড়ার পর দেশের শিল্প–সাংস্কৃতিক অঙ্গনে শোকের ছায়া নেমে আসে। আত্মীয়স্বজনদের পাশাপাশি তাঁর সহযোদ্ধা, সহশিল্পী, শিক্ষার্থী ও গুণমুগ্ধরা শোক প্রকাশ করেন। তাঁকে নিয়ে ফেসবুকে লিখেছেন রবীন্দ্রসংগীতশিল্পী ফারহীন খান জয়িতা।",-1,-1,-1,-1,1,0,0,0,0,1
অতি বাংলা বিদ্যা ভয়ংকারি😅 অতি সাহিত্য হিন্দুর লক্ষণ।,banglatoco,"এমন মানুষ জন্মেছিলেন বলে আমরা যেকোনো দুঃসময়ে দাঁড়িয়েও স্বপ্ন দেখতে পারি বাংলাদেশের সংস্কৃতি অঙ্গনের অগ্রণী ব্যক্তিত্ব, সংগীতজ্ঞ, ছায়ানটের অন্যতম প্রতিষ্ঠাতা ও সভাপতি সন্‌জীদা খাতুন আর নেই। গতকাল মঙ্গলবার বেলা ৩টা ১০ মিনিটে রাজধানীর স্কয়ার হাসপাতালের আইসিইউতে তিনি মারা যান। একক পরিচয়ে সন্‌জীদা খাতুনের বহুমাত্রিক জীবনের পরিচয় দেওয়া যায় না। তিনি একাধারে ছিলেন শিক্ষক ও গবেষক, শিল্পী ও সংগীতজ্ঞ, দক্ষ সংগঠক ও সক্রিয় অধিকারকর্মী। তাঁর মৃত্যুর সংবাদ ছড়িয়ে পড়ার পর দেশের শিল্প–সাংস্কৃতিক অঙ্গনে শোকের ছায়া নেমে আসে। আত্মীয়স্বজনদের পাশাপাশি তাঁর সহযোদ্ধা, সহশিল্পী, শিক্ষার্থী ও গুণমুগ্ধরা শোক প্রকাশ করেন। তাঁকে নিয়ে ফেসবুকে লিখেছেন রবীন্দ্রসংগীতশিল্পী ফারহীন খান জয়িতা।",-1,-1,-1,-1,1,0,0,0,0,1
কাদের এবং কোন দুঃসময়ে উনার দরকার পড়ছিলো,banglatoco,"এমন মানুষ জন্মেছিলেন বলে আমরা যেকোনো দুঃসময়ে দাঁড়িয়েও স্বপ্ন দেখতে পারি বাংলাদেশের সংস্কৃতি অঙ্গনের অগ্রণী ব্যক্তিত্ব, সংগীতজ্ঞ, ছায়ানটের অন্যতম প্রতিষ্ঠাতা ও সভাপতি সন্‌জীদা খাতুন আর নেই। গতকাল মঙ্গলবার বেলা ৩টা ১০ মিনিটে রাজধানীর স্কয়ার হাসপাতালের আইসিইউতে তিনি মারা যান। একক পরিচয়ে সন্‌জীদা খাতুনের বহুমাত্রিক জীবনের পরিচয় দেওয়া যায় না। তিনি একাধারে ছিলেন শিক্ষক ও গবেষক, শিল্পী ও সংগীতজ্ঞ, দক্ষ সংগঠক ও সক্রিয় অধিকারকর্মী। তাঁর মৃত্যুর সংবাদ ছড়িয়ে পড়ার পর দেশের শিল্প–সাংস্কৃতিক অঙ্গনে শোকের ছায়া নেমে আসে। আত্মীয়স্বজনদের পাশাপাশি তাঁর সহযোদ্ধা, সহশিল্পী, শিক্ষার্থী ও গুণমুগ্ধরা শোক প্রকাশ করেন। তাঁকে নিয়ে ফেসবুকে লিখেছেন রবীন্দ্রসংগীতশিল্পী ফারহীন খান জয়িতা।",-1,-1,-1,-1,1,0,0,0,0,1
ঘোড়া একমাত্র প্রাণী যে দাঁড়াইয়া দাঁড়াইয়া স্বপ্ন দেখে,banglatoco,"এমন মানুষ জন্মেছিলেন বলে আমরা যেকোনো দুঃসময়ে দাঁড়িয়েও স্বপ্ন দেখতে পারি বাংলাদেশের সংস্কৃতি অঙ্গনের অগ্রণী ব্যক্তিত্ব, সংগীতজ্ঞ, ছায়ানটের অন্যতম প্রতিষ্ঠাতা ও সভাপতি সন্‌জীদা খাতুন আর নেই। গতকাল মঙ্গলবার বেলা ৩টা ১০ মিনিটে রাজধানীর স্কয়ার হাসপাতালের আইসিইউতে তিনি মারা যান। একক পরিচয়ে সন্‌জীদা খাতুনের বহুমাত্রিক জীবনের পরিচয় দেওয়া যায় না। তিনি একাধারে ছিলেন শিক্ষক ও গবেষক, শিল্পী ও সংগীতজ্ঞ, দক্ষ সংগঠক ও সক্রিয় অধিকারকর্মী। তাঁর মৃত্যুর সংবাদ ছড়িয়ে পড়ার পর দেশের শিল্প–সাংস্কৃতিক অঙ্গনে শোকের ছায়া নেমে আসে। আত্মীয়স্বজনদের পাশাপাশি তাঁর সহযোদ্ধা, সহশিল্পী, শিক্ষার্থী ও গুণমুগ্ধরা শোক প্রকাশ করেন। তাঁকে নিয়ে ফেসবুকে লিখেছেন রবীন্দ্রসংগীতশিল্পী ফারহীন খান জয়িতা।",-1,-1,-1,-1,1,0,0,0,0,1
"হ আমাদের পাড়ার চাচা, জেঠারা-ও এদের নিয়ে স্বপ্ন দেখতে দেখতে তাদের সাবার স্বপ্নদোষ হইয়া যাইতো",banglatoco,"এমন মানুষ জন্মেছিলেন বলে আমরা যেকোনো দুঃসময়ে দাঁড়িয়েও স্বপ্ন দেখতে পারি বাংলাদেশের সংস্কৃতি অঙ্গনের অগ্রণী ব্যক্তিত্ব, সংগীতজ্ঞ, ছায়ানটের অন্যতম প্রতিষ্ঠাতা ও সভাপতি সন্‌জীদা খাতুন আর নেই। গতকাল মঙ্গলবার বেলা ৩টা ১০ মিনিটে রাজধানীর স্কয়ার হাসপাতালের আইসিইউতে তিনি মারা যান। একক পরিচয়ে সন্‌জীদা খাতুনের বহুমাত্রিক জীবনের পরিচয় দেওয়া যায় না। তিনি একাধারে ছিলেন শিক্ষক ও গবেষক, শিল্পী ও সংগীতজ্ঞ, দক্ষ সংগঠক ও সক্রিয় অধিকারকর্মী। তাঁর মৃত্যুর সংবাদ ছড়িয়ে পড়ার পর দেশের শিল্প–সাংস্কৃতিক অঙ্গনে শোকের ছায়া নেমে আসে। আত্মীয়স্বজনদের পাশাপাশি তাঁর সহযোদ্ধা, সহশিল্পী, শিক্ষার্থী ও গুণমুগ্ধরা শোক প্রকাশ করেন। তাঁকে নিয়ে ফেসবুকে লিখেছেন রবীন্দ্রসংগীতশিল্পী ফারহীন খান জয়িতা। এই ধরণের কমেন্ট না করলেও পারতেন।খারাপ কে খারাপ প্রমাণ করার জন‍্য আপনার কেনো খারাপ ব‍্যবহার করতে হবে?আশা করছি ব‍্যপারটা ভেবে দেখবেন।ধন‍্যবাদ।",-1,-1,-1,-1,1,0,0,0,0,1
এই ধরণের কমেন্ট না করলেও পারতেন।খারাপ কে খারাপ প্রমাণ করার জন‍্য আপনার কেনো খারাপ ব‍্যবহার করতে হবে?আশা করছি ব‍্যপারটা ভেবে দেখবেন।ধন‍্যবাদ।,banglatoco,"এমন মানুষ জন্মেছিলেন বলে আমরা যেকোনো দুঃসময়ে দাঁড়িয়েও স্বপ্ন দেখতে পারি বাংলাদেশের সংস্কৃতি অঙ্গনের অগ্রণী ব্যক্তিত্ব, সংগীতজ্ঞ, ছায়ানটের অন্যতম প্রতিষ্ঠাতা ও সভাপতি সন্‌জীদা খাতুন আর নেই। গতকাল মঙ্গলবার বেলা ৩টা ১০ মিনিটে রাজধানীর স্কয়ার হাসপাতালের আইসিইউতে তিনি মারা যান। একক পরিচয়ে সন্‌জীদা খাতুনের বহুমাত্রিক জীবনের পরিচয় দেওয়া যায় না। তিনি একাধারে ছিলেন শিক্ষক ও গবেষক, শিল্পী ও সংগীতজ্ঞ, দক্ষ সংগঠক ও সক্রিয় অধিকারকর্মী। তাঁর মৃত্যুর সংবাদ ছড়িয়ে পড়ার পর দেশের শিল্প–সাংস্কৃতিক অঙ্গনে শোকের ছায়া নেমে আসে। আত্মীয়স্বজনদের পাশাপাশি তাঁর সহযোদ্ধা, সহশিল্পী, শিক্ষার্থী ও গুণমুগ্ধরা শোক প্রকাশ করেন। তাঁকে নিয়ে ফেসবুকে লিখেছেন রবীন্দ্রসংগীতশিল্পী ফারহীন খান জয়িতা। হ আমাদের পাড়ার চাচা, জেঠারা-ও এদের নিয়ে স্বপ্ন দেখতে দেখতে তাদের সাবার স্বপ্নদোষ হইয়া যাইতো আপনারা দেশটাকে উলঙ্গ করে দিবেন আর আমরা কিছু বললেই জ্বলে",-1,-1,-1,-1,0,0,0,0,0,1
পৃথিবী থেকে একটা পলাঙ্গ বিদায় হলো,banglatoco,"এমন মানুষ জন্মেছিলেন বলে আমরা যেকোনো দুঃসময়ে দাঁড়িয়েও স্বপ্ন দেখতে পারি বাংলাদেশের সংস্কৃতি অঙ্গনের অগ্রণী ব্যক্তিত্ব, সংগীতজ্ঞ, ছায়ানটের অন্যতম প্রতিষ্ঠাতা ও সভাপতি সন্‌জীদা খাতুন আর নেই। গতকাল মঙ্গলবার বেলা ৩টা ১০ মিনিটে রাজধানীর স্কয়ার হাসপাতালের আইসিইউতে তিনি মারা যান। একক পরিচয়ে সন্‌জীদা খাতুনের বহুমাত্রিক জীবনের পরিচয় দেওয়া যায় না। তিনি একাধারে ছিলেন শিক্ষক ও গবেষক, শিল্পী ও সংগীতজ্ঞ, দক্ষ সংগঠক ও সক্রিয় অধিকারকর্মী। তাঁর মৃত্যুর সংবাদ ছড়িয়ে পড়ার পর দেশের শিল্প–সাংস্কৃতিক অঙ্গনে শোকের ছায়া নেমে আসে। আত্মীয়স্বজনদের পাশাপাশি তাঁর সহযোদ্ধা, সহশিল্পী, শিক্ষার্থী ও গুণমুগ্ধরা শোক প্রকাশ করেন। তাঁকে নিয়ে ফেসবুকে লিখেছেন রবীন্দ্রসংগীতশিল্পী ফারহীন খান জয়িতা।",-1,-1,-1,-1,1,0,0,0,0,1
অপসংস্কৃতির ডাইনি,banglatoco,"এমন মানুষ জন্মেছিলেন বলে আমরা যেকোনো দুঃসময়ে দাঁড়িয়েও স্বপ্ন দেখতে পারি বাংলাদেশের সংস্কৃতি অঙ্গনের অগ্রণী ব্যক্তিত্ব, সংগীতজ্ঞ, ছায়ানটের অন্যতম প্রতিষ্ঠাতা ও সভাপতি সন্‌জীদা খাতুন আর নেই। গতকাল মঙ্গলবার বেলা ৩টা ১০ মিনিটে রাজধানীর স্কয়ার হাসপাতালের আইসিইউতে তিনি মারা যান। একক পরিচয়ে সন্‌জীদা খাতুনের বহুমাত্রিক জীবনের পরিচয় দেওয়া যায় না। তিনি একাধারে ছিলেন শিক্ষক ও গবেষক, শিল্পী ও সংগীতজ্ঞ, দক্ষ সংগঠক ও সক্রিয় অধিকারকর্মী। তাঁর মৃত্যুর সংবাদ ছড়িয়ে পড়ার পর দেশের শিল্প–সাংস্কৃতিক অঙ্গনে শোকের ছায়া নেমে আসে। আত্মীয়স্বজনদের পাশাপাশি তাঁর সহযোদ্ধা, সহশিল্পী, শিক্ষার্থী ও গুণমুগ্ধরা শোক প্রকাশ করেন। তাঁকে নিয়ে ফেসবুকে লিখেছেন রবীন্দ্রসংগীতশিল্পী ফারহীন খান জয়িতা।",-1,-1,-1,-1,1,0,0,0,0,1
শ্রদ্ধা,banglatoco,"এমন মানুষ জন্মেছিলেন বলে আমরা যেকোনো দুঃসময়ে দাঁড়িয়েও স্বপ্ন দেখতে পারি বাংলাদেশের সংস্কৃতি অঙ্গনের অগ্রণী ব্যক্তিত্ব, সংগীতজ্ঞ, ছায়ানটের অন্যতম প্রতিষ্ঠাতা ও সভাপতি সন্‌জীদা খাতুন আর নেই। গতকাল মঙ্গলবার বেলা ৩টা ১০ মিনিটে রাজধানীর স্কয়ার হাসপাতালের আইসিইউতে তিনি মারা যান। একক পরিচয়ে সন্‌জীদা খাতুনের বহুমাত্রিক জীবনের পরিচয় দেওয়া যায় না। তিনি একাধারে ছিলেন শিক্ষক ও গবেষক, শিল্পী ও সংগীতজ্ঞ, দক্ষ সংগঠক ও সক্রিয় অধিকারকর্মী। তাঁর মৃত্যুর সংবাদ ছড়িয়ে পড়ার পর দেশের শিল্প–সাংস্কৃতিক অঙ্গনে শোকের ছায়া নেমে আসে। আত্মীয়স্বজনদের পাশাপাশি তাঁর সহযোদ্ধা, সহশিল্পী, শিক্ষার্থী ও গুণমুগ্ধরা শোক প্রকাশ করেন। তাঁকে নিয়ে ফেসবুকে লিখেছেন রবীন্দ্রসংগীতশিল্পী ফারহীন খান জয়িতা।",-1,-1,-1,-1,0,0,0,0,0,1
এইযে এই শুয়োরদের বাপ মায়ের সংবাদ খুব সুন্দর ভাবেই এরা প্রচার করবে!,banglatoco,"এমন মানুষ জন্মেছিলেন বলে আমরা যেকোনো দুঃসময়ে দাঁড়িয়েও স্বপ্ন দেখতে পারি বাংলাদেশের সংস্কৃতি অঙ্গনের অগ্রণী ব্যক্তিত্ব, সংগীতজ্ঞ, ছায়ানটের অন্যতম প্রতিষ্ঠাতা ও সভাপতি সন্‌জীদা খাতুন আর নেই। গতকাল মঙ্গলবার বেলা ৩টা ১০ মিনিটে রাজধানীর স্কয়ার হাসপাতালের আইসিইউতে তিনি মারা যান। একক পরিচয়ে সন্‌জীদা খাতুনের বহুমাত্রিক জীবনের পরিচয় দেওয়া যায় না। তিনি একাধারে ছিলেন শিক্ষক ও গবেষক, শিল্পী ও সংগীতজ্ঞ, দক্ষ সংগঠক ও সক্রিয় অধিকারকর্মী। তাঁর মৃত্যুর সংবাদ ছড়িয়ে পড়ার পর দেশের শিল্প–সাংস্কৃতিক অঙ্গনে শোকের ছায়া নেমে আসে। আত্মীয়স্বজনদের পাশাপাশি তাঁর সহযোদ্ধা, সহশিল্পী, শিক্ষার্থী ও গুণমুগ্ধরা শোক প্রকাশ করেন। তাঁকে নিয়ে ফেসবুকে লিখেছেন রবীন্দ্রসংগীতশিল্পী ফারহীন খান জয়িতা।",-1,-1,-1,-1,1,0,0,0,0,1
ভেটকি মাছ,banglatoco,"এমন মানুষ জন্মেছিলেন বলে আমরা যেকোনো দুঃসময়ে দাঁড়িয়েও স্বপ্ন দেখতে পারি বাংলাদেশের সংস্কৃতি অঙ্গনের অগ্রণী ব্যক্তিত্ব, সংগীতজ্ঞ, ছায়ানটের অন্যতম প্রতিষ্ঠাতা ও সভাপতি সন্‌জীদা খাতুন আর নেই। গতকাল মঙ্গলবার বেলা ৩টা ১০ মিনিটে রাজধানীর স্কয়ার হাসপাতালের আইসিইউতে তিনি মারা যান। একক পরিচয়ে সন্‌জীদা খাতুনের বহুমাত্রিক জীবনের পরিচয় দেওয়া যায় না। তিনি একাধারে ছিলেন শিক্ষক ও গবেষক, শিল্পী ও সংগীতজ্ঞ, দক্ষ সংগঠক ও সক্রিয় অধিকারকর্মী। তাঁর মৃত্যুর সংবাদ ছড়িয়ে পড়ার পর দেশের শিল্প–সাংস্কৃতিক অঙ্গনে শোকের ছায়া নেমে আসে। আত্মীয়স্বজনদের পাশাপাশি তাঁর সহযোদ্ধা, সহশিল্পী, শিক্ষার্থী ও গুণমুগ্ধরা শোক প্রকাশ করেন। তাঁকে নিয়ে ফেসবুকে লিখেছেন রবীন্দ্রসংগীতশিল্পী ফারহীন খান জয়িতা।",-1,-1,-1,-1,1,0,0,0,0,1
শয়তানের পক্ষে ঘুরে দাঁড়াতে পারছেন!,banglatoco,"এমন মানুষ জন্মেছিলেন বলে আমরা যেকোনো দুঃসময়ে দাঁড়িয়েও স্বপ্ন দেখতে পারি বাংলাদেশের সংস্কৃতি অঙ্গনের অগ্রণী ব্যক্তিত্ব, সংগীতজ্ঞ, ছায়ানটের অন্যতম প্রতিষ্ঠাতা ও সভাপতি সন্‌জীদা খাতুন আর নেই। গতকাল মঙ্গলবার বেলা ৩টা ১০ মিনিটে রাজধানীর স্কয়ার হাসপাতালের আইসিইউতে তিনি মারা যান। একক পরিচয়ে সন্‌জীদা খাতুনের বহুমাত্রিক জীবনের পরিচয় দেওয়া যায় না। তিনি একাধারে ছিলেন শিক্ষক ও গবেষক, শিল্পী ও সংগীতজ্ঞ, দক্ষ সংগঠক ও সক্রিয় অধিকারকর্মী। তাঁর মৃত্যুর সংবাদ ছড়িয়ে পড়ার পর দেশের শিল্প–সাংস্কৃতিক অঙ্গনে শোকের ছায়া নেমে আসে। আত্মীয়স্বজনদের পাশাপাশি তাঁর সহযোদ্ধা, সহশিল্পী, শিক্ষার্থী ও গুণমুগ্ধরা শোক প্রকাশ করেন। তাঁকে নিয়ে ফেসবুকে লিখেছেন রবীন্দ্রসংগীতশিল্পী ফারহীন খান জয়িতা।",-1,-1,-1,-1,1,0,0,0,0,1
সংস্কৃতি মানে কি শুধু মন দিয়ে রবিন্দ্র সংগীত গাওয়া 😂😂😂😂এই সব বিজেপি সদস‍্যের জন্য জাতির কোন মাথা ব‍্যাথা নেই .. এরা জনজান,banglatoco,"এমন মানুষ জন্মেছিলেন বলে আমরা যেকোনো দুঃসময়ে দাঁড়িয়েও স্বপ্ন দেখতে পারি বাংলাদেশের সংস্কৃতি অঙ্গনের অগ্রণী ব্যক্তিত্ব, সংগীতজ্ঞ, ছায়ানটের অন্যতম প্রতিষ্ঠাতা ও সভাপতি সন্‌জীদা খাতুন আর নেই। গতকাল মঙ্গলবার বেলা ৩টা ১০ মিনিটে রাজধানীর স্কয়ার হাসপাতালের আইসিইউতে তিনি মারা যান। একক পরিচয়ে সন্‌জীদা খাতুনের বহুমাত্রিক জীবনের পরিচয় দেওয়া যায় না। তিনি একাধারে ছিলেন শিক্ষক ও গবেষক, শিল্পী ও সংগীতজ্ঞ, দক্ষ সংগঠক ও সক্রিয় অধিকারকর্মী। তাঁর মৃত্যুর সংবাদ ছড়িয়ে পড়ার পর দেশের শিল্প–সাংস্কৃতিক অঙ্গনে শোকের ছায়া নেমে আসে। আত্মীয়স্বজনদের পাশাপাশি তাঁর সহযোদ্ধা, সহশিল্পী, শিক্ষার্থী ও গুণমুগ্ধরা শোক প্রকাশ করেন। তাঁকে নিয়ে ফেসবুকে লিখেছেন রবীন্দ্রসংগীতশিল্পী ফারহীন খান জয়িতা।",-1,-1,-1,-1,1,0,0,0,0,1
প্রথমকালোর বিদেহী মাতার আত্মার মাগফেরাত কামনা করি 🙄,banglatoco,"এমন মানুষ জন্মেছিলেন বলে আমরা যেকোনো দুঃসময়ে দাঁড়িয়েও স্বপ্ন দেখতে পারি বাংলাদেশের সংস্কৃতি অঙ্গনের অগ্রণী ব্যক্তিত্ব, সংগীতজ্ঞ, ছায়ানটের অন্যতম প্রতিষ্ঠাতা ও সভাপতি সন্‌জীদা খাতুন আর নেই। গতকাল মঙ্গলবার বেলা ৩টা ১০ মিনিটে রাজধানীর স্কয়ার হাসপাতালের আইসিইউতে তিনি মারা যান। একক পরিচয়ে সন্‌জীদা খাতুনের বহুমাত্রিক জীবনের পরিচয় দেওয়া যায় না। তিনি একাধারে ছিলেন শিক্ষক ও গবেষক, শিল্পী ও সংগীতজ্ঞ, দক্ষ সংগঠক ও সক্রিয় অধিকারকর্মী। তাঁর মৃত্যুর সংবাদ ছড়িয়ে পড়ার পর দেশের শিল্প–সাংস্কৃতিক অঙ্গনে শোকের ছায়া নেমে আসে। আত্মীয়স্বজনদের পাশাপাশি তাঁর সহযোদ্ধা, সহশিল্পী, শিক্ষার্থী ও গুণমুগ্ধরা শোক প্রকাশ করেন। তাঁকে নিয়ে ফেসবুকে লিখেছেন রবীন্দ্রসংগীতশিল্পী ফারহীন খান জয়িতা।",-1,-1,-1,-1,1,0,0,0,0,1
"নাস্তিক মানুষ, মুসলমানদের কলংক",banglatoco,"এমন মানুষ জন্মেছিলেন বলে আমরা যেকোনো দুঃসময়ে দাঁড়িয়েও স্বপ্ন দেখতে পারি বাংলাদেশের সংস্কৃতি অঙ্গনের অগ্রণী ব্যক্তিত্ব, সংগীতজ্ঞ, ছায়ানটের অন্যতম প্রতিষ্ঠাতা ও সভাপতি সন্‌জীদা খাতুন আর নেই। গতকাল মঙ্গলবার বেলা ৩টা ১০ মিনিটে রাজধানীর স্কয়ার হাসপাতালের আইসিইউতে তিনি মারা যান। একক পরিচয়ে সন্‌জীদা খাতুনের বহুমাত্রিক জীবনের পরিচয় দেওয়া যায় না। তিনি একাধারে ছিলেন শিক্ষক ও গবেষক, শিল্পী ও সংগীতজ্ঞ, দক্ষ সংগঠক ও সক্রিয় অধিকারকর্মী। তাঁর মৃত্যুর সংবাদ ছড়িয়ে পড়ার পর দেশের শিল্প–সাংস্কৃতিক অঙ্গনে শোকের ছায়া নেমে আসে। আত্মীয়স্বজনদের পাশাপাশি তাঁর সহযোদ্ধা, সহশিল্পী, শিক্ষার্থী ও গুণমুগ্ধরা শোক প্রকাশ করেন। তাঁকে নিয়ে ফেসবুকে লিখেছেন রবীন্দ্রসংগীতশিল্পী ফারহীন খান জয়িতা।",-1,-1,-1,-1,1,0,0,0,0,1
জান্নাতুল ছায়ানটবাসী হোক।,banglatoco,"এমন মানুষ জন্মেছিলেন বলে আমরা যেকোনো দুঃসময়ে দাঁড়িয়েও স্বপ্ন দেখতে পারি বাংলাদেশের সংস্কৃতি অঙ্গনের অগ্রণী ব্যক্তিত্ব, সংগীতজ্ঞ, ছায়ানটের অন্যতম প্রতিষ্ঠাতা ও সভাপতি সন্‌জীদা খাতুন আর নেই। গতকাল মঙ্গলবার বেলা ৩টা ১০ মিনিটে রাজধানীর স্কয়ার হাসপাতালের আইসিইউতে তিনি মারা যান। একক পরিচয়ে সন্‌জীদা খাতুনের বহুমাত্রিক জীবনের পরিচয় দেওয়া যায় না। তিনি একাধারে ছিলেন শিক্ষক ও গবেষক, শিল্পী ও সংগীতজ্ঞ, দক্ষ সংগঠক ও সক্রিয় অধিকারকর্মী। তাঁর মৃত্যুর সংবাদ ছড়িয়ে পড়ার পর দেশের শিল্প–সাংস্কৃতিক অঙ্গনে শোকের ছায়া নেমে আসে। আত্মীয়স্বজনদের পাশাপাশি তাঁর সহযোদ্ধা, সহশিল্পী, শিক্ষার্থী ও গুণমুগ্ধরা শোক প্রকাশ করেন। তাঁকে নিয়ে ফেসবুকে লিখেছেন রবীন্দ্রসংগীতশিল্পী ফারহীন খান জয়িতা।",-1,-1,-1,-1,1,0,0,0,0,1
"তুমি যে সুরের আগুন লাগিয়ে দিলে মোর প্রাণে,এ আগুন ছড়িয়ে গেল,এ আগুন ছড়িয়ে গেল সব খানে,সব খানে,সব খানে ॥",banglatoco,"এমন মানুষ জন্মেছিলেন বলে আমরা যেকোনো দুঃসময়ে দাঁড়িয়েও স্বপ্ন দেখতে পারি বাংলাদেশের সংস্কৃতি অঙ্গনের অগ্রণী ব্যক্তিত্ব, সংগীতজ্ঞ, ছায়ানটের অন্যতম প্রতিষ্ঠাতা ও সভাপতি সন্‌জীদা খাতুন আর নেই। গতকাল মঙ্গলবার বেলা ৩টা ১০ মিনিটে রাজধানীর স্কয়ার হাসপাতালের আইসিইউতে তিনি মারা যান। একক পরিচয়ে সন্‌জীদা খাতুনের বহুমাত্রিক জীবনের পরিচয় দেওয়া যায় না। তিনি একাধারে ছিলেন শিক্ষক ও গবেষক, শিল্পী ও সংগীতজ্ঞ, দক্ষ সংগঠক ও সক্রিয় অধিকারকর্মী। তাঁর মৃত্যুর সংবাদ ছড়িয়ে পড়ার পর দেশের শিল্প–সাংস্কৃতিক অঙ্গনে শোকের ছায়া নেমে আসে। আত্মীয়স্বজনদের পাশাপাশি তাঁর সহযোদ্ধা, সহশিল্পী, শিক্ষার্থী ও গুণমুগ্ধরা শোক প্রকাশ করেন। তাঁকে নিয়ে ফেসবুকে লিখেছেন রবীন্দ্রসংগীতশিল্পী ফারহীন খান জয়িতা।",-1,-1,-1,-1,0,0,0,0,0,1
নাম দেখে মনে করছি উনি মুসলিম এখন দেখি উনি শাহাবাগী।,banglatoco,"এমন মানুষ জন্মেছিলেন বলে আমরা যেকোনো দুঃসময়ে দাঁড়িয়েও স্বপ্ন দেখতে পারি বাংলাদেশের সংস্কৃতি অঙ্গনের অগ্রণী ব্যক্তিত্ব, সংগীতজ্ঞ, ছায়ানটের অন্যতম প্রতিষ্ঠাতা ও সভাপতি সন্‌জীদা খাতুন আর নেই। গতকাল মঙ্গলবার বেলা ৩টা ১০ মিনিটে রাজধানীর স্কয়ার হাসপাতালের আইসিইউতে তিনি মারা যান। একক পরিচয়ে সন্‌জীদা খাতুনের বহুমাত্রিক জীবনের পরিচয় দেওয়া যায় না। তিনি একাধারে ছিলেন শিক্ষক ও গবেষক, শিল্পী ও সংগীতজ্ঞ, দক্ষ সংগঠক ও সক্রিয় অধিকারকর্মী। তাঁর মৃত্যুর সংবাদ ছড়িয়ে পড়ার পর দেশের শিল্প–সাংস্কৃতিক অঙ্গনে শোকের ছায়া নেমে আসে। আত্মীয়স্বজনদের পাশাপাশি তাঁর সহযোদ্ধা, সহশিল্পী, শিক্ষার্থী ও গুণমুগ্ধরা শোক প্রকাশ করেন। তাঁকে নিয়ে ফেসবুকে লিখেছেন রবীন্দ্রসংগীতশিল্পী ফারহীন খান জয়িতা।",-1,-1,-1,-1,1,0,0,0,0,1
বড় টিপের অংশীদার একজন কমে গেলো রবীন্দ্রসঙ্গীত এর মাধ্যমে,banglatoco,"এমন মানুষ জন্মেছিলেন বলে আমরা যেকোনো দুঃসময়ে দাঁড়িয়েও স্বপ্ন দেখতে পারি বাংলাদেশের সংস্কৃতি অঙ্গনের অগ্রণী ব্যক্তিত্ব, সংগীতজ্ঞ, ছায়ানটের অন্যতম প্রতিষ্ঠাতা ও সভাপতি সন্‌জীদা খাতুন আর নেই। গতকাল মঙ্গলবার বেলা ৩টা ১০ মিনিটে রাজধানীর স্কয়ার হাসপাতালের আইসিইউতে তিনি মারা যান। একক পরিচয়ে সন্‌জীদা খাতুনের বহুমাত্রিক জীবনের পরিচয় দেওয়া যায় না। তিনি একাধারে ছিলেন শিক্ষক ও গবেষক, শিল্পী ও সংগীতজ্ঞ, দক্ষ সংগঠক ও সক্রিয় অধিকারকর্মী। তাঁর মৃত্যুর সংবাদ ছড়িয়ে পড়ার পর দেশের শিল্প–সাংস্কৃতিক অঙ্গনে শোকের ছায়া নেমে আসে। আত্মীয়স্বজনদের পাশাপাশি তাঁর সহযোদ্ধা, সহশিল্পী, শিক্ষার্থী ও গুণমুগ্ধরা শোক প্রকাশ করেন। তাঁকে নিয়ে ফেসবুকে লিখেছেন রবীন্দ্রসংগীতশিল্পী ফারহীন খান জয়িতা।",-1,-1,-1,-1,1,0,0,0,0,1
সব ভন্ড এক হয়েছে,banglatoco,"এমন মানুষ জন্মেছিলেন বলে আমরা যেকোনো দুঃসময়ে দাঁড়িয়েও স্বপ্ন দেখতে পারি বাংলাদেশের সংস্কৃতি অঙ্গনের অগ্রণী ব্যক্তিত্ব, সংগীতজ্ঞ, ছায়ানটের অন্যতম প্রতিষ্ঠাতা ও সভাপতি সন্‌জীদা খাতুন আর নেই। গতকাল মঙ্গলবার বেলা ৩টা ১০ মিনিটে রাজধানীর স্কয়ার হাসপাতালের আইসিইউতে তিনি মারা যান। একক পরিচয়ে সন্‌জীদা খাতুনের বহুমাত্রিক জীবনের পরিচয় দেওয়া যায় না। তিনি একাধারে ছিলেন শিক্ষক ও গবেষক, শিল্পী ও সংগীতজ্ঞ, দক্ষ সংগঠক ও সক্রিয় অধিকারকর্মী। তাঁর মৃত্যুর সংবাদ ছড়িয়ে পড়ার পর দেশের শিল্প–সাংস্কৃতিক অঙ্গনে শোকের ছায়া নেমে আসে। আত্মীয়স্বজনদের পাশাপাশি তাঁর সহযোদ্ধা, সহশিল্পী, শিক্ষার্থী ও গুণমুগ্ধরা শোক প্রকাশ করেন। তাঁকে নিয়ে ফেসবুকে লিখেছেন রবীন্দ্রসংগীতশিল্পী ফারহীন খান জয়িতা।",-1,-1,-1,-1,1,0,0,0,0,1
সব গুলো সতানের বাচ্চা,banglatoco,"এমন মানুষ জন্মেছিলেন বলে আমরা যেকোনো দুঃসময়ে দাঁড়িয়েও স্বপ্ন দেখতে পারি বাংলাদেশের সংস্কৃতি অঙ্গনের অগ্রণী ব্যক্তিত্ব, সংগীতজ্ঞ, ছায়ানটের অন্যতম প্রতিষ্ঠাতা ও সভাপতি সন্‌জীদা খাতুন আর নেই। গতকাল মঙ্গলবার বেলা ৩টা ১০ মিনিটে রাজধানীর স্কয়ার হাসপাতালের আইসিইউতে তিনি মারা যান। একক পরিচয়ে সন্‌জীদা খাতুনের বহুমাত্রিক জীবনের পরিচয় দেওয়া যায় না। তিনি একাধারে ছিলেন শিক্ষক ও গবেষক, শিল্পী ও সংগীতজ্ঞ, দক্ষ সংগঠক ও সক্রিয় অধিকারকর্মী। তাঁর মৃত্যুর সংবাদ ছড়িয়ে পড়ার পর দেশের শিল্প–সাংস্কৃতিক অঙ্গনে শোকের ছায়া নেমে আসে। আত্মীয়স্বজনদের পাশাপাশি তাঁর সহযোদ্ধা, সহশিল্পী, শিক্ষার্থী ও গুণমুগ্ধরা শোক প্রকাশ করেন। তাঁকে নিয়ে ফেসবুকে লিখেছেন রবীন্দ্রসংগীতশিল্পী ফারহীন খান জয়িতা।",-1,-1,-1,-1,1,0,0,0,0,1
"যিনি মনে সুর লালন করেন তিনি চারিদিকে সুর ছড়িয়ে দেন, যিনি মনে অসুর লালন করেন তিনি চারিদিকে অসুর ছড়িয়ে দেন৷",banglatoco,"এমন মানুষ জন্মেছিলেন বলে আমরা যেকোনো দুঃসময়ে দাঁড়িয়েও স্বপ্ন দেখতে পারি বাংলাদেশের সংস্কৃতি অঙ্গনের অগ্রণী ব্যক্তিত্ব, সংগীতজ্ঞ, ছায়ানটের অন্যতম প্রতিষ্ঠাতা ও সভাপতি সন্‌জীদা খাতুন আর নেই। গতকাল মঙ্গলবার বেলা ৩টা ১০ মিনিটে রাজধানীর স্কয়ার হাসপাতালের আইসিইউতে তিনি মারা যান। একক পরিচয়ে সন্‌জীদা খাতুনের বহুমাত্রিক জীবনের পরিচয় দেওয়া যায় না। তিনি একাধারে ছিলেন শিক্ষক ও গবেষক, শিল্পী ও সংগীতজ্ঞ, দক্ষ সংগঠক ও সক্রিয় অধিকারকর্মী। তাঁর মৃত্যুর সংবাদ ছড়িয়ে পড়ার পর দেশের শিল্প–সাংস্কৃতিক অঙ্গনে শোকের ছায়া নেমে আসে। আত্মীয়স্বজনদের পাশাপাশি তাঁর সহযোদ্ধা, সহশিল্পী, শিক্ষার্থী ও গুণমুগ্ধরা শোক প্রকাশ করেন। তাঁকে নিয়ে ফেসবুকে লিখেছেন রবীন্দ্রসংগীতশিল্পী ফারহীন খান জয়িতা।",-1,-1,-1,-1,0,0,0,0,0,1
ও জাতিকে কি এমন বা*লের স্বপ্ন দেখিয়েছে তা আমার বোধগম্য নয়!!,banglatoco,"এমন মানুষ জন্মেছিলেন বলে আমরা যেকোনো দুঃসময়ে দাঁড়িয়েও স্বপ্ন দেখতে পারি বাংলাদেশের সংস্কৃতি অঙ্গনের অগ্রণী ব্যক্তিত্ব, সংগীতজ্ঞ, ছায়ানটের অন্যতম প্রতিষ্ঠাতা ও সভাপতি সন্‌জীদা খাতুন আর নেই। গতকাল মঙ্গলবার বেলা ৩টা ১০ মিনিটে রাজধানীর স্কয়ার হাসপাতালের আইসিইউতে তিনি মারা যান। একক পরিচয়ে সন্‌জীদা খাতুনের বহুমাত্রিক জীবনের পরিচয় দেওয়া যায় না। তিনি একাধারে ছিলেন শিক্ষক ও গবেষক, শিল্পী ও সংগীতজ্ঞ, দক্ষ সংগঠক ও সক্রিয় অধিকারকর্মী। তাঁর মৃত্যুর সংবাদ ছড়িয়ে পড়ার পর দেশের শিল্প–সাংস্কৃতিক অঙ্গনে শোকের ছায়া নেমে আসে। আত্মীয়স্বজনদের পাশাপাশি তাঁর সহযোদ্ধা, সহশিল্পী, শিক্ষার্থী ও গুণমুগ্ধরা শোক প্রকাশ করেন। তাঁকে নিয়ে ফেসবুকে লিখেছেন রবীন্দ্রসংগীতশিল্পী ফারহীন খান জয়িতা।",-1,-1,-1,-1,1,0,0,0,0,1
"এই মিডিয়াগুলো অপসংস্কৃতি নোংরা কীট পতঙ্গ দের জাতির জন্য কল্যাণকর হিসেবে উপস্থাপন করেছে, কিন্তু বাস্তবে তারা এই জাতির নয়, বরং পশ্চিমা সংস্কৃতির গোলামী ছাড়া কিছুই করে নি।",banglatoco,"এমন মানুষ জন্মেছিলেন বলে আমরা যেকোনো দুঃসময়ে দাঁড়িয়েও স্বপ্ন দেখতে পারি বাংলাদেশের সংস্কৃতি অঙ্গনের অগ্রণী ব্যক্তিত্ব, সংগীতজ্ঞ, ছায়ানটের অন্যতম প্রতিষ্ঠাতা ও সভাপতি সন্‌জীদা খাতুন আর নেই। গতকাল মঙ্গলবার বেলা ৩টা ১০ মিনিটে রাজধানীর স্কয়ার হাসপাতালের আইসিইউতে তিনি মারা যান। একক পরিচয়ে সন্‌জীদা খাতুনের বহুমাত্রিক জীবনের পরিচয় দেওয়া যায় না। তিনি একাধারে ছিলেন শিক্ষক ও গবেষক, শিল্পী ও সংগীতজ্ঞ, দক্ষ সংগঠক ও সক্রিয় অধিকারকর্মী। তাঁর মৃত্যুর সংবাদ ছড়িয়ে পড়ার পর দেশের শিল্প–সাংস্কৃতিক অঙ্গনে শোকের ছায়া নেমে আসে। আত্মীয়স্বজনদের পাশাপাশি তাঁর সহযোদ্ধা, সহশিল্পী, শিক্ষার্থী ও গুণমুগ্ধরা শোক প্রকাশ করেন। তাঁকে নিয়ে ফেসবুকে লিখেছেন রবীন্দ্রসংগীতশিল্পী ফারহীন খান জয়িতা।",-1,-1,-1,-1,1,0,0,0,0,1
ঠুন্ডা হিচামার মার,banglatoco,"এমন মানুষ জন্মেছিলেন বলে আমরা যেকোনো দুঃসময়ে দাঁড়িয়েও স্বপ্ন দেখতে পারি বাংলাদেশের সংস্কৃতি অঙ্গনের অগ্রণী ব্যক্তিত্ব, সংগীতজ্ঞ, ছায়ানটের অন্যতম প্রতিষ্ঠাতা ও সভাপতি সন্‌জীদা খাতুন আর নেই। গতকাল মঙ্গলবার বেলা ৩টা ১০ মিনিটে রাজধানীর স্কয়ার হাসপাতালের আইসিইউতে তিনি মারা যান। একক পরিচয়ে সন্‌জীদা খাতুনের বহুমাত্রিক জীবনের পরিচয় দেওয়া যায় না। তিনি একাধারে ছিলেন শিক্ষক ও গবেষক, শিল্পী ও সংগীতজ্ঞ, দক্ষ সংগঠক ও সক্রিয় অধিকারকর্মী। তাঁর মৃত্যুর সংবাদ ছড়িয়ে পড়ার পর দেশের শিল্প–সাংস্কৃতিক অঙ্গনে শোকের ছায়া নেমে আসে। আত্মীয়স্বজনদের পাশাপাশি তাঁর সহযোদ্ধা, সহশিল্পী, শিক্ষার্থী ও গুণমুগ্ধরা শোক প্রকাশ করেন। তাঁকে নিয়ে ফেসবুকে লিখেছেন রবীন্দ্রসংগীতশিল্পী ফারহীন খান জয়িতা।",-1,-1,-1,-1,1,0,0,0,0,1
"ইন্ডিয়া এবং তাদের পা চাটা কুকুর পোঁদ মালুর,খুব গুরুত্বপূর্ণ মু্রিদ ছিল এই জঘন্য মহিলা গুলো,সংস্কৃতির নামে এরা দেশের মানুষকে নাস্তিকতার দিকে নিয়ে যাচ্ছিল",banglatoco,"এমন মানুষ জন্মেছিলেন বলে আমরা যেকোনো দুঃসময়ে দাঁড়িয়েও স্বপ্ন দেখতে পারি বাংলাদেশের সংস্কৃতি অঙ্গনের অগ্রণী ব্যক্তিত্ব, সংগীতজ্ঞ, ছায়ানটের অন্যতম প্রতিষ্ঠাতা ও সভাপতি সন্‌জীদা খাতুন আর নেই। গতকাল মঙ্গলবার বেলা ৩টা ১০ মিনিটে রাজধানীর স্কয়ার হাসপাতালের আইসিইউতে তিনি মারা যান। একক পরিচয়ে সন্‌জীদা খাতুনের বহুমাত্রিক জীবনের পরিচয় দেওয়া যায় না। তিনি একাধারে ছিলেন শিক্ষক ও গবেষক, শিল্পী ও সংগীতজ্ঞ, দক্ষ সংগঠক ও সক্রিয় অধিকারকর্মী। তাঁর মৃত্যুর সংবাদ ছড়িয়ে পড়ার পর দেশের শিল্প–সাংস্কৃতিক অঙ্গনে শোকের ছায়া নেমে আসে। আত্মীয়স্বজনদের পাশাপাশি তাঁর সহযোদ্ধা, সহশিল্পী, শিক্ষার্থী ও গুণমুগ্ধরা শোক প্রকাশ করেন। তাঁকে নিয়ে ফেসবুকে লিখেছেন রবীন্দ্রসংগীতশিল্পী ফারহীন খান জয়িতা।",-1,-1,-1,-1,1,0,0,0,0,1
এমন মানুষ জন্মেছিল এটাই একটা পাপ দেশের জন্য এবং মুসলিম জাতির জন্য,banglatoco,"এমন মানুষ জন্মেছিলেন বলে আমরা যেকোনো দুঃসময়ে দাঁড়িয়েও স্বপ্ন দেখতে পারি বাংলাদেশের সংস্কৃতি অঙ্গনের অগ্রণী ব্যক্তিত্ব, সংগীতজ্ঞ, ছায়ানটের অন্যতম প্রতিষ্ঠাতা ও সভাপতি সন্‌জীদা খাতুন আর নেই। গতকাল মঙ্গলবার বেলা ৩টা ১০ মিনিটে রাজধানীর স্কয়ার হাসপাতালের আইসিইউতে তিনি মারা যান। একক পরিচয়ে সন্‌জীদা খাতুনের বহুমাত্রিক জীবনের পরিচয় দেওয়া যায় না। তিনি একাধারে ছিলেন শিক্ষক ও গবেষক, শিল্পী ও সংগীতজ্ঞ, দক্ষ সংগঠক ও সক্রিয় অধিকারকর্মী। তাঁর মৃত্যুর সংবাদ ছড়িয়ে পড়ার পর দেশের শিল্প–সাংস্কৃতিক অঙ্গনে শোকের ছায়া নেমে আসে। আত্মীয়স্বজনদের পাশাপাশি তাঁর সহযোদ্ধা, সহশিল্পী, শিক্ষার্থী ও গুণমুগ্ধরা শোক প্রকাশ করেন। তাঁকে নিয়ে ফেসবুকে লিখেছেন রবীন্দ্রসংগীতশিল্পী ফারহীন খান জয়িতা।",-1,-1,-1,-1,1,0,0,0,0,1
"আপনারা বলেন তো এরা জাতির কি লাভ করেছে, যত সব শয়তানের দল",banglatoco,"এমন মানুষ জন্মেছিলেন বলে আমরা যেকোনো দুঃসময়ে দাঁড়িয়েও স্বপ্ন দেখতে পারি বাংলাদেশের সংস্কৃতি অঙ্গনের অগ্রণী ব্যক্তিত্ব, সংগীতজ্ঞ, ছায়ানটের অন্যতম প্রতিষ্ঠাতা ও সভাপতি সন্‌জীদা খাতুন আর নেই। গতকাল মঙ্গলবার বেলা ৩টা ১০ মিনিটে রাজধানীর স্কয়ার হাসপাতালের আইসিইউতে তিনি মারা যান। একক পরিচয়ে সন্‌জীদা খাতুনের বহুমাত্রিক জীবনের পরিচয় দেওয়া যায় না। তিনি একাধারে ছিলেন শিক্ষক ও গবেষক, শিল্পী ও সংগীতজ্ঞ, দক্ষ সংগঠক ও সক্রিয় অধিকারকর্মী। তাঁর মৃত্যুর সংবাদ ছড়িয়ে পড়ার পর দেশের শিল্প–সাংস্কৃতিক অঙ্গনে শোকের ছায়া নেমে আসে। আত্মীয়স্বজনদের পাশাপাশি তাঁর সহযোদ্ধা, সহশিল্পী, শিক্ষার্থী ও গুণমুগ্ধরা শোক প্রকাশ করেন। তাঁকে নিয়ে ফেসবুকে লিখেছেন রবীন্দ্রসংগীতশিল্পী ফারহীন খান জয়িতা।",-1,-1,-1,-1,1,0,0,0,0,1
এরাও মানুষ!! তাহলে শুয়োর গুলোর কি দোষ..? ওদের কেও মানুষ উপাধি দেওয়া হউক!!,banglatoco,"এমন মানুষ জন্মেছিলেন বলে আমরা যেকোনো দুঃসময়ে দাঁড়িয়েও স্বপ্ন দেখতে পারি বাংলাদেশের সংস্কৃতি অঙ্গনের অগ্রণী ব্যক্তিত্ব, সংগীতজ্ঞ, ছায়ানটের অন্যতম প্রতিষ্ঠাতা ও সভাপতি সন্‌জীদা খাতুন আর নেই। গতকাল মঙ্গলবার বেলা ৩টা ১০ মিনিটে রাজধানীর স্কয়ার হাসপাতালের আইসিইউতে তিনি মারা যান। একক পরিচয়ে সন্‌জীদা খাতুনের বহুমাত্রিক জীবনের পরিচয় দেওয়া যায় না। তিনি একাধারে ছিলেন শিক্ষক ও গবেষক, শিল্পী ও সংগীতজ্ঞ, দক্ষ সংগঠক ও সক্রিয় অধিকারকর্মী। তাঁর মৃত্যুর সংবাদ ছড়িয়ে পড়ার পর দেশের শিল্প–সাংস্কৃতিক অঙ্গনে শোকের ছায়া নেমে আসে। আত্মীয়স্বজনদের পাশাপাশি তাঁর সহযোদ্ধা, সহশিল্পী, শিক্ষার্থী ও গুণমুগ্ধরা শোক প্রকাশ করেন। তাঁকে নিয়ে ফেসবুকে লিখেছেন রবীন্দ্রসংগীতশিল্পী ফারহীন খান জয়িতা।",-1,-1,-1,-1,1,0,0,0,0,1
ওরে আগুনে পোড়ানো হোক.!!!,banglatoco,"এমন মানুষ জন্মেছিলেন বলে আমরা যেকোনো দুঃসময়ে দাঁড়িয়েও স্বপ্ন দেখতে পারি বাংলাদেশের সংস্কৃতি অঙ্গনের অগ্রণী ব্যক্তিত্ব, সংগীতজ্ঞ, ছায়ানটের অন্যতম প্রতিষ্ঠাতা ও সভাপতি সন্‌জীদা খাতুন আর নেই। গতকাল মঙ্গলবার বেলা ৩টা ১০ মিনিটে রাজধানীর স্কয়ার হাসপাতালের আইসিইউতে তিনি মারা যান। একক পরিচয়ে সন্‌জীদা খাতুনের বহুমাত্রিক জীবনের পরিচয় দেওয়া যায় না। তিনি একাধারে ছিলেন শিক্ষক ও গবেষক, শিল্পী ও সংগীতজ্ঞ, দক্ষ সংগঠক ও সক্রিয় অধিকারকর্মী। তাঁর মৃত্যুর সংবাদ ছড়িয়ে পড়ার পর দেশের শিল্প–সাংস্কৃতিক অঙ্গনে শোকের ছায়া নেমে আসে। আত্মীয়স্বজনদের পাশাপাশি তাঁর সহযোদ্ধা, সহশিল্পী, শিক্ষার্থী ও গুণমুগ্ধরা শোক প্রকাশ করেন। তাঁকে নিয়ে ফেসবুকে লিখেছেন রবীন্দ্রসংগীতশিল্পী ফারহীন খান জয়িতা।",-1,-1,-1,-1,1,0,0,0,0,1
ছায়া নটীর দল,banglatoco,"এমন মানুষ জন্মেছিলেন বলে আমরা যেকোনো দুঃসময়ে দাঁড়িয়েও স্বপ্ন দেখতে পারি বাংলাদেশের সংস্কৃতি অঙ্গনের অগ্রণী ব্যক্তিত্ব, সংগীতজ্ঞ, ছায়ানটের অন্যতম প্রতিষ্ঠাতা ও সভাপতি সন্‌জীদা খাতুন আর নেই। গতকাল মঙ্গলবার বেলা ৩টা ১০ মিনিটে রাজধানীর স্কয়ার হাসপাতালের আইসিইউতে তিনি মারা যান। একক পরিচয়ে সন্‌জীদা খাতুনের বহুমাত্রিক জীবনের পরিচয় দেওয়া যায় না। তিনি একাধারে ছিলেন শিক্ষক ও গবেষক, শিল্পী ও সংগীতজ্ঞ, দক্ষ সংগঠক ও সক্রিয় অধিকারকর্মী। তাঁর মৃত্যুর সংবাদ ছড়িয়ে পড়ার পর দেশের শিল্প–সাংস্কৃতিক অঙ্গনে শোকের ছায়া নেমে আসে। আত্মীয়স্বজনদের পাশাপাশি তাঁর সহযোদ্ধা, সহশিল্পী, শিক্ষার্থী ও গুণমুগ্ধরা শোক প্রকাশ করেন। তাঁকে নিয়ে ফেসবুকে লিখেছেন রবীন্দ্রসংগীতশিল্পী ফারহীন খান জয়িতা।",-1,-1,-1,-1,1,0,0,0,0,1
এরা মানুষ রুপি গোমুএের বংশধর এবং হিংস্র।,banglatoco,"এমন মানুষ জন্মেছিলেন বলে আমরা যেকোনো দুঃসময়ে দাঁড়িয়েও স্বপ্ন দেখতে পারি বাংলাদেশের সংস্কৃতি অঙ্গনের অগ্রণী ব্যক্তিত্ব, সংগীতজ্ঞ, ছায়ানটের অন্যতম প্রতিষ্ঠাতা ও সভাপতি সন্‌জীদা খাতুন আর নেই। গতকাল মঙ্গলবার বেলা ৩টা ১০ মিনিটে রাজধানীর স্কয়ার হাসপাতালের আইসিইউতে তিনি মারা যান। একক পরিচয়ে সন্‌জীদা খাতুনের বহুমাত্রিক জীবনের পরিচয় দেওয়া যায় না। তিনি একাধারে ছিলেন শিক্ষক ও গবেষক, শিল্পী ও সংগীতজ্ঞ, দক্ষ সংগঠক ও সক্রিয় অধিকারকর্মী। তাঁর মৃত্যুর সংবাদ ছড়িয়ে পড়ার পর দেশের শিল্প–সাংস্কৃতিক অঙ্গনে শোকের ছায়া নেমে আসে। আত্মীয়স্বজনদের পাশাপাশি তাঁর সহযোদ্ধা, সহশিল্পী, শিক্ষার্থী ও গুণমুগ্ধরা শোক প্রকাশ করেন। তাঁকে নিয়ে ফেসবুকে লিখেছেন রবীন্দ্রসংগীতশিল্পী ফারহীন খান জয়িতা।",-1,-1,-1,-1,1,0,0,0,0,1
খান***কিমা**গী ভারতের গোলাম করে গেছে আজীবন,banglatoco,"এমন মানুষ জন্মেছিলেন বলে আমরা যেকোনো দুঃসময়ে দাঁড়িয়েও স্বপ্ন দেখতে পারি বাংলাদেশের সংস্কৃতি অঙ্গনের অগ্রণী ব্যক্তিত্ব, সংগীতজ্ঞ, ছায়ানটের অন্যতম প্রতিষ্ঠাতা ও সভাপতি সন্‌জীদা খাতুন আর নেই। গতকাল মঙ্গলবার বেলা ৩টা ১০ মিনিটে রাজধানীর স্কয়ার হাসপাতালের আইসিইউতে তিনি মারা যান। একক পরিচয়ে সন্‌জীদা খাতুনের বহুমাত্রিক জীবনের পরিচয় দেওয়া যায় না। তিনি একাধারে ছিলেন শিক্ষক ও গবেষক, শিল্পী ও সংগীতজ্ঞ, দক্ষ সংগঠক ও সক্রিয় অধিকারকর্মী। তাঁর মৃত্যুর সংবাদ ছড়িয়ে পড়ার পর দেশের শিল্প–সাংস্কৃতিক অঙ্গনে শোকের ছায়া নেমে আসে। আত্মীয়স্বজনদের পাশাপাশি তাঁর সহযোদ্ধা, সহশিল্পী, শিক্ষার্থী ও গুণমুগ্ধরা শোক প্রকাশ করেন। তাঁকে নিয়ে ফেসবুকে লিখেছেন রবীন্দ্রসংগীতশিল্পী ফারহীন খান জয়িতা।",-1,-1,-1,-1,1,0,0,0,0,1
বিনম্র শ্রদ্ধা ❤️একজন বিনয়ী ও আলোকিত মনের মানুষ ছিলেন,banglatoco,"এমন মানুষ জন্মেছিলেন বলে আমরা যেকোনো দুঃসময়ে দাঁড়িয়েও স্বপ্ন দেখতে পারি বাংলাদেশের সংস্কৃতি অঙ্গনের অগ্রণী ব্যক্তিত্ব, সংগীতজ্ঞ, ছায়ানটের অন্যতম প্রতিষ্ঠাতা ও সভাপতি সন্‌জীদা খাতুন আর নেই। গতকাল মঙ্গলবার বেলা ৩টা ১০ মিনিটে রাজধানীর স্কয়ার হাসপাতালের আইসিইউতে তিনি মারা যান। একক পরিচয়ে সন্‌জীদা খাতুনের বহুমাত্রিক জীবনের পরিচয় দেওয়া যায় না। তিনি একাধারে ছিলেন শিক্ষক ও গবেষক, শিল্পী ও সংগীতজ্ঞ, দক্ষ সংগঠক ও সক্রিয় অধিকারকর্মী। তাঁর মৃত্যুর সংবাদ ছড়িয়ে পড়ার পর দেশের শিল্প–সাংস্কৃতিক অঙ্গনে শোকের ছায়া নেমে আসে। আত্মীয়স্বজনদের পাশাপাশি তাঁর সহযোদ্ধা, সহশিল্পী, শিক্ষার্থী ও গুণমুগ্ধরা শোক প্রকাশ করেন। তাঁকে নিয়ে ফেসবুকে লিখেছেন রবীন্দ্রসংগীতশিল্পী ফারহীন খান জয়িতা।",-1,-1,-1,-1,0,0,0,0,0,1
এইসব নাস্তিক শাহবাগী দের জন্ম আজন্ম আবার কি...??এগুলা তো by born জারজ,banglatoco,"এমন মানুষ জন্মেছিলেন বলে আমরা যেকোনো দুঃসময়ে দাঁড়িয়েও স্বপ্ন দেখতে পারি বাংলাদেশের সংস্কৃতি অঙ্গনের অগ্রণী ব্যক্তিত্ব, সংগীতজ্ঞ, ছায়ানটের অন্যতম প্রতিষ্ঠাতা ও সভাপতি সন্‌জীদা খাতুন আর নেই। গতকাল মঙ্গলবার বেলা ৩টা ১০ মিনিটে রাজধানীর স্কয়ার হাসপাতালের আইসিইউতে তিনি মারা যান। একক পরিচয়ে সন্‌জীদা খাতুনের বহুমাত্রিক জীবনের পরিচয় দেওয়া যায় না। তিনি একাধারে ছিলেন শিক্ষক ও গবেষক, শিল্পী ও সংগীতজ্ঞ, দক্ষ সংগঠক ও সক্রিয় অধিকারকর্মী। তাঁর মৃত্যুর সংবাদ ছড়িয়ে পড়ার পর দেশের শিল্প–সাংস্কৃতিক অঙ্গনে শোকের ছায়া নেমে আসে। আত্মীয়স্বজনদের পাশাপাশি তাঁর সহযোদ্ধা, সহশিল্পী, শিক্ষার্থী ও গুণমুগ্ধরা শোক প্রকাশ করেন। তাঁকে নিয়ে ফেসবুকে লিখেছেন রবীন্দ্রসংগীতশিল্পী ফারহীন খান জয়িতা।",-1,-1,-1,-1,1,0,0,0,0,1
"উল্টা করে পুতে ফেললেই তো হইতো,টুপকি থাকতো উপরের দিকে,🥴তারেক ক্ষমতায় আসার পরে ওই টুপকির মধ্যে বৈদ্যুতিক খুঁটি গাড়তো,,😂",banglatoco,"এমন মানুষ জন্মেছিলেন বলে আমরা যেকোনো দুঃসময়ে দাঁড়িয়েও স্বপ্ন দেখতে পারি বাংলাদেশের সংস্কৃতি অঙ্গনের অগ্রণী ব্যক্তিত্ব, সংগীতজ্ঞ, ছায়ানটের অন্যতম প্রতিষ্ঠাতা ও সভাপতি সন্‌জীদা খাতুন আর নেই। গতকাল মঙ্গলবার বেলা ৩টা ১০ মিনিটে রাজধানীর স্কয়ার হাসপাতালের আইসিইউতে তিনি মারা যান। একক পরিচয়ে সন্‌জীদা খাতুনের বহুমাত্রিক জীবনের পরিচয় দেওয়া যায় না। তিনি একাধারে ছিলেন শিক্ষক ও গবেষক, শিল্পী ও সংগীতজ্ঞ, দক্ষ সংগঠক ও সক্রিয় অধিকারকর্মী। তাঁর মৃত্যুর সংবাদ ছড়িয়ে পড়ার পর দেশের শিল্প–সাংস্কৃতিক অঙ্গনে শোকের ছায়া নেমে আসে। আত্মীয়স্বজনদের পাশাপাশি তাঁর সহযোদ্ধা, সহশিল্পী, শিক্ষার্থী ও গুণমুগ্ধরা শোক প্রকাশ করেন। তাঁকে নিয়ে ফেসবুকে লিখেছেন রবীন্দ্রসংগীতশিল্পী ফারহীন খান জয়িতা।",-1,-1,-1,-1,1,0,0,0,0,1
বিনম্র শ্রদ্ধা তার প্রতি 🙏❤️🙏,banglatoco,"এমন মানুষ জন্মেছিলেন বলে আমরা যেকোনো দুঃসময়ে দাঁড়িয়েও স্বপ্ন দেখতে পারি বাংলাদেশের সংস্কৃতি অঙ্গনের অগ্রণী ব্যক্তিত্ব, সংগীতজ্ঞ, ছায়ানটের অন্যতম প্রতিষ্ঠাতা ও সভাপতি সন্‌জীদা খাতুন আর নেই। গতকাল মঙ্গলবার বেলা ৩টা ১০ মিনিটে রাজধানীর স্কয়ার হাসপাতালের আইসিইউতে তিনি মারা যান। একক পরিচয়ে সন্‌জীদা খাতুনের বহুমাত্রিক জীবনের পরিচয় দেওয়া যায় না। তিনি একাধারে ছিলেন শিক্ষক ও গবেষক, শিল্পী ও সংগীতজ্ঞ, দক্ষ সংগঠক ও সক্রিয় অধিকারকর্মী। তাঁর মৃত্যুর সংবাদ ছড়িয়ে পড়ার পর দেশের শিল্প–সাংস্কৃতিক অঙ্গনে শোকের ছায়া নেমে আসে। আত্মীয়স্বজনদের পাশাপাশি তাঁর সহযোদ্ধা, সহশিল্পী, শিক্ষার্থী ও গুণমুগ্ধরা শোক প্রকাশ করেন। তাঁকে নিয়ে ফেসবুকে লিখেছেন রবীন্দ্রসংগীতশিল্পী ফারহীন খান জয়িতা।",-1,-1,-1,-1,0,0,0,0,0,1
"হায়রে নটীর অনুসারী। চাটাচাটি বাদ দিয়ে দেশের কল্যানে কিছু করলে ক্ষতি কি ভাই!? নিজের দেশটারে ভলোবাসেন, দেশের মানুষকে ভালোবাসেন। সত্যের সাথে থাকেন।",banglatoco,"এমন মানুষ জন্মেছিলেন বলে আমরা যেকোনো দুঃসময়ে দাঁড়িয়েও স্বপ্ন দেখতে পারি বাংলাদেশের সংস্কৃতি অঙ্গনের অগ্রণী ব্যক্তিত্ব, সংগীতজ্ঞ, ছায়ানটের অন্যতম প্রতিষ্ঠাতা ও সভাপতি সন্‌জীদা খাতুন আর নেই। গতকাল মঙ্গলবার বেলা ৩টা ১০ মিনিটে রাজধানীর স্কয়ার হাসপাতালের আইসিইউতে তিনি মারা যান। একক পরিচয়ে সন্‌জীদা খাতুনের বহুমাত্রিক জীবনের পরিচয় দেওয়া যায় না। তিনি একাধারে ছিলেন শিক্ষক ও গবেষক, শিল্পী ও সংগীতজ্ঞ, দক্ষ সংগঠক ও সক্রিয় অধিকারকর্মী। তাঁর মৃত্যুর সংবাদ ছড়িয়ে পড়ার পর দেশের শিল্প–সাংস্কৃতিক অঙ্গনে শোকের ছায়া নেমে আসে। আত্মীয়স্বজনদের পাশাপাশি তাঁর সহযোদ্ধা, সহশিল্পী, শিক্ষার্থী ও গুণমুগ্ধরা শোক প্রকাশ করেন। তাঁকে নিয়ে ফেসবুকে লিখেছেন রবীন্দ্রসংগীতশিল্পী ফারহীন খান জয়িতা।",-1,-1,-1,-1,1,0,0,0,0,1
পিছা মার এই প্রুথুমালোরে.. হালা চিটিং,banglatoco,"এমন মানুষ জন্মেছিলেন বলে আমরা যেকোনো দুঃসময়ে দাঁড়িয়েও স্বপ্ন দেখতে পারি বাংলাদেশের সংস্কৃতি অঙ্গনের অগ্রণী ব্যক্তিত্ব, সংগীতজ্ঞ, ছায়ানটের অন্যতম প্রতিষ্ঠাতা ও সভাপতি সন্‌জীদা খাতুন আর নেই। গতকাল মঙ্গলবার বেলা ৩টা ১০ মিনিটে রাজধানীর স্কয়ার হাসপাতালের আইসিইউতে তিনি মারা যান। একক পরিচয়ে সন্‌জীদা খাতুনের বহুমাত্রিক জীবনের পরিচয় দেওয়া যায় না। তিনি একাধারে ছিলেন শিক্ষক ও গবেষক, শিল্পী ও সংগীতজ্ঞ, দক্ষ সংগঠক ও সক্রিয় অধিকারকর্মী। তাঁর মৃত্যুর সংবাদ ছড়িয়ে পড়ার পর দেশের শিল্প–সাংস্কৃতিক অঙ্গনে শোকের ছায়া নেমে আসে। আত্মীয়স্বজনদের পাশাপাশি তাঁর সহযোদ্ধা, সহশিল্পী, শিক্ষার্থী ও গুণমুগ্ধরা শোক প্রকাশ করেন। তাঁকে নিয়ে ফেসবুকে লিখেছেন রবীন্দ্রসংগীতশিল্পী ফারহীন খান জয়িতা।",-1,-1,-1,-1,1,0,0,0,0,1
"আল্লাহ্‌ এই ছায়ানটী কে ,জাহান্নামে ঠাপেন্দ্রনাথ ঠাকুরের সাথে বসবাস করার তৌফিক দান করুন",banglatoco,"এমন মানুষ জন্মেছিলেন বলে আমরা যেকোনো দুঃসময়ে দাঁড়িয়েও স্বপ্ন দেখতে পারি বাংলাদেশের সংস্কৃতি অঙ্গনের অগ্রণী ব্যক্তিত্ব, সংগীতজ্ঞ, ছায়ানটের অন্যতম প্রতিষ্ঠাতা ও সভাপতি সন্‌জীদা খাতুন আর নেই। গতকাল মঙ্গলবার বেলা ৩টা ১০ মিনিটে রাজধানীর স্কয়ার হাসপাতালের আইসিইউতে তিনি মারা যান। একক পরিচয়ে সন্‌জীদা খাতুনের বহুমাত্রিক জীবনের পরিচয় দেওয়া যায় না। তিনি একাধারে ছিলেন শিক্ষক ও গবেষক, শিল্পী ও সংগীতজ্ঞ, দক্ষ সংগঠক ও সক্রিয় অধিকারকর্মী। তাঁর মৃত্যুর সংবাদ ছড়িয়ে পড়ার পর দেশের শিল্প–সাংস্কৃতিক অঙ্গনে শোকের ছায়া নেমে আসে। আত্মীয়স্বজনদের পাশাপাশি তাঁর সহযোদ্ধা, সহশিল্পী, শিক্ষার্থী ও গুণমুগ্ধরা শোক প্রকাশ করেন। তাঁকে নিয়ে ফেসবুকে লিখেছেন রবীন্দ্রসংগীতশিল্পী ফারহীন খান জয়িতা।",-1,-1,-1,-1,1,0,0,0,0,1
"উনার স্বামীর দেহ পিজি কে দান করছেন। উনিও কি দেহ দান করেছেন,?",banglatoco,"এমন মানুষ জন্মেছিলেন বলে আমরা যেকোনো দুঃসময়ে দাঁড়িয়েও স্বপ্ন দেখতে পারি বাংলাদেশের সংস্কৃতি অঙ্গনের অগ্রণী ব্যক্তিত্ব, সংগীতজ্ঞ, ছায়ানটের অন্যতম প্রতিষ্ঠাতা ও সভাপতি সন্‌জীদা খাতুন আর নেই। গতকাল মঙ্গলবার বেলা ৩টা ১০ মিনিটে রাজধানীর স্কয়ার হাসপাতালের আইসিইউতে তিনি মারা যান। একক পরিচয়ে সন্‌জীদা খাতুনের বহুমাত্রিক জীবনের পরিচয় দেওয়া যায় না। তিনি একাধারে ছিলেন শিক্ষক ও গবেষক, শিল্পী ও সংগীতজ্ঞ, দক্ষ সংগঠক ও সক্রিয় অধিকারকর্মী। তাঁর মৃত্যুর সংবাদ ছড়িয়ে পড়ার পর দেশের শিল্প–সাংস্কৃতিক অঙ্গনে শোকের ছায়া নেমে আসে। আত্মীয়স্বজনদের পাশাপাশি তাঁর সহযোদ্ধা, সহশিল্পী, শিক্ষার্থী ও গুণমুগ্ধরা শোক প্রকাশ করেন। তাঁকে নিয়ে ফেসবুকে লিখেছেন রবীন্দ্রসংগীতশিল্পী ফারহীন খান জয়িতা।",-1,-1,-1,-1,0,0,0,0,0,1
এতো বড় একটা নষ্টা নারী এদেশে কিভাবে ছিলো.!যেমন কর্ম তেমন ফল!!! শেষ বিদায় হয়েছে নাকি গানের মাধ্যমে.! মানে কতটা পোড়া কপাল হলে শেষ পরিনতি এতো নির্মম হয়.!!!?শাহাবাগিদের আখড়া..! একটা বিদায় হয়েছে আলহামদুলিল্লাহ!!!,banglatoco,"এমন মানুষ জন্মেছিলেন বলে আমরা যেকোনো দুঃসময়ে দাঁড়িয়েও স্বপ্ন দেখতে পারি বাংলাদেশের সংস্কৃতি অঙ্গনের অগ্রণী ব্যক্তিত্ব, সংগীতজ্ঞ, ছায়ানটের অন্যতম প্রতিষ্ঠাতা ও সভাপতি সন্‌জীদা খাতুন আর নেই। গতকাল মঙ্গলবার বেলা ৩টা ১০ মিনিটে রাজধানীর স্কয়ার হাসপাতালের আইসিইউতে তিনি মারা যান। একক পরিচয়ে সন্‌জীদা খাতুনের বহুমাত্রিক জীবনের পরিচয় দেওয়া যায় না। তিনি একাধারে ছিলেন শিক্ষক ও গবেষক, শিল্পী ও সংগীতজ্ঞ, দক্ষ সংগঠক ও সক্রিয় অধিকারকর্মী। তাঁর মৃত্যুর সংবাদ ছড়িয়ে পড়ার পর দেশের শিল্প–সাংস্কৃতিক অঙ্গনে শোকের ছায়া নেমে আসে। আত্মীয়স্বজনদের পাশাপাশি তাঁর সহযোদ্ধা, সহশিল্পী, শিক্ষার্থী ও গুণমুগ্ধরা শোক প্রকাশ করেন। তাঁকে নিয়ে ফেসবুকে লিখেছেন রবীন্দ্রসংগীতশিল্পী ফারহীন খান জয়িতা।",-1,-1,-1,-1,1,0,0,0,0,1
"তিনি কি হিন্দু লীগ ছিলেন না কি মুসলিম ছিলেন, আল্লাহ জাহান্নামে ভালো জায়গায় রেখে দিন 😁😁😁",banglatoco,"এমন মানুষ জন্মেছিলেন বলে আমরা যেকোনো দুঃসময়ে দাঁড়িয়েও স্বপ্ন দেখতে পারি বাংলাদেশের সংস্কৃতি অঙ্গনের অগ্রণী ব্যক্তিত্ব, সংগীতজ্ঞ, ছায়ানটের অন্যতম প্রতিষ্ঠাতা ও সভাপতি সন্‌জীদা খাতুন আর নেই। গতকাল মঙ্গলবার বেলা ৩টা ১০ মিনিটে রাজধানীর স্কয়ার হাসপাতালের আইসিইউতে তিনি মারা যান। একক পরিচয়ে সন্‌জীদা খাতুনের বহুমাত্রিক জীবনের পরিচয় দেওয়া যায় না। তিনি একাধারে ছিলেন শিক্ষক ও গবেষক, শিল্পী ও সংগীতজ্ঞ, দক্ষ সংগঠক ও সক্রিয় অধিকারকর্মী। তাঁর মৃত্যুর সংবাদ ছড়িয়ে পড়ার পর দেশের শিল্প–সাংস্কৃতিক অঙ্গনে শোকের ছায়া নেমে আসে। আত্মীয়স্বজনদের পাশাপাশি তাঁর সহযোদ্ধা, সহশিল্পী, শিক্ষার্থী ও গুণমুগ্ধরা শোক প্রকাশ করেন। তাঁকে নিয়ে ফেসবুকে লিখেছেন রবীন্দ্রসংগীতশিল্পী ফারহীন খান জয়িতা।",-1,-1,-1,-1,1,0,0,0,0,1
ওয়াক থু,banglatoco,"এমন মানুষ জন্মেছিলেন বলে আমরা যেকোনো দুঃসময়ে দাঁড়িয়েও স্বপ্ন দেখতে পারি বাংলাদেশের সংস্কৃতি অঙ্গনের অগ্রণী ব্যক্তিত্ব, সংগীতজ্ঞ, ছায়ানটের অন্যতম প্রতিষ্ঠাতা ও সভাপতি সন্‌জীদা খাতুন আর নেই। গতকাল মঙ্গলবার বেলা ৩টা ১০ মিনিটে রাজধানীর স্কয়ার হাসপাতালের আইসিইউতে তিনি মারা যান। একক পরিচয়ে সন্‌জীদা খাতুনের বহুমাত্রিক জীবনের পরিচয় দেওয়া যায় না। তিনি একাধারে ছিলেন শিক্ষক ও গবেষক, শিল্পী ও সংগীতজ্ঞ, দক্ষ সংগঠক ও সক্রিয় অধিকারকর্মী। তাঁর মৃত্যুর সংবাদ ছড়িয়ে পড়ার পর দেশের শিল্প–সাংস্কৃতিক অঙ্গনে শোকের ছায়া নেমে আসে। আত্মীয়স্বজনদের পাশাপাশি তাঁর সহযোদ্ধা, সহশিল্পী, শিক্ষার্থী ও গুণমুগ্ধরা শোক প্রকাশ করেন। তাঁকে নিয়ে ফেসবুকে লিখেছেন রবীন্দ্রসংগীতশিল্পী ফারহীন খান জয়িতা।",-1,-1,-1,-1,1,0,0,0,0,1
হায়! হায়!মৃত্যু যে এতো লজ্জার।ধিক শাহবাগীরা,banglatoco,"এমন মানুষ জন্মেছিলেন বলে আমরা যেকোনো দুঃসময়ে দাঁড়িয়েও স্বপ্ন দেখতে পারি বাংলাদেশের সংস্কৃতি অঙ্গনের অগ্রণী ব্যক্তিত্ব, সংগীতজ্ঞ, ছায়ানটের অন্যতম প্রতিষ্ঠাতা ও সভাপতি সন্‌জীদা খাতুন আর নেই। গতকাল মঙ্গলবার বেলা ৩টা ১০ মিনিটে রাজধানীর স্কয়ার হাসপাতালের আইসিইউতে তিনি মারা যান। একক পরিচয়ে সন্‌জীদা খাতুনের বহুমাত্রিক জীবনের পরিচয় দেওয়া যায় না। তিনি একাধারে ছিলেন শিক্ষক ও গবেষক, শিল্পী ও সংগীতজ্ঞ, দক্ষ সংগঠক ও সক্রিয় অধিকারকর্মী। তাঁর মৃত্যুর সংবাদ ছড়িয়ে পড়ার পর দেশের শিল্প–সাংস্কৃতিক অঙ্গনে শোকের ছায়া নেমে আসে। আত্মীয়স্বজনদের পাশাপাশি তাঁর সহযোদ্ধা, সহশিল্পী, শিক্ষার্থী ও গুণমুগ্ধরা শোক প্রকাশ করেন। তাঁকে নিয়ে ফেসবুকে লিখেছেন রবীন্দ্রসংগীতশিল্পী ফারহীন খান জয়িতা।",-1,-1,-1,-1,1,0,0,0,0,1
এগুলো জন্মেছে বলেই জাহান্নামে যাওয়ার রাস্তা সহজ হয়েছে!,banglatoco,"এমন মানুষ জন্মেছিলেন বলে আমরা যেকোনো দুঃসময়ে দাঁড়িয়েও স্বপ্ন দেখতে পারি বাংলাদেশের সংস্কৃতি অঙ্গনের অগ্রণী ব্যক্তিত্ব, সংগীতজ্ঞ, ছায়ানটের অন্যতম প্রতিষ্ঠাতা ও সভাপতি সন্‌জীদা খাতুন আর নেই। গতকাল মঙ্গলবার বেলা ৩টা ১০ মিনিটে রাজধানীর স্কয়ার হাসপাতালের আইসিইউতে তিনি মারা যান। একক পরিচয়ে সন্‌জীদা খাতুনের বহুমাত্রিক জীবনের পরিচয় দেওয়া যায় না। তিনি একাধারে ছিলেন শিক্ষক ও গবেষক, শিল্পী ও সংগীতজ্ঞ, দক্ষ সংগঠক ও সক্রিয় অধিকারকর্মী। তাঁর মৃত্যুর সংবাদ ছড়িয়ে পড়ার পর দেশের শিল্প–সাংস্কৃতিক অঙ্গনে শোকের ছায়া নেমে আসে। আত্মীয়স্বজনদের পাশাপাশি তাঁর সহযোদ্ধা, সহশিল্পী, শিক্ষার্থী ও গুণমুগ্ধরা শোক প্রকাশ করেন। তাঁকে নিয়ে ফেসবুকে লিখেছেন রবীন্দ্রসংগীতশিল্পী ফারহীন খান জয়িতা।",-1,-1,-1,-1,1,0,0,0,0,1
জাহান্নামী মহিলা,banglatoco,"এমন মানুষ জন্মেছিলেন বলে আমরা যেকোনো দুঃসময়ে দাঁড়িয়েও স্বপ্ন দেখতে পারি বাংলাদেশের সংস্কৃতি অঙ্গনের অগ্রণী ব্যক্তিত্ব, সংগীতজ্ঞ, ছায়ানটের অন্যতম প্রতিষ্ঠাতা ও সভাপতি সন্‌জীদা খাতুন আর নেই। গতকাল মঙ্গলবার বেলা ৩টা ১০ মিনিটে রাজধানীর স্কয়ার হাসপাতালের আইসিইউতে তিনি মারা যান। একক পরিচয়ে সন্‌জীদা খাতুনের বহুমাত্রিক জীবনের পরিচয় দেওয়া যায় না। তিনি একাধারে ছিলেন শিক্ষক ও গবেষক, শিল্পী ও সংগীতজ্ঞ, দক্ষ সংগঠক ও সক্রিয় অধিকারকর্মী। তাঁর মৃত্যুর সংবাদ ছড়িয়ে পড়ার পর দেশের শিল্প–সাংস্কৃতিক অঙ্গনে শোকের ছায়া নেমে আসে। আত্মীয়স্বজনদের পাশাপাশি তাঁর সহযোদ্ধা, সহশিল্পী, শিক্ষার্থী ও গুণমুগ্ধরা শোক প্রকাশ করেন। তাঁকে নিয়ে ফেসবুকে লিখেছেন রবীন্দ্রসংগীতশিল্পী ফারহীন খান জয়িতা।",-1,-1,-1,-1,1,0,0,0,0,1
জাহান্নামে যাওয়ার স্বপ্ন?,banglatoco,"এমন মানুষ জন্মেছিলেন বলে আমরা যেকোনো দুঃসময়ে দাঁড়িয়েও স্বপ্ন দেখতে পারি বাংলাদেশের সংস্কৃতি অঙ্গনের অগ্রণী ব্যক্তিত্ব, সংগীতজ্ঞ, ছায়ানটের অন্যতম প্রতিষ্ঠাতা ও সভাপতি সন্‌জীদা খাতুন আর নেই। গতকাল মঙ্গলবার বেলা ৩টা ১০ মিনিটে রাজধানীর স্কয়ার হাসপাতালের আইসিইউতে তিনি মারা যান। একক পরিচয়ে সন্‌জীদা খাতুনের বহুমাত্রিক জীবনের পরিচয় দেওয়া যায় না। তিনি একাধারে ছিলেন শিক্ষক ও গবেষক, শিল্পী ও সংগীতজ্ঞ, দক্ষ সংগঠক ও সক্রিয় অধিকারকর্মী। তাঁর মৃত্যুর সংবাদ ছড়িয়ে পড়ার পর দেশের শিল্প–সাংস্কৃতিক অঙ্গনে শোকের ছায়া নেমে আসে। আত্মীয়স্বজনদের পাশাপাশি তাঁর সহযোদ্ধা, সহশিল্পী, শিক্ষার্থী ও গুণমুগ্ধরা শোক প্রকাশ করেন। তাঁকে নিয়ে ফেসবুকে লিখেছেন রবীন্দ্রসংগীতশিল্পী ফারহীন খান জয়িতা।",-1,-1,-1,-1,1,0,0,0,0,1
লেখা পড়া করেও অমানুষ,banglatoco,"এমন মানুষ জন্মেছিলেন বলে আমরা যেকোনো দুঃসময়ে দাঁড়িয়েও স্বপ্ন দেখতে পারি বাংলাদেশের সংস্কৃতি অঙ্গনের অগ্রণী ব্যক্তিত্ব, সংগীতজ্ঞ, ছায়ানটের অন্যতম প্রতিষ্ঠাতা ও সভাপতি সন্‌জীদা খাতুন আর নেই। গতকাল মঙ্গলবার বেলা ৩টা ১০ মিনিটে রাজধানীর স্কয়ার হাসপাতালের আইসিইউতে তিনি মারা যান। একক পরিচয়ে সন্‌জীদা খাতুনের বহুমাত্রিক জীবনের পরিচয় দেওয়া যায় না। তিনি একাধারে ছিলেন শিক্ষক ও গবেষক, শিল্পী ও সংগীতজ্ঞ, দক্ষ সংগঠক ও সক্রিয় অধিকারকর্মী। তাঁর মৃত্যুর সংবাদ ছড়িয়ে পড়ার পর দেশের শিল্প–সাংস্কৃতিক অঙ্গনে শোকের ছায়া নেমে আসে। আত্মীয়স্বজনদের পাশাপাশি তাঁর সহযোদ্ধা, সহশিল্পী, শিক্ষার্থী ও গুণমুগ্ধরা শোক প্রকাশ করেন। তাঁকে নিয়ে ফেসবুকে লিখেছেন রবীন্দ্রসংগীতশিল্পী ফারহীন খান জয়িতা।",-1,-1,-1,-1,1,0,0,0,0,1
পদুমালু😁😁😁😁😁,banglatoco,"এমন মানুষ জন্মেছিলেন বলে আমরা যেকোনো দুঃসময়ে দাঁড়িয়েও স্বপ্ন দেখতে পারি বাংলাদেশের সংস্কৃতি অঙ্গনের অগ্রণী ব্যক্তিত্ব, সংগীতজ্ঞ, ছায়ানটের অন্যতম প্রতিষ্ঠাতা ও সভাপতি সন্‌জীদা খাতুন আর নেই। গতকাল মঙ্গলবার বেলা ৩টা ১০ মিনিটে রাজধানীর স্কয়ার হাসপাতালের আইসিইউতে তিনি মারা যান। একক পরিচয়ে সন্‌জীদা খাতুনের বহুমাত্রিক জীবনের পরিচয় দেওয়া যায় না। তিনি একাধারে ছিলেন শিক্ষক ও গবেষক, শিল্পী ও সংগীতজ্ঞ, দক্ষ সংগঠক ও সক্রিয় অধিকারকর্মী। তাঁর মৃত্যুর সংবাদ ছড়িয়ে পড়ার পর দেশের শিল্প–সাংস্কৃতিক অঙ্গনে শোকের ছায়া নেমে আসে। আত্মীয়স্বজনদের পাশাপাশি তাঁর সহযোদ্ধা, সহশিল্পী, শিক্ষার্থী ও গুণমুগ্ধরা শোক প্রকাশ করেন। তাঁকে নিয়ে ফেসবুকে লিখেছেন রবীন্দ্রসংগীতশিল্পী ফারহীন খান জয়িতা।",-1,-1,-1,-1,1,0,0,0,0,1
"উনি দেশের জন্য কী বা*টি ছিড়েছেন?
",banglatoco,"এমন মানুষ জন্মেছিলেন বলে আমরা যেকোনো দুঃসময়ে দাঁড়িয়েও স্বপ্ন দেখতে পারি বাংলাদেশের সংস্কৃতি অঙ্গনের অগ্রণী ব্যক্তিত্ব, সংগীতজ্ঞ, ছায়ানটের অন্যতম প্রতিষ্ঠাতা ও সভাপতি সন্‌জীদা খাতুন আর নেই। গতকাল মঙ্গলবার বেলা ৩টা ১০ মিনিটে রাজধানীর স্কয়ার হাসপাতালের আইসিইউতে তিনি মারা যান। একক পরিচয়ে সন্‌জীদা খাতুনের বহুমাত্রিক জীবনের পরিচয় দেওয়া যায় না। তিনি একাধারে ছিলেন শিক্ষক ও গবেষক, শিল্পী ও সংগীতজ্ঞ, দক্ষ সংগঠক ও সক্রিয় অধিকারকর্মী। তাঁর মৃত্যুর সংবাদ ছড়িয়ে পড়ার পর দেশের শিল্প–সাংস্কৃতিক অঙ্গনে শোকের ছায়া নেমে আসে। আত্মীয়স্বজনদের পাশাপাশি তাঁর সহযোদ্ধা, সহশিল্পী, শিক্ষার্থী ও গুণমুগ্ধরা শোক প্রকাশ করেন। তাঁকে নিয়ে ফেসবুকে লিখেছেন রবীন্দ্রসংগীতশিল্পী ফারহীন খান জয়িতা।",-1,-1,-1,-1,1,0,0,0,0,1
"স্থানীয় লোকজন চাঁদাবাজ, অসৎ দুর্নীতিবাজ, পর্যটকদের বাধ্য করে প্রতিটি জিনিস ৪ গুণ বেশি দামে কিনতে, দাম নিয়ে তর্ক করলে দলবদ্ধ হয়ে হামলা করে",banglatoco,"সেন্টমার্টিনে পর্যটক নেই, জীববৈচিত্র্যে ফিরেছে প্রাণ, তবে স্থানীয়রা কষ্টে এখন পর্যটক নেই, তাই সেন্টমার্টিনের প্রকৃতি সেজেছে আপন রূপে। প্রবাল দ্বীপের জীববৈচিত্র্যও প্রাণ ফিরে পেয়েছে।অন্যসময় বছরে পর্যটকের জন্য খোলা থাকতো চারমাস। এই মৌসুম থেকে মাত্র দুইমাসের জন্য খোলা রাখার সিদ্ধান্ত সরকারের। সে অনুযায়ী ৩১ জানুয়ারী থেকে দশ মাসের জন্য পর্যটক নিষিদ্ধ করা হয়। বন্ধের প্রায় দুইমাস পর অনেকটা ইতিবাচক পরিবর্তন দ্বীপটিতে। সৈকতে নেই তেমন কোনো প্লাস্টিক। সৃষ্টি হচ্ছে নতুন নতুন প্রবাল। আবার প্রবালে জন্ম নিচ্ছে সামুদ্রিক উদ্ভিদও। জীববৈচিত্র পেয়েছে নতুন প্রাণ।কিন্তু কষ্টে আছে স্থানীয় মানুষ। পর্যটক বন্ধে সেন্টমার্টিনে যারা পর্যটনকেন্দ্রিক ব্যবসা করেন, গত দুই মাসের আয় দিয়ে সামনের দশ মাস কীভাবে চলবেন, সেই দুশ্চিন্তায় তারা। আবার যারা দিনমজুর বা উদ্বাস্তু তাদের অবস্থাও বেশ নাকাল।",-1,-1,-1,-1,0,0,0,0,0,1
জ্ঞানহীন মানুষদের জন্য এটা আজীবন বন্ধ থাক!পরিবেশ বাচুক।স্থানীয় ব্যবসয়ী দেরও শিক্ষা হোক!,banglatoco,"সেন্টমার্টিনে পর্যটক নেই, জীববৈচিত্র্যে ফিরেছে প্রাণ, তবে স্থানীয়রা কষ্টে এখন পর্যটক নেই, তাই সেন্টমার্টিনের প্রকৃতি সেজেছে আপন রূপে। প্রবাল দ্বীপের জীববৈচিত্র্যও প্রাণ ফিরে পেয়েছে।অন্যসময় বছরে পর্যটকের জন্য খোলা থাকতো চারমাস। এই মৌসুম থেকে মাত্র দুইমাসের জন্য খোলা রাখার সিদ্ধান্ত সরকারের। সে অনুযায়ী ৩১ জানুয়ারী থেকে দশ মাসের জন্য পর্যটক নিষিদ্ধ করা হয়। বন্ধের প্রায় দুইমাস পর অনেকটা ইতিবাচক পরিবর্তন দ্বীপটিতে। সৈকতে নেই তেমন কোনো প্লাস্টিক। সৃষ্টি হচ্ছে নতুন নতুন প্রবাল। আবার প্রবালে জন্ম নিচ্ছে সামুদ্রিক উদ্ভিদও। জীববৈচিত্র পেয়েছে নতুন প্রাণ।কিন্তু কষ্টে আছে স্থানীয় মানুষ। পর্যটক বন্ধে সেন্টমার্টিনে যারা পর্যটনকেন্দ্রিক ব্যবসা করেন, গত দুই মাসের আয় দিয়ে সামনের দশ মাস কীভাবে চলবেন, সেই দুশ্চিন্তায় তারা। আবার যারা দিনমজুর বা উদ্বাস্তু তাদের অবস্থাও বেশ নাকাল।",-1,-1,-1,-1,0,0,0,0,0,1
মানে মানুষের চেয়ে পাখির দরত বেশি হয়ে গেল আর কি ইনুচ্চার,banglatoco,"সেন্টমার্টিনে পর্যটক নেই, জীববৈচিত্র্যে ফিরেছে প্রাণ, তবে স্থানীয়রা কষ্টে এখন পর্যটক নেই, তাই সেন্টমার্টিনের প্রকৃতি সেজেছে আপন রূপে। প্রবাল দ্বীপের জীববৈচিত্র্যও প্রাণ ফিরে পেয়েছে।অন্যসময় বছরে পর্যটকের জন্য খোলা থাকতো চারমাস। এই মৌসুম থেকে মাত্র দুইমাসের জন্য খোলা রাখার সিদ্ধান্ত সরকারের। সে অনুযায়ী ৩১ জানুয়ারী থেকে দশ মাসের জন্য পর্যটক নিষিদ্ধ করা হয়। বন্ধের প্রায় দুইমাস পর অনেকটা ইতিবাচক পরিবর্তন দ্বীপটিতে। সৈকতে নেই তেমন কোনো প্লাস্টিক। সৃষ্টি হচ্ছে নতুন নতুন প্রবাল। আবার প্রবালে জন্ম নিচ্ছে সামুদ্রিক উদ্ভিদও। জীববৈচিত্র পেয়েছে নতুন প্রাণ।কিন্তু কষ্টে আছে স্থানীয় মানুষ। পর্যটক বন্ধে সেন্টমার্টিনে যারা পর্যটনকেন্দ্রিক ব্যবসা করেন, গত দুই মাসের আয় দিয়ে সামনের দশ মাস কীভাবে চলবেন, সেই দুশ্চিন্তায় তারা। আবার যারা দিনমজুর বা উদ্বাস্তু তাদের অবস্থাও বেশ নাকাল। জীব বৈচিত্র বাঁচাতে গিয়ে জীবনকে হুমকির মধ্যে ফেলে দিবেন এটাকে কি পরিবেশ রক্ষা বলে, এটাই কি মানবতা ?",-1,-1,-1,-1,1,0,0,0,0,1
কিছু বোঝেন? মানুষের চাহিদা পুরন করতে করতে দ্বিপটাই যখন নাই হয়ে যাবে প্রবাল প্রাচির ভেঙ্গে তখন মানুষ রাখবেন কোথায়???,banglatoco,"সেন্টমার্টিনে পর্যটক নেই, জীববৈচিত্র্যে ফিরেছে প্রাণ, তবে স্থানীয়রা কষ্টে এখন পর্যটক নেই, তাই সেন্টমার্টিনের প্রকৃতি সেজেছে আপন রূপে। প্রবাল দ্বীপের জীববৈচিত্র্যও প্রাণ ফিরে পেয়েছে।অন্যসময় বছরে পর্যটকের জন্য খোলা থাকতো চারমাস। এই মৌসুম থেকে মাত্র দুইমাসের জন্য খোলা রাখার সিদ্ধান্ত সরকারের। সে অনুযায়ী ৩১ জানুয়ারী থেকে দশ মাসের জন্য পর্যটক নিষিদ্ধ করা হয়। বন্ধের প্রায় দুইমাস পর অনেকটা ইতিবাচক পরিবর্তন দ্বীপটিতে। সৈকতে নেই তেমন কোনো প্লাস্টিক। সৃষ্টি হচ্ছে নতুন নতুন প্রবাল। আবার প্রবালে জন্ম নিচ্ছে সামুদ্রিক উদ্ভিদও। জীববৈচিত্র পেয়েছে নতুন প্রাণ।কিন্তু কষ্টে আছে স্থানীয় মানুষ। পর্যটক বন্ধে সেন্টমার্টিনে যারা পর্যটনকেন্দ্রিক ব্যবসা করেন, গত দুই মাসের আয় দিয়ে সামনের দশ মাস কীভাবে চলবেন, সেই দুশ্চিন্তায় তারা। আবার যারা দিনমজুর বা উদ্বাস্তু তাদের অবস্থাও বেশ নাকাল। মানে মানুষের চেয়ে পাখির দরত বেশি হয়ে গেল আর কি ইনুচ্চার",-1,-1,-1,-1,0,0,0,0,0,1
মানুষের জীবন চলে যাওয়ার অনেক মাধ্যম আছে বা উপায় আছে। কিন্তু একবার কোরাল বা জীববইচিত্র ধ্বংস হলে রিভার্স করার উপায় থাকেনা। আমাদের কিন্তু সেইন্টমারটিন একটাই।,banglatoco,"সেন্টমার্টিনে পর্যটক নেই, জীববৈচিত্র্যে ফিরেছে প্রাণ, তবে স্থানীয়রা কষ্টে এখন পর্যটক নেই, তাই সেন্টমার্টিনের প্রকৃতি সেজেছে আপন রূপে। প্রবাল দ্বীপের জীববৈচিত্র্যও প্রাণ ফিরে পেয়েছে।অন্যসময় বছরে পর্যটকের জন্য খোলা থাকতো চারমাস। এই মৌসুম থেকে মাত্র দুইমাসের জন্য খোলা রাখার সিদ্ধান্ত সরকারের। সে অনুযায়ী ৩১ জানুয়ারী থেকে দশ মাসের জন্য পর্যটক নিষিদ্ধ করা হয়। বন্ধের প্রায় দুইমাস পর অনেকটা ইতিবাচক পরিবর্তন দ্বীপটিতে। সৈকতে নেই তেমন কোনো প্লাস্টিক। সৃষ্টি হচ্ছে নতুন নতুন প্রবাল। আবার প্রবালে জন্ম নিচ্ছে সামুদ্রিক উদ্ভিদও। জীববৈচিত্র পেয়েছে নতুন প্রাণ।কিন্তু কষ্টে আছে স্থানীয় মানুষ। পর্যটক বন্ধে সেন্টমার্টিনে যারা পর্যটনকেন্দ্রিক ব্যবসা করেন, গত দুই মাসের আয় দিয়ে সামনের দশ মাস কীভাবে চলবেন, সেই দুশ্চিন্তায় তারা। আবার যারা দিনমজুর বা উদ্বাস্তু তাদের অবস্থাও বেশ নাকাল। জীব বৈচিত্র বাঁচাতে গিয়ে জীবনকে হুমকির মধ্যে ফেলে দিবেন এটাকে কি পরিবেশ রক্ষা বলে, এটাই কি মানবতা ? কাকে বোঝান!ওর বিবেক থাকলে কি কুত্তালীগের দালাল",-1,-1,-1,-1,0,0,0,0,0,1
"আরে বাঙ্গির পুত,এইটা বুঝতে গেলে ভালো করে পড়াশোনা করতে হবে এবং নিজের কমনসেন্সের যথাযথ ব্যবহার করতে হবে।",banglatoco,"সেন্টমার্টিনে পর্যটক নেই, জীববৈচিত্র্যে ফিরেছে প্রাণ, তবে স্থানীয়রা কষ্টে এখন পর্যটক নেই, তাই সেন্টমার্টিনের প্রকৃতি সেজেছে আপন রূপে। প্রবাল দ্বীপের জীববৈচিত্র্যও প্রাণ ফিরে পেয়েছে।অন্যসময় বছরে পর্যটকের জন্য খোলা থাকতো চারমাস। এই মৌসুম থেকে মাত্র দুইমাসের জন্য খোলা রাখার সিদ্ধান্ত সরকারের। সে অনুযায়ী ৩১ জানুয়ারী থেকে দশ মাসের জন্য পর্যটক নিষিদ্ধ করা হয়। বন্ধের প্রায় দুইমাস পর অনেকটা ইতিবাচক পরিবর্তন দ্বীপটিতে। সৈকতে নেই তেমন কোনো প্লাস্টিক। সৃষ্টি হচ্ছে নতুন নতুন প্রবাল। আবার প্রবালে জন্ম নিচ্ছে সামুদ্রিক উদ্ভিদও। জীববৈচিত্র পেয়েছে নতুন প্রাণ।কিন্তু কষ্টে আছে স্থানীয় মানুষ। পর্যটক বন্ধে সেন্টমার্টিনে যারা পর্যটনকেন্দ্রিক ব্যবসা করেন, গত দুই মাসের আয় দিয়ে সামনের দশ মাস কীভাবে চলবেন, সেই দুশ্চিন্তায় তারা। আবার যারা দিনমজুর বা উদ্বাস্তু তাদের অবস্থাও বেশ নাকাল। জীব বৈচিত্র বাঁচাতে গিয়ে জীবনকে হুমকির মধ্যে ফেলে দিবেন এটাকে কি পরিবেশ রক্ষা বলে, এটাই কি মানবতা ?",-1,-1,-1,-1,1,0,0,0,0,1
"ঠিকই আছে মানুষ বেশি দেখলে চাঙে উঠে গিয়ে সব পর্যটক স্থানের লোকেরা
",banglatoco,"সেন্টমার্টিনে পর্যটক নেই, জীববৈচিত্র্যে ফিরেছে প্রাণ, তবে স্থানীয়রা কষ্টে এখন পর্যটক নেই, তাই সেন্টমার্টিনের প্রকৃতি সেজেছে আপন রূপে। প্রবাল দ্বীপের জীববৈচিত্র্যও প্রাণ ফিরে পেয়েছে।অন্যসময় বছরে পর্যটকের জন্য খোলা থাকতো চারমাস। এই মৌসুম থেকে মাত্র দুইমাসের জন্য খোলা রাখার সিদ্ধান্ত সরকারের। সে অনুযায়ী ৩১ জানুয়ারী থেকে দশ মাসের জন্য পর্যটক নিষিদ্ধ করা হয়। বন্ধের প্রায় দুইমাস পর অনেকটা ইতিবাচক পরিবর্তন দ্বীপটিতে। সৈকতে নেই তেমন কোনো প্লাস্টিক। সৃষ্টি হচ্ছে নতুন নতুন প্রবাল। আবার প্রবালে জন্ম নিচ্ছে সামুদ্রিক উদ্ভিদও। জীববৈচিত্র পেয়েছে নতুন প্রাণ।কিন্তু কষ্টে আছে স্থানীয় মানুষ। পর্যটক বন্ধে সেন্টমার্টিনে যারা পর্যটনকেন্দ্রিক ব্যবসা করেন, গত দুই মাসের আয় দিয়ে সামনের দশ মাস কীভাবে চলবেন, সেই দুশ্চিন্তায় তারা। আবার যারা দিনমজুর বা উদ্বাস্তু তাদের অবস্থাও বেশ নাকাল। রাইট",-1,-1,-1,-1,1,0,0,0,0,1
সেন্ট মার্টিন জীববৈচিত্র‍্যের জন্য। স্থানীয় যারা আছেন তারা এই পর্যটনমুখী না হয়ে অন্য উপায়ে উপার্জনের চেষ্টা করেন।,banglatoco,"সেন্টমার্টিনে পর্যটক নেই, জীববৈচিত্র্যে ফিরেছে প্রাণ, তবে স্থানীয়রা কষ্টে এখন পর্যটক নেই, তাই সেন্টমার্টিনের প্রকৃতি সেজেছে আপন রূপে। প্রবাল দ্বীপের জীববৈচিত্র্যও প্রাণ ফিরে পেয়েছে।অন্যসময় বছরে পর্যটকের জন্য খোলা থাকতো চারমাস। এই মৌসুম থেকে মাত্র দুইমাসের জন্য খোলা রাখার সিদ্ধান্ত সরকারের। সে অনুযায়ী ৩১ জানুয়ারী থেকে দশ মাসের জন্য পর্যটক নিষিদ্ধ করা হয়। বন্ধের প্রায় দুইমাস পর অনেকটা ইতিবাচক পরিবর্তন দ্বীপটিতে। সৈকতে নেই তেমন কোনো প্লাস্টিক। সৃষ্টি হচ্ছে নতুন নতুন প্রবাল। আবার প্রবালে জন্ম নিচ্ছে সামুদ্রিক উদ্ভিদও। জীববৈচিত্র পেয়েছে নতুন প্রাণ।কিন্তু কষ্টে আছে স্থানীয় মানুষ। পর্যটক বন্ধে সেন্টমার্টিনে যারা পর্যটনকেন্দ্রিক ব্যবসা করেন, গত দুই মাসের আয় দিয়ে সামনের দশ মাস কীভাবে চলবেন, সেই দুশ্চিন্তায় তারা। আবার যারা দিনমজুর বা উদ্বাস্তু তাদের অবস্থাও বেশ নাকাল।",-1,-1,-1,-1,0,0,0,0,0,1
কি ধরণের নিষ্ঠুরতা সেন্ট মার্টিনের এলাকাবাসীর জন্য @@ওদৈর জীবন জীবিকার প্রায় সব টুকু পর্যটন শিল্পের উপর নির্ভরশীল **@####,banglatoco,"সেন্টমার্টিনে পর্যটক নেই, জীববৈচিত্র্যে ফিরেছে প্রাণ, তবে স্থানীয়রা কষ্টে এখন পর্যটক নেই, তাই সেন্টমার্টিনের প্রকৃতি সেজেছে আপন রূপে। প্রবাল দ্বীপের জীববৈচিত্র্যও প্রাণ ফিরে পেয়েছে।অন্যসময় বছরে পর্যটকের জন্য খোলা থাকতো চারমাস। এই মৌসুম থেকে মাত্র দুইমাসের জন্য খোলা রাখার সিদ্ধান্ত সরকারের। সে অনুযায়ী ৩১ জানুয়ারী থেকে দশ মাসের জন্য পর্যটক নিষিদ্ধ করা হয়। বন্ধের প্রায় দুইমাস পর অনেকটা ইতিবাচক পরিবর্তন দ্বীপটিতে। সৈকতে নেই তেমন কোনো প্লাস্টিক। সৃষ্টি হচ্ছে নতুন নতুন প্রবাল। আবার প্রবালে জন্ম নিচ্ছে সামুদ্রিক উদ্ভিদও। জীববৈচিত্র পেয়েছে নতুন প্রাণ।কিন্তু কষ্টে আছে স্থানীয় মানুষ। পর্যটক বন্ধে সেন্টমার্টিনে যারা পর্যটনকেন্দ্রিক ব্যবসা করেন, গত দুই মাসের আয় দিয়ে সামনের দশ মাস কীভাবে চলবেন, সেই দুশ্চিন্তায় তারা। আবার যারা দিনমজুর বা উদ্বাস্তু তাদের অবস্থাও বেশ নাকাল।",-1,-1,-1,-1,0,0,0,0,0,1
"সেন্ট মার্টিনে যারা রিসর্ট ব্যবসা করে তারা সাজেক, সুনামগঞ্জ আর সুন্দরবনেও ব্যবসা করে। সারা বছর বসে থাকে না।",banglatoco,"সেন্টমার্টিনে পর্যটক নেই, জীববৈচিত্র্যে ফিরেছে প্রাণ, তবে স্থানীয়রা কষ্টে এখন পর্যটক নেই, তাই সেন্টমার্টিনের প্রকৃতি সেজেছে আপন রূপে। প্রবাল দ্বীপের জীববৈচিত্র্যও প্রাণ ফিরে পেয়েছে।অন্যসময় বছরে পর্যটকের জন্য খোলা থাকতো চারমাস। এই মৌসুম থেকে মাত্র দুইমাসের জন্য খোলা রাখার সিদ্ধান্ত সরকারের। সে অনুযায়ী ৩১ জানুয়ারী থেকে দশ মাসের জন্য পর্যটক নিষিদ্ধ করা হয়। বন্ধের প্রায় দুইমাস পর অনেকটা ইতিবাচক পরিবর্তন দ্বীপটিতে। সৈকতে নেই তেমন কোনো প্লাস্টিক। সৃষ্টি হচ্ছে নতুন নতুন প্রবাল। আবার প্রবালে জন্ম নিচ্ছে সামুদ্রিক উদ্ভিদও। জীববৈচিত্র পেয়েছে নতুন প্রাণ।কিন্তু কষ্টে আছে স্থানীয় মানুষ। পর্যটক বন্ধে সেন্টমার্টিনে যারা পর্যটনকেন্দ্রিক ব্যবসা করেন, গত দুই মাসের আয় দিয়ে সামনের দশ মাস কীভাবে চলবেন, সেই দুশ্চিন্তায় তারা। আবার যারা দিনমজুর বা উদ্বাস্তু তাদের অবস্থাও বেশ নাকাল।",-1,-1,-1,-1,0,0,0,0,0,1
দুরে গিয়া মর,banglatoco,"সেন্টমার্টিনে পর্যটক নেই, জীববৈচিত্র্যে ফিরেছে প্রাণ, তবে স্থানীয়রা কষ্টে এখন পর্যটক নেই, তাই সেন্টমার্টিনের প্রকৃতি সেজেছে আপন রূপে। প্রবাল দ্বীপের জীববৈচিত্র্যও প্রাণ ফিরে পেয়েছে।অন্যসময় বছরে পর্যটকের জন্য খোলা থাকতো চারমাস। এই মৌসুম থেকে মাত্র দুইমাসের জন্য খোলা রাখার সিদ্ধান্ত সরকারের। সে অনুযায়ী ৩১ জানুয়ারী থেকে দশ মাসের জন্য পর্যটক নিষিদ্ধ করা হয়। বন্ধের প্রায় দুইমাস পর অনেকটা ইতিবাচক পরিবর্তন দ্বীপটিতে। সৈকতে নেই তেমন কোনো প্লাস্টিক। সৃষ্টি হচ্ছে নতুন নতুন প্রবাল। আবার প্রবালে জন্ম নিচ্ছে সামুদ্রিক উদ্ভিদও। জীববৈচিত্র পেয়েছে নতুন প্রাণ।কিন্তু কষ্টে আছে স্থানীয় মানুষ। পর্যটক বন্ধে সেন্টমার্টিনে যারা পর্যটনকেন্দ্রিক ব্যবসা করেন, গত দুই মাসের আয় দিয়ে সামনের দশ মাস কীভাবে চলবেন, সেই দুশ্চিন্তায় তারা। আবার যারা দিনমজুর বা উদ্বাস্তু তাদের অবস্থাও বেশ নাকাল। শেখ হাসিনাতেই আস্থা ✊",-1,-1,-1,-1,1,0,0,0,0,1
পতীতা লীগের সদস্য,banglatoco,"সেন্টমার্টিনে পর্যটক নেই, জীববৈচিত্র্যে ফিরেছে প্রাণ, তবে স্থানীয়রা কষ্টে এখন পর্যটক নেই, তাই সেন্টমার্টিনের প্রকৃতি সেজেছে আপন রূপে। প্রবাল দ্বীপের জীববৈচিত্র্যও প্রাণ ফিরে পেয়েছে।অন্যসময় বছরে পর্যটকের জন্য খোলা থাকতো চারমাস। এই মৌসুম থেকে মাত্র দুইমাসের জন্য খোলা রাখার সিদ্ধান্ত সরকারের। সে অনুযায়ী ৩১ জানুয়ারী থেকে দশ মাসের জন্য পর্যটক নিষিদ্ধ করা হয়। বন্ধের প্রায় দুইমাস পর অনেকটা ইতিবাচক পরিবর্তন দ্বীপটিতে। সৈকতে নেই তেমন কোনো প্লাস্টিক। সৃষ্টি হচ্ছে নতুন নতুন প্রবাল। আবার প্রবালে জন্ম নিচ্ছে সামুদ্রিক উদ্ভিদও। জীববৈচিত্র পেয়েছে নতুন প্রাণ।কিন্তু কষ্টে আছে স্থানীয় মানুষ। পর্যটক বন্ধে সেন্টমার্টিনে যারা পর্যটনকেন্দ্রিক ব্যবসা করেন, গত দুই মাসের আয় দিয়ে সামনের দশ মাস কীভাবে চলবেন, সেই দুশ্চিন্তায় তারা। আবার যারা দিনমজুর বা উদ্বাস্তু তাদের অবস্থাও বেশ নাকাল। শেখ হাসিনাতেই আস্থা ✊",-1,-1,-1,-1,1,0,0,0,0,1
সেন্টমার্টিন কে পুনরায় চালু করে দেওয়া হোক।,banglatoco,"সেন্টমার্টিনে পর্যটক নেই, জীববৈচিত্র্যে ফিরেছে প্রাণ, তবে স্থানীয়রা কষ্টে এখন পর্যটক নেই, তাই সেন্টমার্টিনের প্রকৃতি সেজেছে আপন রূপে। প্রবাল দ্বীপের জীববৈচিত্র্যও প্রাণ ফিরে পেয়েছে।অন্যসময় বছরে পর্যটকের জন্য খোলা থাকতো চারমাস। এই মৌসুম থেকে মাত্র দুইমাসের জন্য খোলা রাখার সিদ্ধান্ত সরকারের। সে অনুযায়ী ৩১ জানুয়ারী থেকে দশ মাসের জন্য পর্যটক নিষিদ্ধ করা হয়। বন্ধের প্রায় দুইমাস পর অনেকটা ইতিবাচক পরিবর্তন দ্বীপটিতে। সৈকতে নেই তেমন কোনো প্লাস্টিক। সৃষ্টি হচ্ছে নতুন নতুন প্রবাল। আবার প্রবালে জন্ম নিচ্ছে সামুদ্রিক উদ্ভিদও। জীববৈচিত্র পেয়েছে নতুন প্রাণ।কিন্তু কষ্টে আছে স্থানীয় মানুষ। পর্যটক বন্ধে সেন্টমার্টিনে যারা পর্যটনকেন্দ্রিক ব্যবসা করেন, গত দুই মাসের আয় দিয়ে সামনের দশ মাস কীভাবে চলবেন, সেই দুশ্চিন্তায় তারা। আবার যারা দিনমজুর বা উদ্বাস্তু তাদের অবস্থাও বেশ নাকাল।",-1,-1,-1,-1,0,0,0,0,0,1
এটা তো আমেরিকার। ফুল স্টপ করেছে।,banglatoco,"সেন্টমার্টিনে পর্যটক নেই, জীববৈচিত্র্যে ফিরেছে প্রাণ, তবে স্থানীয়রা কষ্টে এখন পর্যটক নেই, তাই সেন্টমার্টিনের প্রকৃতি সেজেছে আপন রূপে। প্রবাল দ্বীপের জীববৈচিত্র্যও প্রাণ ফিরে পেয়েছে।অন্যসময় বছরে পর্যটকের জন্য খোলা থাকতো চারমাস। এই মৌসুম থেকে মাত্র দুইমাসের জন্য খোলা রাখার সিদ্ধান্ত সরকারের। সে অনুযায়ী ৩১ জানুয়ারী থেকে দশ মাসের জন্য পর্যটক নিষিদ্ধ করা হয়। বন্ধের প্রায় দুইমাস পর অনেকটা ইতিবাচক পরিবর্তন দ্বীপটিতে। সৈকতে নেই তেমন কোনো প্লাস্টিক। সৃষ্টি হচ্ছে নতুন নতুন প্রবাল। আবার প্রবালে জন্ম নিচ্ছে সামুদ্রিক উদ্ভিদও। জীববৈচিত্র পেয়েছে নতুন প্রাণ।কিন্তু কষ্টে আছে স্থানীয় মানুষ। পর্যটক বন্ধে সেন্টমার্টিনে যারা পর্যটনকেন্দ্রিক ব্যবসা করেন, গত দুই মাসের আয় দিয়ে সামনের দশ মাস কীভাবে চলবেন, সেই দুশ্চিন্তায় তারা। আবার যারা দিনমজুর বা উদ্বাস্তু তাদের অবস্থাও বেশ নাকাল।",-1,-1,-1,-1,1,0,0,0,0,1
"এটা চাইলে দুই মাস বন্ধ দুই মাস খোলা আবার দুই মাস বন্ধ আবার দুই মাস খোলা, এভাবে চালাতে পারে।",banglatoco,"সেন্টমার্টিনে পর্যটক নেই, জীববৈচিত্র্যে ফিরেছে প্রাণ, তবে স্থানীয়রা কষ্টে এখন পর্যটক নেই, তাই সেন্টমার্টিনের প্রকৃতি সেজেছে আপন রূপে। প্রবাল দ্বীপের জীববৈচিত্র্যও প্রাণ ফিরে পেয়েছে।অন্যসময় বছরে পর্যটকের জন্য খোলা থাকতো চারমাস। এই মৌসুম থেকে মাত্র দুইমাসের জন্য খোলা রাখার সিদ্ধান্ত সরকারের। সে অনুযায়ী ৩১ জানুয়ারী থেকে দশ মাসের জন্য পর্যটক নিষিদ্ধ করা হয়। বন্ধের প্রায় দুইমাস পর অনেকটা ইতিবাচক পরিবর্তন দ্বীপটিতে। সৈকতে নেই তেমন কোনো প্লাস্টিক। সৃষ্টি হচ্ছে নতুন নতুন প্রবাল। আবার প্রবালে জন্ম নিচ্ছে সামুদ্রিক উদ্ভিদও। জীববৈচিত্র পেয়েছে নতুন প্রাণ।কিন্তু কষ্টে আছে স্থানীয় মানুষ। পর্যটক বন্ধে সেন্টমার্টিনে যারা পর্যটনকেন্দ্রিক ব্যবসা করেন, গত দুই মাসের আয় দিয়ে সামনের দশ মাস কীভাবে চলবেন, সেই দুশ্চিন্তায় তারা। আবার যারা দিনমজুর বা উদ্বাস্তু তাদের অবস্থাও বেশ নাকাল। এইটাই করবে পরে।",-1,-1,-1,-1,0,0,0,0,0,1
কক্সবাজার ভ্রমনে দ্রুত নিষেধাজ্ঞা জারি হোক। পরিবেশে প্রাণ ফিরে আসুক,banglatoco,"সেন্টমার্টিনে পর্যটক নেই, জীববৈচিত্র্যে ফিরেছে প্রাণ, তবে স্থানীয়রা কষ্টে এখন পর্যটক নেই, তাই সেন্টমার্টিনের প্রকৃতি সেজেছে আপন রূপে। প্রবাল দ্বীপের জীববৈচিত্র্যও প্রাণ ফিরে পেয়েছে।অন্যসময় বছরে পর্যটকের জন্য খোলা থাকতো চারমাস। এই মৌসুম থেকে মাত্র দুইমাসের জন্য খোলা রাখার সিদ্ধান্ত সরকারের। সে অনুযায়ী ৩১ জানুয়ারী থেকে দশ মাসের জন্য পর্যটক নিষিদ্ধ করা হয়। বন্ধের প্রায় দুইমাস পর অনেকটা ইতিবাচক পরিবর্তন দ্বীপটিতে। সৈকতে নেই তেমন কোনো প্লাস্টিক। সৃষ্টি হচ্ছে নতুন নতুন প্রবাল। আবার প্রবালে জন্ম নিচ্ছে সামুদ্রিক উদ্ভিদও। জীববৈচিত্র পেয়েছে নতুন প্রাণ।কিন্তু কষ্টে আছে স্থানীয় মানুষ। পর্যটক বন্ধে সেন্টমার্টিনে যারা পর্যটনকেন্দ্রিক ব্যবসা করেন, গত দুই মাসের আয় দিয়ে সামনের দশ মাস কীভাবে চলবেন, সেই দুশ্চিন্তায় তারা। আবার যারা দিনমজুর বা উদ্বাস্তু তাদের অবস্থাও বেশ নাকাল।",-1,-1,-1,-1,0,0,0,0,0,1
সেন্টমার্টিন দ্বীপ ভ্রমণ নিষেধাজ্ঞা তুলে নেওয়ার জন্য অনুরোধ জানাচ্ছি ঈদে যাওয়ার অনেক ইচ্ছা ছিল,banglatoco,"সেন্টমার্টিনে পর্যটক নেই, জীববৈচিত্র্যে ফিরেছে প্রাণ, তবে স্থানীয়রা কষ্টে এখন পর্যটক নেই, তাই সেন্টমার্টিনের প্রকৃতি সেজেছে আপন রূপে। প্রবাল দ্বীপের জীববৈচিত্র্যও প্রাণ ফিরে পেয়েছে।অন্যসময় বছরে পর্যটকের জন্য খোলা থাকতো চারমাস। এই মৌসুম থেকে মাত্র দুইমাসের জন্য খোলা রাখার সিদ্ধান্ত সরকারের। সে অনুযায়ী ৩১ জানুয়ারী থেকে দশ মাসের জন্য পর্যটক নিষিদ্ধ করা হয়। বন্ধের প্রায় দুইমাস পর অনেকটা ইতিবাচক পরিবর্তন দ্বীপটিতে। সৈকতে নেই তেমন কোনো প্লাস্টিক। সৃষ্টি হচ্ছে নতুন নতুন প্রবাল। আবার প্রবালে জন্ম নিচ্ছে সামুদ্রিক উদ্ভিদও। জীববৈচিত্র পেয়েছে নতুন প্রাণ।কিন্তু কষ্টে আছে স্থানীয় মানুষ। পর্যটক বন্ধে সেন্টমার্টিনে যারা পর্যটনকেন্দ্রিক ব্যবসা করেন, গত দুই মাসের আয় দিয়ে সামনের দশ মাস কীভাবে চলবেন, সেই দুশ্চিন্তায় তারা। আবার যারা দিনমজুর বা উদ্বাস্তু তাদের অবস্থাও বেশ নাকাল।",-1,-1,-1,-1,0,0,0,0,0,1
মাছ ধরে খাক আপাততঃ।এগুলো যে বদমাশ - পর্যটনের অনুপযুক্ত।,banglatoco,"সেন্টমার্টিনে পর্যটক নেই, জীববৈচিত্র্যে ফিরেছে প্রাণ, তবে স্থানীয়রা কষ্টে এখন পর্যটক নেই, তাই সেন্টমার্টিনের প্রকৃতি সেজেছে আপন রূপে। প্রবাল দ্বীপের জীববৈচিত্র্যও প্রাণ ফিরে পেয়েছে।অন্যসময় বছরে পর্যটকের জন্য খোলা থাকতো চারমাস। এই মৌসুম থেকে মাত্র দুইমাসের জন্য খোলা রাখার সিদ্ধান্ত সরকারের। সে অনুযায়ী ৩১ জানুয়ারী থেকে দশ মাসের জন্য পর্যটক নিষিদ্ধ করা হয়। বন্ধের প্রায় দুইমাস পর অনেকটা ইতিবাচক পরিবর্তন দ্বীপটিতে। সৈকতে নেই তেমন কোনো প্লাস্টিক। সৃষ্টি হচ্ছে নতুন নতুন প্রবাল। আবার প্রবালে জন্ম নিচ্ছে সামুদ্রিক উদ্ভিদও। জীববৈচিত্র পেয়েছে নতুন প্রাণ।কিন্তু কষ্টে আছে স্থানীয় মানুষ। পর্যটক বন্ধে সেন্টমার্টিনে যারা পর্যটনকেন্দ্রিক ব্যবসা করেন, গত দুই মাসের আয় দিয়ে সামনের দশ মাস কীভাবে চলবেন, সেই দুশ্চিন্তায় তারা। আবার যারা দিনমজুর বা উদ্বাস্তু তাদের অবস্থাও বেশ নাকাল।",-1,-1,-1,-1,1,0,0,0,0,1
"২ মাস যা ইনকাম করে, তা দিয়ে চলতে পারবে ৬,৭ মাস,তবে অন্য কোন উপায় বাহির করা প্রায় জীবিকা",banglatoco,"সেন্টমার্টিনে পর্যটক নেই, জীববৈচিত্র্যে ফিরেছে প্রাণ, তবে স্থানীয়রা কষ্টে এখন পর্যটক নেই, তাই সেন্টমার্টিনের প্রকৃতি সেজেছে আপন রূপে। প্রবাল দ্বীপের জীববৈচিত্র্যও প্রাণ ফিরে পেয়েছে।অন্যসময় বছরে পর্যটকের জন্য খোলা থাকতো চারমাস। এই মৌসুম থেকে মাত্র দুইমাসের জন্য খোলা রাখার সিদ্ধান্ত সরকারের। সে অনুযায়ী ৩১ জানুয়ারী থেকে দশ মাসের জন্য পর্যটক নিষিদ্ধ করা হয়। বন্ধের প্রায় দুইমাস পর অনেকটা ইতিবাচক পরিবর্তন দ্বীপটিতে। সৈকতে নেই তেমন কোনো প্লাস্টিক। সৃষ্টি হচ্ছে নতুন নতুন প্রবাল। আবার প্রবালে জন্ম নিচ্ছে সামুদ্রিক উদ্ভিদও। জীববৈচিত্র পেয়েছে নতুন প্রাণ।কিন্তু কষ্টে আছে স্থানীয় মানুষ। পর্যটক বন্ধে সেন্টমার্টিনে যারা পর্যটনকেন্দ্রিক ব্যবসা করেন, গত দুই মাসের আয় দিয়ে সামনের দশ মাস কীভাবে চলবেন, সেই দুশ্চিন্তায় তারা। আবার যারা দিনমজুর বা উদ্বাস্তু তাদের অবস্থাও বেশ নাকাল।",-1,-1,-1,-1,0,0,0,0,0,1
ভালো কিছু পেতে গেলে অপেক্ষা করতে হবে,banglatoco,"সেন্টমার্টিনে পর্যটক নেই, জীববৈচিত্র্যে ফিরেছে প্রাণ, তবে স্থানীয়রা কষ্টে এখন পর্যটক নেই, তাই সেন্টমার্টিনের প্রকৃতি সেজেছে আপন রূপে। প্রবাল দ্বীপের জীববৈচিত্র্যও প্রাণ ফিরে পেয়েছে।অন্যসময় বছরে পর্যটকের জন্য খোলা থাকতো চারমাস। এই মৌসুম থেকে মাত্র দুইমাসের জন্য খোলা রাখার সিদ্ধান্ত সরকারের। সে অনুযায়ী ৩১ জানুয়ারী থেকে দশ মাসের জন্য পর্যটক নিষিদ্ধ করা হয়। বন্ধের প্রায় দুইমাস পর অনেকটা ইতিবাচক পরিবর্তন দ্বীপটিতে। সৈকতে নেই তেমন কোনো প্লাস্টিক। সৃষ্টি হচ্ছে নতুন নতুন প্রবাল। আবার প্রবালে জন্ম নিচ্ছে সামুদ্রিক উদ্ভিদও। জীববৈচিত্র পেয়েছে নতুন প্রাণ।কিন্তু কষ্টে আছে স্থানীয় মানুষ। পর্যটক বন্ধে সেন্টমার্টিনে যারা পর্যটনকেন্দ্রিক ব্যবসা করেন, গত দুই মাসের আয় দিয়ে সামনের দশ মাস কীভাবে চলবেন, সেই দুশ্চিন্তায় তারা। আবার যারা দিনমজুর বা উদ্বাস্তু তাদের অবস্থাও বেশ নাকাল।",-1,-1,-1,-1,0,0,0,0,0,1
"প্রশাসনের স‌ঠিক তদারকীর মাধ‌্যম‌ে পর্যটক ও স্হানীয় উভয়ের উপকার যাত‌ে হয় স‌ে‌দিক‌ে লক্ষ রাখা উচিত,,,,",banglatoco,"সেন্টমার্টিনে পর্যটক নেই, জীববৈচিত্র্যে ফিরেছে প্রাণ, তবে স্থানীয়রা কষ্টে এখন পর্যটক নেই, তাই সেন্টমার্টিনের প্রকৃতি সেজেছে আপন রূপে। প্রবাল দ্বীপের জীববৈচিত্র্যও প্রাণ ফিরে পেয়েছে।অন্যসময় বছরে পর্যটকের জন্য খোলা থাকতো চারমাস। এই মৌসুম থেকে মাত্র দুইমাসের জন্য খোলা রাখার সিদ্ধান্ত সরকারের। সে অনুযায়ী ৩১ জানুয়ারী থেকে দশ মাসের জন্য পর্যটক নিষিদ্ধ করা হয়। বন্ধের প্রায় দুইমাস পর অনেকটা ইতিবাচক পরিবর্তন দ্বীপটিতে। সৈকতে নেই তেমন কোনো প্লাস্টিক। সৃষ্টি হচ্ছে নতুন নতুন প্রবাল। আবার প্রবালে জন্ম নিচ্ছে সামুদ্রিক উদ্ভিদও। জীববৈচিত্র পেয়েছে নতুন প্রাণ।কিন্তু কষ্টে আছে স্থানীয় মানুষ। পর্যটক বন্ধে সেন্টমার্টিনে যারা পর্যটনকেন্দ্রিক ব্যবসা করেন, গত দুই মাসের আয় দিয়ে সামনের দশ মাস কীভাবে চলবেন, সেই দুশ্চিন্তায় তারা। আবার যারা দিনমজুর বা উদ্বাস্তু তাদের অবস্থাও বেশ নাকাল।",-1,-1,-1,-1,0,0,0,0,0,1
"ইনশাআল্লাহ, কোরবানি ঈদের পরে কক্সবাজার যাব ভাই প্লিজ এর আগে সেন্টমার্টিনটা খুইলা দিয়েন। ধন্যবাদ🙏",banglatoco,"সেন্টমার্টিনে পর্যটক নেই, জীববৈচিত্র্যে ফিরেছে প্রাণ, তবে স্থানীয়রা কষ্টে এখন পর্যটক নেই, তাই সেন্টমার্টিনের প্রকৃতি সেজেছে আপন রূপে। প্রবাল দ্বীপের জীববৈচিত্র্যও প্রাণ ফিরে পেয়েছে।অন্যসময় বছরে পর্যটকের জন্য খোলা থাকতো চারমাস। এই মৌসুম থেকে মাত্র দুইমাসের জন্য খোলা রাখার সিদ্ধান্ত সরকারের। সে অনুযায়ী ৩১ জানুয়ারী থেকে দশ মাসের জন্য পর্যটক নিষিদ্ধ করা হয়। বন্ধের প্রায় দুইমাস পর অনেকটা ইতিবাচক পরিবর্তন দ্বীপটিতে। সৈকতে নেই তেমন কোনো প্লাস্টিক। সৃষ্টি হচ্ছে নতুন নতুন প্রবাল। আবার প্রবালে জন্ম নিচ্ছে সামুদ্রিক উদ্ভিদও। জীববৈচিত্র পেয়েছে নতুন প্রাণ।কিন্তু কষ্টে আছে স্থানীয় মানুষ। পর্যটক বন্ধে সেন্টমার্টিনে যারা পর্যটনকেন্দ্রিক ব্যবসা করেন, গত দুই মাসের আয় দিয়ে সামনের দশ মাস কীভাবে চলবেন, সেই দুশ্চিন্তায় তারা। আবার যারা দিনমজুর বা উদ্বাস্তু তাদের অবস্থাও বেশ নাকাল।",-1,-1,-1,-1,0,0,0,0,0,1
আমি গিয়ে ছিলাম নিষেধাজ্ঞার একদিন আগে,banglatoco,"সেন্টমার্টিনে পর্যটক নেই, জীববৈচিত্র্যে ফিরেছে প্রাণ, তবে স্থানীয়রা কষ্টে এখন পর্যটক নেই, তাই সেন্টমার্টিনের প্রকৃতি সেজেছে আপন রূপে। প্রবাল দ্বীপের জীববৈচিত্র্যও প্রাণ ফিরে পেয়েছে।অন্যসময় বছরে পর্যটকের জন্য খোলা থাকতো চারমাস। এই মৌসুম থেকে মাত্র দুইমাসের জন্য খোলা রাখার সিদ্ধান্ত সরকারের। সে অনুযায়ী ৩১ জানুয়ারী থেকে দশ মাসের জন্য পর্যটক নিষিদ্ধ করা হয়। বন্ধের প্রায় দুইমাস পর অনেকটা ইতিবাচক পরিবর্তন দ্বীপটিতে। সৈকতে নেই তেমন কোনো প্লাস্টিক। সৃষ্টি হচ্ছে নতুন নতুন প্রবাল। আবার প্রবালে জন্ম নিচ্ছে সামুদ্রিক উদ্ভিদও। জীববৈচিত্র পেয়েছে নতুন প্রাণ।কিন্তু কষ্টে আছে স্থানীয় মানুষ। পর্যটক বন্ধে সেন্টমার্টিনে যারা পর্যটনকেন্দ্রিক ব্যবসা করেন, গত দুই মাসের আয় দিয়ে সামনের দশ মাস কীভাবে চলবেন, সেই দুশ্চিন্তায় তারা। আবার যারা দিনমজুর বা উদ্বাস্তু তাদের অবস্থাও বেশ নাকাল।",-1,-1,-1,-1,0,0,0,0,0,1
বন‌্যা আফা ওখা‌নে রা‌সেল ভাইপার চাষ কর‌বে !,banglatoco,"সেন্টমার্টিনে পর্যটক নেই, জীববৈচিত্র্যে ফিরেছে প্রাণ, তবে স্থানীয়রা কষ্টে এখন পর্যটক নেই, তাই সেন্টমার্টিনের প্রকৃতি সেজেছে আপন রূপে। প্রবাল দ্বীপের জীববৈচিত্র্যও প্রাণ ফিরে পেয়েছে।অন্যসময় বছরে পর্যটকের জন্য খোলা থাকতো চারমাস। এই মৌসুম থেকে মাত্র দুইমাসের জন্য খোলা রাখার সিদ্ধান্ত সরকারের। সে অনুযায়ী ৩১ জানুয়ারী থেকে দশ মাসের জন্য পর্যটক নিষিদ্ধ করা হয়। বন্ধের প্রায় দুইমাস পর অনেকটা ইতিবাচক পরিবর্তন দ্বীপটিতে। সৈকতে নেই তেমন কোনো প্লাস্টিক। সৃষ্টি হচ্ছে নতুন নতুন প্রবাল। আবার প্রবালে জন্ম নিচ্ছে সামুদ্রিক উদ্ভিদও। জীববৈচিত্র পেয়েছে নতুন প্রাণ।কিন্তু কষ্টে আছে স্থানীয় মানুষ। পর্যটক বন্ধে সেন্টমার্টিনে যারা পর্যটনকেন্দ্রিক ব্যবসা করেন, গত দুই মাসের আয় দিয়ে সামনের দশ মাস কীভাবে চলবেন, সেই দুশ্চিন্তায় তারা। আবার যারা দিনমজুর বা উদ্বাস্তু তাদের অবস্থাও বেশ নাকাল।",-1,-1,-1,-1,1,0,0,0,0,1
কোশ্চেন ওইখানে মানুষগুলো স্থানীয় কিভাবে হইছে? ওটাতো একটা দ্বীপ।,banglatoco,"সেন্টমার্টিনে পর্যটক নেই, জীববৈচিত্র্যে ফিরেছে প্রাণ, তবে স্থানীয়রা কষ্টে এখন পর্যটক নেই, তাই সেন্টমার্টিনের প্রকৃতি সেজেছে আপন রূপে। প্রবাল দ্বীপের জীববৈচিত্র্যও প্রাণ ফিরে পেয়েছে।অন্যসময় বছরে পর্যটকের জন্য খোলা থাকতো চারমাস। এই মৌসুম থেকে মাত্র দুইমাসের জন্য খোলা রাখার সিদ্ধান্ত সরকারের। সে অনুযায়ী ৩১ জানুয়ারী থেকে দশ মাসের জন্য পর্যটক নিষিদ্ধ করা হয়। বন্ধের প্রায় দুইমাস পর অনেকটা ইতিবাচক পরিবর্তন দ্বীপটিতে। সৈকতে নেই তেমন কোনো প্লাস্টিক। সৃষ্টি হচ্ছে নতুন নতুন প্রবাল। আবার প্রবালে জন্ম নিচ্ছে সামুদ্রিক উদ্ভিদও। জীববৈচিত্র পেয়েছে নতুন প্রাণ।কিন্তু কষ্টে আছে স্থানীয় মানুষ। পর্যটক বন্ধে সেন্টমার্টিনে যারা পর্যটনকেন্দ্রিক ব্যবসা করেন, গত দুই মাসের আয় দিয়ে সামনের দশ মাস কীভাবে চলবেন, সেই দুশ্চিন্তায় তারা। আবার যারা দিনমজুর বা উদ্বাস্তু তাদের অবস্থাও বেশ নাকাল।",-1,-1,-1,-1,0,0,0,0,0,1
টিভি চ্যানেলের সাংবাদিকদের কি কোন কাজ নেই?,banglatoco,"সেন্টমার্টিনে পর্যটক নেই, জীববৈচিত্র্যে ফিরেছে প্রাণ, তবে স্থানীয়রা কষ্টে এখন পর্যটক নেই, তাই সেন্টমার্টিনের প্রকৃতি সেজেছে আপন রূপে। প্রবাল দ্বীপের জীববৈচিত্র্যও প্রাণ ফিরে পেয়েছে।অন্যসময় বছরে পর্যটকের জন্য খোলা থাকতো চারমাস। এই মৌসুম থেকে মাত্র দুইমাসের জন্য খোলা রাখার সিদ্ধান্ত সরকারের। সে অনুযায়ী ৩১ জানুয়ারী থেকে দশ মাসের জন্য পর্যটক নিষিদ্ধ করা হয়। বন্ধের প্রায় দুইমাস পর অনেকটা ইতিবাচক পরিবর্তন দ্বীপটিতে। সৈকতে নেই তেমন কোনো প্লাস্টিক। সৃষ্টি হচ্ছে নতুন নতুন প্রবাল। আবার প্রবালে জন্ম নিচ্ছে সামুদ্রিক উদ্ভিদও। জীববৈচিত্র পেয়েছে নতুন প্রাণ।কিন্তু কষ্টে আছে স্থানীয় মানুষ। পর্যটক বন্ধে সেন্টমার্টিনে যারা পর্যটনকেন্দ্রিক ব্যবসা করেন, গত দুই মাসের আয় দিয়ে সামনের দশ মাস কীভাবে চলবেন, সেই দুশ্চিন্তায় তারা। আবার যারা দিনমজুর বা উদ্বাস্তু তাদের অবস্থাও বেশ নাকাল।",-1,-1,-1,-1,1,0,0,0,0,1
"ওখানকার স্থানীয়দের অনেক কষ্ট, একটু খোঁজ খবর নেওয়া উচিত ☑️",banglatoco,"সেন্টমার্টিনে পর্যটক নেই, জীববৈচিত্র্যে ফিরেছে প্রাণ, তবে স্থানীয়রা কষ্টে এখন পর্যটক নেই, তাই সেন্টমার্টিনের প্রকৃতি সেজেছে আপন রূপে। প্রবাল দ্বীপের জীববৈচিত্র্যও প্রাণ ফিরে পেয়েছে।অন্যসময় বছরে পর্যটকের জন্য খোলা থাকতো চারমাস। এই মৌসুম থেকে মাত্র দুইমাসের জন্য খোলা রাখার সিদ্ধান্ত সরকারের। সে অনুযায়ী ৩১ জানুয়ারী থেকে দশ মাসের জন্য পর্যটক নিষিদ্ধ করা হয়। বন্ধের প্রায় দুইমাস পর অনেকটা ইতিবাচক পরিবর্তন দ্বীপটিতে। সৈকতে নেই তেমন কোনো প্লাস্টিক। সৃষ্টি হচ্ছে নতুন নতুন প্রবাল। আবার প্রবালে জন্ম নিচ্ছে সামুদ্রিক উদ্ভিদও। জীববৈচিত্র পেয়েছে নতুন প্রাণ।কিন্তু কষ্টে আছে স্থানীয় মানুষ। পর্যটক বন্ধে সেন্টমার্টিনে যারা পর্যটনকেন্দ্রিক ব্যবসা করেন, গত দুই মাসের আয় দিয়ে সামনের দশ মাস কীভাবে চলবেন, সেই দুশ্চিন্তায় তারা। আবার যারা দিনমজুর বা উদ্বাস্তু তাদের অবস্থাও বেশ নাকাল।",-1,-1,-1,-1,0,0,0,0,0,1
একটা টিকলে আরেক টা ছুটে যায়,banglatoco,"সেন্টমার্টিনে পর্যটক নেই, জীববৈচিত্র্যে ফিরেছে প্রাণ, তবে স্থানীয়রা কষ্টে এখন পর্যটক নেই, তাই সেন্টমার্টিনের প্রকৃতি সেজেছে আপন রূপে। প্রবাল দ্বীপের জীববৈচিত্র্যও প্রাণ ফিরে পেয়েছে।অন্যসময় বছরে পর্যটকের জন্য খোলা থাকতো চারমাস। এই মৌসুম থেকে মাত্র দুইমাসের জন্য খোলা রাখার সিদ্ধান্ত সরকারের। সে অনুযায়ী ৩১ জানুয়ারী থেকে দশ মাসের জন্য পর্যটক নিষিদ্ধ করা হয়। বন্ধের প্রায় দুইমাস পর অনেকটা ইতিবাচক পরিবর্তন দ্বীপটিতে। সৈকতে নেই তেমন কোনো প্লাস্টিক। সৃষ্টি হচ্ছে নতুন নতুন প্রবাল। আবার প্রবালে জন্ম নিচ্ছে সামুদ্রিক উদ্ভিদও। জীববৈচিত্র পেয়েছে নতুন প্রাণ।কিন্তু কষ্টে আছে স্থানীয় মানুষ। পর্যটক বন্ধে সেন্টমার্টিনে যারা পর্যটনকেন্দ্রিক ব্যবসা করেন, গত দুই মাসের আয় দিয়ে সামনের দশ মাস কীভাবে চলবেন, সেই দুশ্চিন্তায় তারা। আবার যারা দিনমজুর বা উদ্বাস্তু তাদের অবস্থাও বেশ নাকাল।",-1,-1,-1,-1,0,0,0,0,0,1
আহারে সুন্দর জায়গাটা অসুন্দর হয়ে যাচ্ছে নাকি,banglatoco,"সেন্টমার্টিনে পর্যটক নেই, জীববৈচিত্র্যে ফিরেছে প্রাণ, তবে স্থানীয়রা কষ্টে এখন পর্যটক নেই, তাই সেন্টমার্টিনের প্রকৃতি সেজেছে আপন রূপে। প্রবাল দ্বীপের জীববৈচিত্র্যও প্রাণ ফিরে পেয়েছে।অন্যসময় বছরে পর্যটকের জন্য খোলা থাকতো চারমাস। এই মৌসুম থেকে মাত্র দুইমাসের জন্য খোলা রাখার সিদ্ধান্ত সরকারের। সে অনুযায়ী ৩১ জানুয়ারী থেকে দশ মাসের জন্য পর্যটক নিষিদ্ধ করা হয়। বন্ধের প্রায় দুইমাস পর অনেকটা ইতিবাচক পরিবর্তন দ্বীপটিতে। সৈকতে নেই তেমন কোনো প্লাস্টিক। সৃষ্টি হচ্ছে নতুন নতুন প্রবাল। আবার প্রবালে জন্ম নিচ্ছে সামুদ্রিক উদ্ভিদও। জীববৈচিত্র পেয়েছে নতুন প্রাণ।কিন্তু কষ্টে আছে স্থানীয় মানুষ। পর্যটক বন্ধে সেন্টমার্টিনে যারা পর্যটনকেন্দ্রিক ব্যবসা করেন, গত দুই মাসের আয় দিয়ে সামনের দশ মাস কীভাবে চলবেন, সেই দুশ্চিন্তায় তারা। আবার যারা দিনমজুর বা উদ্বাস্তু তাদের অবস্থাও বেশ নাকাল।",-1,-1,-1,-1,0,0,0,0,0,1
রাইট,banglatoco,"সেন্টমার্টিনে পর্যটক নেই, জীববৈচিত্র্যে ফিরেছে প্রাণ, তবে স্থানীয়রা কষ্টে এখন পর্যটক নেই, তাই সেন্টমার্টিনের প্রকৃতি সেজেছে আপন রূপে। প্রবাল দ্বীপের জীববৈচিত্র্যও প্রাণ ফিরে পেয়েছে।অন্যসময় বছরে পর্যটকের জন্য খোলা থাকতো চারমাস। এই মৌসুম থেকে মাত্র দুইমাসের জন্য খোলা রাখার সিদ্ধান্ত সরকারের। সে অনুযায়ী ৩১ জানুয়ারী থেকে দশ মাসের জন্য পর্যটক নিষিদ্ধ করা হয়। বন্ধের প্রায় দুইমাস পর অনেকটা ইতিবাচক পরিবর্তন দ্বীপটিতে। সৈকতে নেই তেমন কোনো প্লাস্টিক। সৃষ্টি হচ্ছে নতুন নতুন প্রবাল। আবার প্রবালে জন্ম নিচ্ছে সামুদ্রিক উদ্ভিদও। জীববৈচিত্র পেয়েছে নতুন প্রাণ।কিন্তু কষ্টে আছে স্থানীয় মানুষ। পর্যটক বন্ধে সেন্টমার্টিনে যারা পর্যটনকেন্দ্রিক ব্যবসা করেন, গত দুই মাসের আয় দিয়ে সামনের দশ মাস কীভাবে চলবেন, সেই দুশ্চিন্তায় তারা। আবার যারা দিনমজুর বা উদ্বাস্তু তাদের অবস্থাও বেশ নাকাল।",-1,-1,-1,-1,0,0,0,0,0,1
সেন্টমার্টিন কি এখন খোলা?,banglatoco,"সেন্টমার্টিনে পর্যটক নেই, জীববৈচিত্র্যে ফিরেছে প্রাণ, তবে স্থানীয়রা কষ্টে এখন পর্যটক নেই, তাই সেন্টমার্টিনের প্রকৃতি সেজেছে আপন রূপে। প্রবাল দ্বীপের জীববৈচিত্র্যও প্রাণ ফিরে পেয়েছে।অন্যসময় বছরে পর্যটকের জন্য খোলা থাকতো চারমাস। এই মৌসুম থেকে মাত্র দুইমাসের জন্য খোলা রাখার সিদ্ধান্ত সরকারের। সে অনুযায়ী ৩১ জানুয়ারী থেকে দশ মাসের জন্য পর্যটক নিষিদ্ধ করা হয়। বন্ধের প্রায় দুইমাস পর অনেকটা ইতিবাচক পরিবর্তন দ্বীপটিতে। সৈকতে নেই তেমন কোনো প্লাস্টিক। সৃষ্টি হচ্ছে নতুন নতুন প্রবাল। আবার প্রবালে জন্ম নিচ্ছে সামুদ্রিক উদ্ভিদও। জীববৈচিত্র পেয়েছে নতুন প্রাণ।কিন্তু কষ্টে আছে স্থানীয় মানুষ। পর্যটক বন্ধে সেন্টমার্টিনে যারা পর্যটনকেন্দ্রিক ব্যবসা করেন, গত দুই মাসের আয় দিয়ে সামনের দশ মাস কীভাবে চলবেন, সেই দুশ্চিন্তায় তারা। আবার যারা দিনমজুর বা উদ্বাস্তু তাদের অবস্থাও বেশ নাকাল।",-1,-1,-1,-1,0,0,0,0,0,1
একটা ভিডিও নিউজ করেন।,banglatoco,"সেন্টমার্টিনে পর্যটক নেই, জীববৈচিত্র্যে ফিরেছে প্রাণ, তবে স্থানীয়রা কষ্টে এখন পর্যটক নেই, তাই সেন্টমার্টিনের প্রকৃতি সেজেছে আপন রূপে। প্রবাল দ্বীপের জীববৈচিত্র্যও প্রাণ ফিরে পেয়েছে।অন্যসময় বছরে পর্যটকের জন্য খোলা থাকতো চারমাস। এই মৌসুম থেকে মাত্র দুইমাসের জন্য খোলা রাখার সিদ্ধান্ত সরকারের। সে অনুযায়ী ৩১ জানুয়ারী থেকে দশ মাসের জন্য পর্যটক নিষিদ্ধ করা হয়। বন্ধের প্রায় দুইমাস পর অনেকটা ইতিবাচক পরিবর্তন দ্বীপটিতে। সৈকতে নেই তেমন কোনো প্লাস্টিক। সৃষ্টি হচ্ছে নতুন নতুন প্রবাল। আবার প্রবালে জন্ম নিচ্ছে সামুদ্রিক উদ্ভিদও। জীববৈচিত্র পেয়েছে নতুন প্রাণ।কিন্তু কষ্টে আছে স্থানীয় মানুষ। পর্যটক বন্ধে সেন্টমার্টিনে যারা পর্যটনকেন্দ্রিক ব্যবসা করেন, গত দুই মাসের আয় দিয়ে সামনের দশ মাস কীভাবে চলবেন, সেই দুশ্চিন্তায় তারা। আবার যারা দিনমজুর বা উদ্বাস্তু তাদের অবস্থাও বেশ নাকাল।",-1,-1,-1,-1,0,0,0,0,0,1
এ যায়গাটা যদি দুবাই হতো,banglatoco,"সেন্টমার্টিনে পর্যটক নেই, জীববৈচিত্র্যে ফিরেছে প্রাণ, তবে স্থানীয়রা কষ্টে এখন পর্যটক নেই, তাই সেন্টমার্টিনের প্রকৃতি সেজেছে আপন রূপে। প্রবাল দ্বীপের জীববৈচিত্র্যও প্রাণ ফিরে পেয়েছে।অন্যসময় বছরে পর্যটকের জন্য খোলা থাকতো চারমাস। এই মৌসুম থেকে মাত্র দুইমাসের জন্য খোলা রাখার সিদ্ধান্ত সরকারের। সে অনুযায়ী ৩১ জানুয়ারী থেকে দশ মাসের জন্য পর্যটক নিষিদ্ধ করা হয়। বন্ধের প্রায় দুইমাস পর অনেকটা ইতিবাচক পরিবর্তন দ্বীপটিতে। সৈকতে নেই তেমন কোনো প্লাস্টিক। সৃষ্টি হচ্ছে নতুন নতুন প্রবাল। আবার প্রবালে জন্ম নিচ্ছে সামুদ্রিক উদ্ভিদও। জীববৈচিত্র পেয়েছে নতুন প্রাণ।কিন্তু কষ্টে আছে স্থানীয় মানুষ। পর্যটক বন্ধে সেন্টমার্টিনে যারা পর্যটনকেন্দ্রিক ব্যবসা করেন, গত দুই মাসের আয় দিয়ে সামনের দশ মাস কীভাবে চলবেন, সেই দুশ্চিন্তায় তারা। আবার যারা দিনমজুর বা উদ্বাস্তু তাদের অবস্থাও বেশ নাকাল।",-1,-1,-1,-1,0,0,0,0,0,1
জাওয়ার খুবই ইচ্ছে,banglatoco,"সেন্টমার্টিনে পর্যটক নেই, জীববৈচিত্র্যে ফিরেছে প্রাণ, তবে স্থানীয়রা কষ্টে এখন পর্যটক নেই, তাই সেন্টমার্টিনের প্রকৃতি সেজেছে আপন রূপে। প্রবাল দ্বীপের জীববৈচিত্র্যও প্রাণ ফিরে পেয়েছে।অন্যসময় বছরে পর্যটকের জন্য খোলা থাকতো চারমাস। এই মৌসুম থেকে মাত্র দুইমাসের জন্য খোলা রাখার সিদ্ধান্ত সরকারের। সে অনুযায়ী ৩১ জানুয়ারী থেকে দশ মাসের জন্য পর্যটক নিষিদ্ধ করা হয়। বন্ধের প্রায় দুইমাস পর অনেকটা ইতিবাচক পরিবর্তন দ্বীপটিতে। সৈকতে নেই তেমন কোনো প্লাস্টিক। সৃষ্টি হচ্ছে নতুন নতুন প্রবাল। আবার প্রবালে জন্ম নিচ্ছে সামুদ্রিক উদ্ভিদও। জীববৈচিত্র পেয়েছে নতুন প্রাণ।কিন্তু কষ্টে আছে স্থানীয় মানুষ। পর্যটক বন্ধে সেন্টমার্টিনে যারা পর্যটনকেন্দ্রিক ব্যবসা করেন, গত দুই মাসের আয় দিয়ে সামনের দশ মাস কীভাবে চলবেন, সেই দুশ্চিন্তায় তারা। আবার যারা দিনমজুর বা উদ্বাস্তু তাদের অবস্থাও বেশ নাকাল।",-1,-1,-1,-1,0,0,0,0,0,1
ওরা খারাপ থাকে কিভাবে?? এতো বছর গুলোতো পর্যটকদের গলা কেটে যে টাকা উপার্জন করেছে তা কোথায় গেল..!!!,banglatoco,"সেন্টমার্টিনে পর্যটক নেই, জীববৈচিত্র্যে ফিরেছে প্রাণ, তবে স্থানীয়রা কষ্টে এখন পর্যটক নেই, তাই সেন্টমার্টিনের প্রকৃতি সেজেছে আপন রূপে। প্রবাল দ্বীপের জীববৈচিত্র্যও প্রাণ ফিরে পেয়েছে।অন্যসময় বছরে পর্যটকের জন্য খোলা থাকতো চারমাস। এই মৌসুম থেকে মাত্র দুইমাসের জন্য খোলা রাখার সিদ্ধান্ত সরকারের। সে অনুযায়ী ৩১ জানুয়ারী থেকে দশ মাসের জন্য পর্যটক নিষিদ্ধ করা হয়। বন্ধের প্রায় দুইমাস পর অনেকটা ইতিবাচক পরিবর্তন দ্বীপটিতে। সৈকতে নেই তেমন কোনো প্লাস্টিক। সৃষ্টি হচ্ছে নতুন নতুন প্রবাল। আবার প্রবালে জন্ম নিচ্ছে সামুদ্রিক উদ্ভিদও। জীববৈচিত্র পেয়েছে নতুন প্রাণ।কিন্তু কষ্টে আছে স্থানীয় মানুষ। পর্যটক বন্ধে সেন্টমার্টিনে যারা পর্যটনকেন্দ্রিক ব্যবসা করেন, গত দুই মাসের আয় দিয়ে সামনের দশ মাস কীভাবে চলবেন, সেই দুশ্চিন্তায় তারা। আবার যারা দিনমজুর বা উদ্বাস্তু তাদের অবস্থাও বেশ নাকাল।",-1,-1,-1,-1,0,0,0,0,0,1
আগে যেই যায়গায় হিসাব ছাড়া মানুষ যেতো সেখানে একটা নিধারিত একটা মানুষ যাওয়ার পারমেশন দেওয়া হক সেই যায়গায় ব্যাবসা বানিজ্য ধংস হয়ে যাচ্ছেআর কুকুর গুলা তো না খেয়ে মারা যাচ্ছে এভাবে চললে আর কয়দিন?,banglatoco,"সেন্টমার্টিনে পর্যটক নেই, জীববৈচিত্র্যে ফিরেছে প্রাণ, তবে স্থানীয়রা কষ্টে এখন পর্যটক নেই, তাই সেন্টমার্টিনের প্রকৃতি সেজেছে আপন রূপে। প্রবাল দ্বীপের জীববৈচিত্র্যও প্রাণ ফিরে পেয়েছে।অন্যসময় বছরে পর্যটকের জন্য খোলা থাকতো চারমাস। এই মৌসুম থেকে মাত্র দুইমাসের জন্য খোলা রাখার সিদ্ধান্ত সরকারের। সে অনুযায়ী ৩১ জানুয়ারী থেকে দশ মাসের জন্য পর্যটক নিষিদ্ধ করা হয়। বন্ধের প্রায় দুইমাস পর অনেকটা ইতিবাচক পরিবর্তন দ্বীপটিতে। সৈকতে নেই তেমন কোনো প্লাস্টিক। সৃষ্টি হচ্ছে নতুন নতুন প্রবাল। আবার প্রবালে জন্ম নিচ্ছে সামুদ্রিক উদ্ভিদও। জীববৈচিত্র পেয়েছে নতুন প্রাণ।কিন্তু কষ্টে আছে স্থানীয় মানুষ। পর্যটক বন্ধে সেন্টমার্টিনে যারা পর্যটনকেন্দ্রিক ব্যবসা করেন, গত দুই মাসের আয় দিয়ে সামনের দশ মাস কীভাবে চলবেন, সেই দুশ্চিন্তায় তারা। আবার যারা দিনমজুর বা উদ্বাস্তু তাদের অবস্থাও বেশ নাকাল।",-1,-1,-1,-1,0,0,0,0,0,1
"না থাকুক।অন্তত,জীববৈচিত্র ভালো থাকবে।",banglatoco,"সেন্টমার্টিনে পর্যটক নেই, জীববৈচিত্র্যে ফিরেছে প্রাণ, তবে স্থানীয়রা কষ্টে এখন পর্যটক নেই, তাই সেন্টমার্টিনের প্রকৃতি সেজেছে আপন রূপে। প্রবাল দ্বীপের জীববৈচিত্র্যও প্রাণ ফিরে পেয়েছে।অন্যসময় বছরে পর্যটকের জন্য খোলা থাকতো চারমাস। এই মৌসুম থেকে মাত্র দুইমাসের জন্য খোলা রাখার সিদ্ধান্ত সরকারের। সে অনুযায়ী ৩১ জানুয়ারী থেকে দশ মাসের জন্য পর্যটক নিষিদ্ধ করা হয়। বন্ধের প্রায় দুইমাস পর অনেকটা ইতিবাচক পরিবর্তন দ্বীপটিতে। সৈকতে নেই তেমন কোনো প্লাস্টিক। সৃষ্টি হচ্ছে নতুন নতুন প্রবাল। আবার প্রবালে জন্ম নিচ্ছে সামুদ্রিক উদ্ভিদও। জীববৈচিত্র পেয়েছে নতুন প্রাণ।কিন্তু কষ্টে আছে স্থানীয় মানুষ। পর্যটক বন্ধে সেন্টমার্টিনে যারা পর্যটনকেন্দ্রিক ব্যবসা করেন, গত দুই মাসের আয় দিয়ে সামনের দশ মাস কীভাবে চলবেন, সেই দুশ্চিন্তায় তারা। আবার যারা দিনমজুর বা উদ্বাস্তু তাদের অবস্থাও বেশ নাকাল।",-1,-1,-1,-1,0,0,0,0,0,1
হলুদ সাংবাদিক,banglatoco,"সেন্টমার্টিনে পর্যটক নেই, জীববৈচিত্র্যে ফিরেছে প্রাণ, তবে স্থানীয়রা কষ্টে এখন পর্যটক নেই, তাই সেন্টমার্টিনের প্রকৃতি সেজেছে আপন রূপে। প্রবাল দ্বীপের জীববৈচিত্র্যও প্রাণ ফিরে পেয়েছে।অন্যসময় বছরে পর্যটকের জন্য খোলা থাকতো চারমাস। এই মৌসুম থেকে মাত্র দুইমাসের জন্য খোলা রাখার সিদ্ধান্ত সরকারের। সে অনুযায়ী ৩১ জানুয়ারী থেকে দশ মাসের জন্য পর্যটক নিষিদ্ধ করা হয়। বন্ধের প্রায় দুইমাস পর অনেকটা ইতিবাচক পরিবর্তন দ্বীপটিতে। সৈকতে নেই তেমন কোনো প্লাস্টিক। সৃষ্টি হচ্ছে নতুন নতুন প্রবাল। আবার প্রবালে জন্ম নিচ্ছে সামুদ্রিক উদ্ভিদও। জীববৈচিত্র পেয়েছে নতুন প্রাণ।কিন্তু কষ্টে আছে স্থানীয় মানুষ। পর্যটক বন্ধে সেন্টমার্টিনে যারা পর্যটনকেন্দ্রিক ব্যবসা করেন, গত দুই মাসের আয় দিয়ে সামনের দশ মাস কীভাবে চলবেন, সেই দুশ্চিন্তায় তারা। আবার যারা দিনমজুর বা উদ্বাস্তু তাদের অবস্থাও বেশ নাকাল।",-1,-1,-1,-1,1,0,0,0,0,1
আলহামদুলিল্লাহ সব জায়গায় পর্যটক যাওয়ার দরকার নেই....,banglatoco,"সেন্টমার্টিনে পর্যটক নেই, জীববৈচিত্র্যে ফিরেছে প্রাণ, তবে স্থানীয়রা কষ্টে এখন পর্যটক নেই, তাই সেন্টমার্টিনের প্রকৃতি সেজেছে আপন রূপে। প্রবাল দ্বীপের জীববৈচিত্র্যও প্রাণ ফিরে পেয়েছে।অন্যসময় বছরে পর্যটকের জন্য খোলা থাকতো চারমাস। এই মৌসুম থেকে মাত্র দুইমাসের জন্য খোলা রাখার সিদ্ধান্ত সরকারের। সে অনুযায়ী ৩১ জানুয়ারী থেকে দশ মাসের জন্য পর্যটক নিষিদ্ধ করা হয়। বন্ধের প্রায় দুইমাস পর অনেকটা ইতিবাচক পরিবর্তন দ্বীপটিতে। সৈকতে নেই তেমন কোনো প্লাস্টিক। সৃষ্টি হচ্ছে নতুন নতুন প্রবাল। আবার প্রবালে জন্ম নিচ্ছে সামুদ্রিক উদ্ভিদও। জীববৈচিত্র পেয়েছে নতুন প্রাণ।কিন্তু কষ্টে আছে স্থানীয় মানুষ। পর্যটক বন্ধে সেন্টমার্টিনে যারা পর্যটনকেন্দ্রিক ব্যবসা করেন, গত দুই মাসের আয় দিয়ে সামনের দশ মাস কীভাবে চলবেন, সেই দুশ্চিন্তায় তারা। আবার যারা দিনমজুর বা উদ্বাস্তু তাদের অবস্থাও বেশ নাকাল।",-1,-1,-1,-1,0,0,0,0,0,1
স্হানীয় লোকদের লাভ কি লাভ হয় ব্যবসায়ীর,banglatoco,"সেন্টমার্টিনে পর্যটক নেই, জীববৈচিত্র্যে ফিরেছে প্রাণ, তবে স্থানীয়রা কষ্টে এখন পর্যটক নেই, তাই সেন্টমার্টিনের প্রকৃতি সেজেছে আপন রূপে। প্রবাল দ্বীপের জীববৈচিত্র্যও প্রাণ ফিরে পেয়েছে।অন্যসময় বছরে পর্যটকের জন্য খোলা থাকতো চারমাস। এই মৌসুম থেকে মাত্র দুইমাসের জন্য খোলা রাখার সিদ্ধান্ত সরকারের। সে অনুযায়ী ৩১ জানুয়ারী থেকে দশ মাসের জন্য পর্যটক নিষিদ্ধ করা হয়। বন্ধের প্রায় দুইমাস পর অনেকটা ইতিবাচক পরিবর্তন দ্বীপটিতে। সৈকতে নেই তেমন কোনো প্লাস্টিক। সৃষ্টি হচ্ছে নতুন নতুন প্রবাল। আবার প্রবালে জন্ম নিচ্ছে সামুদ্রিক উদ্ভিদও। জীববৈচিত্র পেয়েছে নতুন প্রাণ।কিন্তু কষ্টে আছে স্থানীয় মানুষ। পর্যটক বন্ধে সেন্টমার্টিনে যারা পর্যটনকেন্দ্রিক ব্যবসা করেন, গত দুই মাসের আয় দিয়ে সামনের দশ মাস কীভাবে চলবেন, সেই দুশ্চিন্তায় তারা। আবার যারা দিনমজুর বা উদ্বাস্তু তাদের অবস্থাও বেশ নাকাল।",-1,-1,-1,-1,0,0,0,0,0,1
ধন্যবাদ সরকারকে। স্থানীয়দের বিকল্প জীবিকার সুযোগ তৈরি করে দিয়ে হলে সেন্ট মার্টিনের জীব বৈচিত্র্য রক্ষা করতে হবে।,banglatoco,"সেন্টমার্টিনে পর্যটক নেই, জীববৈচিত্র্যে ফিরেছে প্রাণ, তবে স্থানীয়রা কষ্টে এখন পর্যটক নেই, তাই সেন্টমার্টিনের প্রকৃতি সেজেছে আপন রূপে। প্রবাল দ্বীপের জীববৈচিত্র্যও প্রাণ ফিরে পেয়েছে।অন্যসময় বছরে পর্যটকের জন্য খোলা থাকতো চারমাস। এই মৌসুম থেকে মাত্র দুইমাসের জন্য খোলা রাখার সিদ্ধান্ত সরকারের। সে অনুযায়ী ৩১ জানুয়ারী থেকে দশ মাসের জন্য পর্যটক নিষিদ্ধ করা হয়। বন্ধের প্রায় দুইমাস পর অনেকটা ইতিবাচক পরিবর্তন দ্বীপটিতে। সৈকতে নেই তেমন কোনো প্লাস্টিক। সৃষ্টি হচ্ছে নতুন নতুন প্রবাল। আবার প্রবালে জন্ম নিচ্ছে সামুদ্রিক উদ্ভিদও। জীববৈচিত্র পেয়েছে নতুন প্রাণ।কিন্তু কষ্টে আছে স্থানীয় মানুষ। পর্যটক বন্ধে সেন্টমার্টিনে যারা পর্যটনকেন্দ্রিক ব্যবসা করেন, গত দুই মাসের আয় দিয়ে সামনের দশ মাস কীভাবে চলবেন, সেই দুশ্চিন্তায় তারা। আবার যারা দিনমজুর বা উদ্বাস্তু তাদের অবস্থাও বেশ নাকাল।",-1,-1,-1,-1,0,0,0,0,0,1
স্থানীয়দের সরকারিভাবে অনুদান দেয়া উচিত।,banglatoco,"সেন্টমার্টিনে পর্যটক নেই, জীববৈচিত্র্যে ফিরেছে প্রাণ, তবে স্থানীয়রা কষ্টে এখন পর্যটক নেই, তাই সেন্টমার্টিনের প্রকৃতি সেজেছে আপন রূপে। প্রবাল দ্বীপের জীববৈচিত্র্যও প্রাণ ফিরে পেয়েছে।অন্যসময় বছরে পর্যটকের জন্য খোলা থাকতো চারমাস। এই মৌসুম থেকে মাত্র দুইমাসের জন্য খোলা রাখার সিদ্ধান্ত সরকারের। সে অনুযায়ী ৩১ জানুয়ারী থেকে দশ মাসের জন্য পর্যটক নিষিদ্ধ করা হয়। বন্ধের প্রায় দুইমাস পর অনেকটা ইতিবাচক পরিবর্তন দ্বীপটিতে। সৈকতে নেই তেমন কোনো প্লাস্টিক। সৃষ্টি হচ্ছে নতুন নতুন প্রবাল। আবার প্রবালে জন্ম নিচ্ছে সামুদ্রিক উদ্ভিদও। জীববৈচিত্র পেয়েছে নতুন প্রাণ।কিন্তু কষ্টে আছে স্থানীয় মানুষ। পর্যটক বন্ধে সেন্টমার্টিনে যারা পর্যটনকেন্দ্রিক ব্যবসা করেন, গত দুই মাসের আয় দিয়ে সামনের দশ মাস কীভাবে চলবেন, সেই দুশ্চিন্তায় তারা। আবার যারা দিনমজুর বা উদ্বাস্তু তাদের অবস্থাও বেশ নাকাল। ওরা ডাকাত।, গলা কাটে",-1,-1,-1,-1,0,0,0,0,0,1
কুকুরদের কি খবর? 😥,banglatoco,"সেন্টমার্টিনে পর্যটক নেই, জীববৈচিত্র্যে ফিরেছে প্রাণ, তবে স্থানীয়রা কষ্টে এখন পর্যটক নেই, তাই সেন্টমার্টিনের প্রকৃতি সেজেছে আপন রূপে। প্রবাল দ্বীপের জীববৈচিত্র্যও প্রাণ ফিরে পেয়েছে।অন্যসময় বছরে পর্যটকের জন্য খোলা থাকতো চারমাস। এই মৌসুম থেকে মাত্র দুইমাসের জন্য খোলা রাখার সিদ্ধান্ত সরকারের। সে অনুযায়ী ৩১ জানুয়ারী থেকে দশ মাসের জন্য পর্যটক নিষিদ্ধ করা হয়। বন্ধের প্রায় দুইমাস পর অনেকটা ইতিবাচক পরিবর্তন দ্বীপটিতে। সৈকতে নেই তেমন কোনো প্লাস্টিক। সৃষ্টি হচ্ছে নতুন নতুন প্রবাল। আবার প্রবালে জন্ম নিচ্ছে সামুদ্রিক উদ্ভিদও। জীববৈচিত্র পেয়েছে নতুন প্রাণ।কিন্তু কষ্টে আছে স্থানীয় মানুষ। পর্যটক বন্ধে সেন্টমার্টিনে যারা পর্যটনকেন্দ্রিক ব্যবসা করেন, গত দুই মাসের আয় দিয়ে সামনের দশ মাস কীভাবে চলবেন, সেই দুশ্চিন্তায় তারা। আবার যারা দিনমজুর বা উদ্বাস্তু তাদের অবস্থাও বেশ নাকাল।",-1,-1,-1,-1,0,0,0,0,0,1
"পাকিস্তানের জাহাজ না সেন্টমার্টিনকে বেঁধে নিয়ে যাওয়া কথা ছিলো, আমেরিকা সহ নিয়ে যায়নি!",banglatoco,"সেন্টমার্টিনে পর্যটক নেই, জীববৈচিত্র্যে ফিরেছে প্রাণ, তবে স্থানীয়রা কষ্টে এখন পর্যটক নেই, তাই সেন্টমার্টিনের প্রকৃতি সেজেছে আপন রূপে। প্রবাল দ্বীপের জীববৈচিত্র্যও প্রাণ ফিরে পেয়েছে।অন্যসময় বছরে পর্যটকের জন্য খোলা থাকতো চারমাস। এই মৌসুম থেকে মাত্র দুইমাসের জন্য খোলা রাখার সিদ্ধান্ত সরকারের। সে অনুযায়ী ৩১ জানুয়ারী থেকে দশ মাসের জন্য পর্যটক নিষিদ্ধ করা হয়। বন্ধের প্রায় দুইমাস পর অনেকটা ইতিবাচক পরিবর্তন দ্বীপটিতে। সৈকতে নেই তেমন কোনো প্লাস্টিক। সৃষ্টি হচ্ছে নতুন নতুন প্রবাল। আবার প্রবালে জন্ম নিচ্ছে সামুদ্রিক উদ্ভিদও। জীববৈচিত্র পেয়েছে নতুন প্রাণ।কিন্তু কষ্টে আছে স্থানীয় মানুষ। পর্যটক বন্ধে সেন্টমার্টিনে যারা পর্যটনকেন্দ্রিক ব্যবসা করেন, গত দুই মাসের আয় দিয়ে সামনের দশ মাস কীভাবে চলবেন, সেই দুশ্চিন্তায় তারা। আবার যারা দিনমজুর বা উদ্বাস্তু তাদের অবস্থাও বেশ নাকাল।",-1,-1,-1,-1,1,0,0,0,0,1
স্বানীয়রা মানুষের সাথে অনেক প্রতারণা করসে এভাভে একটু শিক্ষা হওয়া দরকার।,banglatoco,"সেন্টমার্টিনে পর্যটক নেই, জীববৈচিত্র্যে ফিরেছে প্রাণ, তবে স্থানীয়রা কষ্টে এখন পর্যটক নেই, তাই সেন্টমার্টিনের প্রকৃতি সেজেছে আপন রূপে। প্রবাল দ্বীপের জীববৈচিত্র্যও প্রাণ ফিরে পেয়েছে।অন্যসময় বছরে পর্যটকের জন্য খোলা থাকতো চারমাস। এই মৌসুম থেকে মাত্র দুইমাসের জন্য খোলা রাখার সিদ্ধান্ত সরকারের। সে অনুযায়ী ৩১ জানুয়ারী থেকে দশ মাসের জন্য পর্যটক নিষিদ্ধ করা হয়। বন্ধের প্রায় দুইমাস পর অনেকটা ইতিবাচক পরিবর্তন দ্বীপটিতে। সৈকতে নেই তেমন কোনো প্লাস্টিক। সৃষ্টি হচ্ছে নতুন নতুন প্রবাল। আবার প্রবালে জন্ম নিচ্ছে সামুদ্রিক উদ্ভিদও। জীববৈচিত্র পেয়েছে নতুন প্রাণ।কিন্তু কষ্টে আছে স্থানীয় মানুষ। পর্যটক বন্ধে সেন্টমার্টিনে যারা পর্যটনকেন্দ্রিক ব্যবসা করেন, গত দুই মাসের আয় দিয়ে সামনের দশ মাস কীভাবে চলবেন, সেই দুশ্চিন্তায় তারা। আবার যারা দিনমজুর বা উদ্বাস্তু তাদের অবস্থাও বেশ নাকাল।",-1,-1,-1,-1,1,0,0,0,0,1
এজন্য কে দায়ী ❓❓❓,banglatoco,"সেন্টমার্টিনে পর্যটক নেই, জীববৈচিত্র্যে ফিরেছে প্রাণ, তবে স্থানীয়রা কষ্টে এখন পর্যটক নেই, তাই সেন্টমার্টিনের প্রকৃতি সেজেছে আপন রূপে। প্রবাল দ্বীপের জীববৈচিত্র্যও প্রাণ ফিরে পেয়েছে।অন্যসময় বছরে পর্যটকের জন্য খোলা থাকতো চারমাস। এই মৌসুম থেকে মাত্র দুইমাসের জন্য খোলা রাখার সিদ্ধান্ত সরকারের। সে অনুযায়ী ৩১ জানুয়ারী থেকে দশ মাসের জন্য পর্যটক নিষিদ্ধ করা হয়। বন্ধের প্রায় দুইমাস পর অনেকটা ইতিবাচক পরিবর্তন দ্বীপটিতে। সৈকতে নেই তেমন কোনো প্লাস্টিক। সৃষ্টি হচ্ছে নতুন নতুন প্রবাল। আবার প্রবালে জন্ম নিচ্ছে সামুদ্রিক উদ্ভিদও। জীববৈচিত্র পেয়েছে নতুন প্রাণ।কিন্তু কষ্টে আছে স্থানীয় মানুষ। পর্যটক বন্ধে সেন্টমার্টিনে যারা পর্যটনকেন্দ্রিক ব্যবসা করেন, গত দুই মাসের আয় দিয়ে সামনের দশ মাস কীভাবে চলবেন, সেই দুশ্চিন্তায় তারা। আবার যারা দিনমজুর বা উদ্বাস্তু তাদের অবস্থাও বেশ নাকাল। ওরা ডাকাত।, গলা কাটে",-1,-1,-1,-1,0,0,0,0,0,1
"কখনো কখনো মানুষ তার নিজের বয়সকে হার মানায়। ড. মোহাম্মদ ইউনুস এই বয়সেও যেভাবে পরিশ্রম করে, আপনারা নিজেরাই তা দেখতে পাচ্ছেন।আমি তো এক দেশ থেকে অন্যদেশে একদিনের বিমান জার্নি করলে, দুদিন ঘুম থেকে উঠতে পারবো না। উনি দিব্যি পৃথিবীর আনাচে কানাচে ঘুরে বেড়াচ্ছে ক্লান্তি ছাড়াই।সবচেয়ে স্বস্তির বিষয় হলো, ইউনুস সাহেবরা টাকার পেছনে দৌড়ায় না। ওরা জানে, পৃথিবীতে টাকায় সব কিছু না। মানুষের সেবা করতে পারাটাই বড় ব্যাপার।",banglatoco,"দেশকে বদলাতে পরিচালনা পদ্ধতি পাল্টাতে হবে: প্রধান উপদেষ্টা প্রধান উপদেষ্টা ড. মুহাম্মদ ইউনূস বলেছেন, একই নিয়মে সবসময় চলা যায় না। দেশকে বদলাতে চাইলে পরিচালনার পদ্ধতি পাল্টাতে হবে। এক্ষেত্রে তরুণরা বড় ভূমিকা রাখতে পারে। বৃহস্পতিবার (৩ এপ্রিল) বিকেলে থাইল্যান্ডের ব্যাংককে বিমসটেক ইয়াং জেন ফোরামে এ কথা বলেন তিনি। ওরে জামাতি ছাগু",-1,-1,-1,-1,0,0,0,0,0,1
ওরে জামাতি ছাগু,banglatoco,"দেশকে বদলাতে পরিচালনা পদ্ধতি পাল্টাতে হবে: প্রধান উপদেষ্টা প্রধান উপদেষ্টা ড. মুহাম্মদ ইউনূস বলেছেন, একই নিয়মে সবসময় চলা যায় না। দেশকে বদলাতে চাইলে পরিচালনার পদ্ধতি পাল্টাতে হবে। এক্ষেত্রে তরুণরা বড় ভূমিকা রাখতে পারে। বৃহস্পতিবার (৩ এপ্রিল) বিকেলে থাইল্যান্ডের ব্যাংককে বিমসটেক ইয়াং জেন ফোরামে এ কথা বলেন তিনি। কখনো কখনো মানুষ তার নিজের বয়সকে হার মানায়। ড. মোহাম্মদ ইউনুস এই বয়সেও যেভাবে পরিশ্রম করে, আপনারা নিজেরাই তা দেখতে পাচ্ছেন।আমি তো এক দেশ থেকে অন্যদেশে একদিনের বিমান জার্নি করলে, দুদিন ঘুম থেকে উঠতে পারবো না। উনি দিব্যি পৃথিবীর আনাচে কানাচে ঘুরে বেড়াচ্ছে ক্লান্তি ছাড়াই।সবচেয়ে স্বস্তির বিষয় হলো, ইউনুস সাহেবরা টাকার পেছনে দৌড়ায় না। ওরা জানে, পৃথিবীতে টাকায় সব কিছু না। মানুষের সেবা করতে পারাটাই বড় ব্যাপার। ধন্যবাদ আপু",-1,-1,-1,-1,1,0,0,0,0,1
"আমি জাতীয় নির্বাচন বয়কট করছি। আমি ড. ইউনুসকে প্রেসিডেন্ট হিসেবে সমর্থন করি, যেমন মালয়েশিয়ার মাহাথির এবং সিঙ্গাপুরের লি কুয়ান ইউ। উনাকে রাষ্ট্রপ্রধান হিসেবে পাঁচ বছর থাকার জন্য অনুরোধ করছি। বর্তমান ও আগামীতে সুশাসন জরুরী।আমাদের উচিত যোগ্য স্বতন্ত্র স্থানীয় প্রতিনিধিদের জন্য পথ সহজ করা, যাতে অরাজনৈতিক, শিক্ষিত এবং যোগ্য ব্যক্তিরা সংসদে আসতে পারে। স্বতন্ত্র প্রার্থী হতে সাক্ষ্য গ্রহণ প্রথা বাতিল কর।",banglatoco,"দেশকে বদলাতে পরিচালনা পদ্ধতি পাল্টাতে হবে: প্রধান উপদেষ্টা প্রধান উপদেষ্টা ড. মুহাম্মদ ইউনূস বলেছেন, একই নিয়মে সবসময় চলা যায় না। দেশকে বদলাতে চাইলে পরিচালনার পদ্ধতি পাল্টাতে হবে। এক্ষেত্রে তরুণরা বড় ভূমিকা রাখতে পারে। বৃহস্পতিবার (৩ এপ্রিল) বিকেলে থাইল্যান্ডের ব্যাংককে বিমসটেক ইয়াং জেন ফোরামে এ কথা বলেন তিনি।",-1,-1,-1,-1,0,0,0,0,0,1
এদেশের মানুষের উচিত হবে নষ্ট রাজনীতি থেকে বেরিয়ে ডক্টর মোহাম্মদ ইউনুসের মতো একজন ব্যক্তিকে দেশ এবং দেশের মানুষের জন্য ক্ষমতায় রাখা। পৃথিবীতে অনেক রাষ্ট্র আছে যারা বাংলাদেশের নাম শুনে নাই কিন্তু ডক্টর মোহাম্মদ ইউনুসের নাম তারা শুনেছে।। শুধু দুর্নীতিবাজ লোকেরা উনাকে পছন্দ করেন না।,banglatoco,"দেশকে বদলাতে পরিচালনা পদ্ধতি পাল্টাতে হবে: প্রধান উপদেষ্টা প্রধান উপদেষ্টা ড. মুহাম্মদ ইউনূস বলেছেন, একই নিয়মে সবসময় চলা যায় না। দেশকে বদলাতে চাইলে পরিচালনার পদ্ধতি পাল্টাতে হবে। এক্ষেত্রে তরুণরা বড় ভূমিকা রাখতে পারে। বৃহস্পতিবার (৩ এপ্রিল) বিকেলে থাইল্যান্ডের ব্যাংককে বিমসটেক ইয়াং জেন ফোরামে এ কথা বলেন তিনি।",-1,-1,-1,-1,0,0,0,0,0,1
"প্রিয় দেশবাসী, আপনারা আপাতত বিএনপি, আওয়ামী লীগ, এনসিপি,জামাত সহ আরো যত রাজনৈতিক দল আছে ঐসবকে ভূলে যান। ড. ইউনুস কে কিভাবে পূর্ণ পাঁচ বছর ক্ষমতায় রাখা যায় সেটা নিয়ে ভাবুন।",banglatoco,"দেশকে বদলাতে পরিচালনা পদ্ধতি পাল্টাতে হবে: প্রধান উপদেষ্টা প্রধান উপদেষ্টা ড. মুহাম্মদ ইউনূস বলেছেন, একই নিয়মে সবসময় চলা যায় না। দেশকে বদলাতে চাইলে পরিচালনার পদ্ধতি পাল্টাতে হবে। এক্ষেত্রে তরুণরা বড় ভূমিকা রাখতে পারে। বৃহস্পতিবার (৩ এপ্রিল) বিকেলে থাইল্যান্ডের ব্যাংককে বিমসটেক ইয়াং জেন ফোরামে এ কথা বলেন তিনি। ইনশাআল্লাহ",-1,-1,-1,-1,0,0,0,0,0,1
"আমাদের গর্ব, আমাদের অহঙ্কার ❤️ড. মোহাম্মাদ ইউনুস",banglatoco,"দেশকে বদলাতে পরিচালনা পদ্ধতি পাল্টাতে হবে: প্রধান উপদেষ্টা প্রধান উপদেষ্টা ড. মুহাম্মদ ইউনূস বলেছেন, একই নিয়মে সবসময় চলা যায় না। দেশকে বদলাতে চাইলে পরিচালনার পদ্ধতি পাল্টাতে হবে। এক্ষেত্রে তরুণরা বড় ভূমিকা রাখতে পারে। বৃহস্পতিবার (৩ এপ্রিল) বিকেলে থাইল্যান্ডের ব্যাংককে বিমসটেক ইয়াং জেন ফোরামে এ কথা বলেন তিনি।",-1,-1,-1,-1,0,0,0,0,0,1
ড. ইউনূসের মতো মানুষ এদেশে খুবই দরকার আল্লাহ আপনাকে দীর্ঘ জীবি করুক,banglatoco,"দেশকে বদলাতে পরিচালনা পদ্ধতি পাল্টাতে হবে: প্রধান উপদেষ্টা প্রধান উপদেষ্টা ড. মুহাম্মদ ইউনূস বলেছেন, একই নিয়মে সবসময় চলা যায় না। দেশকে বদলাতে চাইলে পরিচালনার পদ্ধতি পাল্টাতে হবে। এক্ষেত্রে তরুণরা বড় ভূমিকা রাখতে পারে। বৃহস্পতিবার (৩ এপ্রিল) বিকেলে থাইল্যান্ডের ব্যাংককে বিমসটেক ইয়াং জেন ফোরামে এ কথা বলেন তিনি।",-1,-1,-1,-1,0,0,0,0,0,1
"যেখানে বেয়াদবি, সেখানে গরহাজির থাকাই উত্তম,আপনার চিন্তা ভাবনার থেকে যোজন যোজন দুরত্বে জাতির বিবেক। তাই দ্রুত নির্বাচন দিয়ে মানসম্মান নিয়ে সরে যাওয়া টা হবে, বুদ্ধিমানের কাজ।ধন্যবাদ।",banglatoco,"দেশকে বদলাতে পরিচালনা পদ্ধতি পাল্টাতে হবে: প্রধান উপদেষ্টা প্রধান উপদেষ্টা ড. মুহাম্মদ ইউনূস বলেছেন, একই নিয়মে সবসময় চলা যায় না। দেশকে বদলাতে চাইলে পরিচালনার পদ্ধতি পাল্টাতে হবে। এক্ষেত্রে তরুণরা বড় ভূমিকা রাখতে পারে। বৃহস্পতিবার (৩ এপ্রিল) বিকেলে থাইল্যান্ডের ব্যাংককে বিমসটেক ইয়াং জেন ফোরামে এ কথা বলেন তিনি।",-1,-1,-1,-1,0,0,0,0,0,1
"কথা সঠিক যখন যেরকম তখন সেই রকম চলতে হয় এটা পুরান বাক্য বাহাওরের সংবিধান দিয়ে বাংলাদেশের উন্নয়ন সম্ভব না, এই সংবিধান বাংলাদেশ রাজনৈতিক দল গুলোকে মানুষ মারা দেশের টাকা আত্মসাৎ করা এগুলোর সুযোগ করে দিয়েছে একটা দল দুই হাজার মানুষ মারার পরেও তাদের নিবন্ধন বাতিল করা যায় না অতএব এই সংবিধান সংস্কার করা জরুরী তা না হলে এদেশের উন্নয়ন সম্ভব না,,",banglatoco,"দেশকে বদলাতে পরিচালনা পদ্ধতি পাল্টাতে হবে: প্রধান উপদেষ্টা প্রধান উপদেষ্টা ড. মুহাম্মদ ইউনূস বলেছেন, একই নিয়মে সবসময় চলা যায় না। দেশকে বদলাতে চাইলে পরিচালনার পদ্ধতি পাল্টাতে হবে। এক্ষেত্রে তরুণরা বড় ভূমিকা রাখতে পারে। বৃহস্পতিবার (৩ এপ্রিল) বিকেলে থাইল্যান্ডের ব্যাংককে বিমসটেক ইয়াং জেন ফোরামে এ কথা বলেন তিনি।",-1,-1,-1,-1,0,0,0,0,0,1
"প্রয়োজন হলে সেটিই করবেন স্যার, আপনার হাতে আমরা ক্ষমতা ন্যাস্ত করেছি। এই জাতীর কল্যনকর সকল কিছু করার দায়িত্ব আপনার স্যার",banglatoco,"দেশকে বদলাতে পরিচালনা পদ্ধতি পাল্টাতে হবে: প্রধান উপদেষ্টা প্রধান উপদেষ্টা ড. মুহাম্মদ ইউনূস বলেছেন, একই নিয়মে সবসময় চলা যায় না। দেশকে বদলাতে চাইলে পরিচালনার পদ্ধতি পাল্টাতে হবে। এক্ষেত্রে তরুণরা বড় ভূমিকা রাখতে পারে। বৃহস্পতিবার (৩ এপ্রিল) বিকেলে থাইল্যান্ডের ব্যাংককে বিমসটেক ইয়াং জেন ফোরামে এ কথা বলেন তিনি।",-1,-1,-1,-1,0,0,0,0,0,1
এত দক্ষ একজন মানুষ থাকতে দেশে নির্বাচনের কোন প্রয়োজন হয় না বলে মনে করি আমরা বাংলাদেশ সাধারণ জনগণ।,banglatoco,"দেশকে বদলাতে পরিচালনা পদ্ধতি পাল্টাতে হবে: প্রধান উপদেষ্টা প্রধান উপদেষ্টা ড. মুহাম্মদ ইউনূস বলেছেন, একই নিয়মে সবসময় চলা যায় না। দেশকে বদলাতে চাইলে পরিচালনার পদ্ধতি পাল্টাতে হবে। এক্ষেত্রে তরুণরা বড় ভূমিকা রাখতে পারে। বৃহস্পতিবার (৩ এপ্রিল) বিকেলে থাইল্যান্ডের ব্যাংককে বিমসটেক ইয়াং জেন ফোরামে এ কথা বলেন তিনি।",-1,-1,-1,-1,0,0,0,0,0,1
বিএনপি NCP কে সমর্থন দিয়ে আগামীতে নতুন বাংলাদেশ গঠন করবে ইনশাল্লাহ,banglatoco,"দেশকে বদলাতে পরিচালনা পদ্ধতি পাল্টাতে হবে: প্রধান উপদেষ্টা প্রধান উপদেষ্টা ড. মুহাম্মদ ইউনূস বলেছেন, একই নিয়মে সবসময় চলা যায় না। দেশকে বদলাতে চাইলে পরিচালনার পদ্ধতি পাল্টাতে হবে। এক্ষেত্রে তরুণরা বড় ভূমিকা রাখতে পারে। বৃহস্পতিবার (৩ এপ্রিল) বিকেলে থাইল্যান্ডের ব্যাংককে বিমসটেক ইয়াং জেন ফোরামে এ কথা বলেন তিনি।",-1,-1,-1,-1,0,0,0,0,0,1
ডঃ মুহাম্মদ ইউনূস স্যারের নিরাপত্তা ব্যবস্থা আরো জোরদার করতে হবে না হয় জিয়াউর রহমানের মতো তাঁকেও হত্যা করতে পারে ভারত।,banglatoco,"দেশকে বদলাতে পরিচালনা পদ্ধতি পাল্টাতে হবে: প্রধান উপদেষ্টা প্রধান উপদেষ্টা ড. মুহাম্মদ ইউনূস বলেছেন, একই নিয়মে সবসময় চলা যায় না। দেশকে বদলাতে চাইলে পরিচালনার পদ্ধতি পাল্টাতে হবে। এক্ষেত্রে তরুণরা বড় ভূমিকা রাখতে পারে। বৃহস্পতিবার (৩ এপ্রিল) বিকেলে থাইল্যান্ডের ব্যাংককে বিমসটেক ইয়াং জেন ফোরামে এ কথা বলেন তিনি।",-1,-1,-1,-1,0,0,0,0,0,1
"15 বছর ভোট দিতে পারি নাই,প্রয়োজনে আরো ৫ বছর ভোট দেব না,তবুও ড. ইউনূসকে চাই।সংষ্কার চাই দেশ পূর্ণগঠন চাই ।",banglatoco,"দেশকে বদলাতে পরিচালনা পদ্ধতি পাল্টাতে হবে: প্রধান উপদেষ্টা প্রধান উপদেষ্টা ড. মুহাম্মদ ইউনূস বলেছেন, একই নিয়মে সবসময় চলা যায় না। দেশকে বদলাতে চাইলে পরিচালনার পদ্ধতি পাল্টাতে হবে। এক্ষেত্রে তরুণরা বড় ভূমিকা রাখতে পারে। বৃহস্পতিবার (৩ এপ্রিল) বিকেলে থাইল্যান্ডের ব্যাংককে বিমসটেক ইয়াং জেন ফোরামে এ কথা বলেন তিনি। সহমত ভাই",-1,-1,-1,-1,0,0,0,0,0,1
সহমত পোষণ করছি,banglatoco,"দেশকে বদলাতে পরিচালনা পদ্ধতি পাল্টাতে হবে: প্রধান উপদেষ্টা প্রধান উপদেষ্টা ড. মুহাম্মদ ইউনূস বলেছেন, একই নিয়মে সবসময় চলা যায় না। দেশকে বদলাতে চাইলে পরিচালনার পদ্ধতি পাল্টাতে হবে। এক্ষেত্রে তরুণরা বড় ভূমিকা রাখতে পারে। বৃহস্পতিবার (৩ এপ্রিল) বিকেলে থাইল্যান্ডের ব্যাংককে বিমসটেক ইয়াং জেন ফোরামে এ কথা বলেন তিনি।",-1,-1,-1,-1,0,0,0,0,0,1
জী পাকিস্তানি পদ্ধতি ঠিক আছে মহাজন,banglatoco,"দেশকে বদলাতে পরিচালনা পদ্ধতি পাল্টাতে হবে: প্রধান উপদেষ্টা প্রধান উপদেষ্টা ড. মুহাম্মদ ইউনূস বলেছেন, একই নিয়মে সবসময় চলা যায় না। দেশকে বদলাতে চাইলে পরিচালনার পদ্ধতি পাল্টাতে হবে। এক্ষেত্রে তরুণরা বড় ভূমিকা রাখতে পারে। বৃহস্পতিবার (৩ এপ্রিল) বিকেলে থাইল্যান্ডের ব্যাংককে বিমসটেক ইয়াং জেন ফোরামে এ কথা বলেন তিনি।",-1,-1,-1,-1,1,0,0,0,0,1
একমাত্র তরুণদের হাতে দেশ নিরাপদ.! ❤️,banglatoco,"দেশকে বদলাতে পরিচালনা পদ্ধতি পাল্টাতে হবে: প্রধান উপদেষ্টা প্রধান উপদেষ্টা ড. মুহাম্মদ ইউনূস বলেছেন, একই নিয়মে সবসময় চলা যায় না। দেশকে বদলাতে চাইলে পরিচালনার পদ্ধতি পাল্টাতে হবে। এক্ষেত্রে তরুণরা বড় ভূমিকা রাখতে পারে। বৃহস্পতিবার (৩ এপ্রিল) বিকেলে থাইল্যান্ডের ব্যাংককে বিমসটেক ইয়াং জেন ফোরামে এ কথা বলেন তিনি।",-1,-1,-1,-1,0,0,0,0,0,1
ড. ইউনূছকে আল্লাহ তুমি হায়াত বাড়িয়ে দাও।,banglatoco,"দেশকে বদলাতে পরিচালনা পদ্ধতি পাল্টাতে হবে: প্রধান উপদেষ্টা প্রধান উপদেষ্টা ড. মুহাম্মদ ইউনূস বলেছেন, একই নিয়মে সবসময় চলা যায় না। দেশকে বদলাতে চাইলে পরিচালনার পদ্ধতি পাল্টাতে হবে। এক্ষেত্রে তরুণরা বড় ভূমিকা রাখতে পারে। বৃহস্পতিবার (৩ এপ্রিল) বিকেলে থাইল্যান্ডের ব্যাংককে বিমসটেক ইয়াং জেন ফোরামে এ কথা বলেন তিনি।",-1,-1,-1,-1,0,0,0,0,0,1
আমাদের ভাগ্য আপনার মত মানুষ পেয়েছিলাম,banglatoco,"দেশকে বদলাতে পরিচালনা পদ্ধতি পাল্টাতে হবে: প্রধান উপদেষ্টা প্রধান উপদেষ্টা ড. মুহাম্মদ ইউনূস বলেছেন, একই নিয়মে সবসময় চলা যায় না। দেশকে বদলাতে চাইলে পরিচালনার পদ্ধতি পাল্টাতে হবে। এক্ষেত্রে তরুণরা বড় ভূমিকা রাখতে পারে। বৃহস্পতিবার (৩ এপ্রিল) বিকেলে থাইল্যান্ডের ব্যাংককে বিমসটেক ইয়াং জেন ফোরামে এ কথা বলেন তিনি।",-1,-1,-1,-1,0,0,0,0,0,1
"আপনাকে কমপক্ষে ৫ বছরের জন্য দরকার,,,,আপনার নেক হায়াত কামনা করি",banglatoco,"দেশকে বদলাতে পরিচালনা পদ্ধতি পাল্টাতে হবে: প্রধান উপদেষ্টা প্রধান উপদেষ্টা ড. মুহাম্মদ ইউনূস বলেছেন, একই নিয়মে সবসময় চলা যায় না। দেশকে বদলাতে চাইলে পরিচালনার পদ্ধতি পাল্টাতে হবে। এক্ষেত্রে তরুণরা বড় ভূমিকা রাখতে পারে। বৃহস্পতিবার (৩ এপ্রিল) বিকেলে থাইল্যান্ডের ব্যাংককে বিমসটেক ইয়াং জেন ফোরামে এ কথা বলেন তিনি।",-1,-1,-1,-1,0,0,0,0,0,1
সুদ বৈধ করে দিতে হবে নাকি???,banglatoco,"দেশকে বদলাতে পরিচালনা পদ্ধতি পাল্টাতে হবে: প্রধান উপদেষ্টা প্রধান উপদেষ্টা ড. মুহাম্মদ ইউনূস বলেছেন, একই নিয়মে সবসময় চলা যায় না। দেশকে বদলাতে চাইলে পরিচালনার পদ্ধতি পাল্টাতে হবে। এক্ষেত্রে তরুণরা বড় ভূমিকা রাখতে পারে। বৃহস্পতিবার (৩ এপ্রিল) বিকেলে থাইল্যান্ডের ব্যাংককে বিমসটেক ইয়াং জেন ফোরামে এ কথা বলেন তিনি।",-1,-1,-1,-1,1,0,0,0,0,1
ডক্টর ইউনুস সরকার ৫ বছর দরকার 🇧🇩✊🇧🇩,banglatoco,"দেশকে বদলাতে পরিচালনা পদ্ধতি পাল্টাতে হবে: প্রধান উপদেষ্টা প্রধান উপদেষ্টা ড. মুহাম্মদ ইউনূস বলেছেন, একই নিয়মে সবসময় চলা যায় না। দেশকে বদলাতে চাইলে পরিচালনার পদ্ধতি পাল্টাতে হবে। এক্ষেত্রে তরুণরা বড় ভূমিকা রাখতে পারে। বৃহস্পতিবার (৩ এপ্রিল) বিকেলে থাইল্যান্ডের ব্যাংককে বিমসটেক ইয়াং জেন ফোরামে এ কথা বলেন তিনি।",-1,-1,-1,-1,0,0,0,0,0,1
একদম মনের কথাটা বলেছেন উস্তাদ 💖,banglatoco,"দেশকে বদলাতে পরিচালনা পদ্ধতি পাল্টাতে হবে: প্রধান উপদেষ্টা প্রধান উপদেষ্টা ড. মুহাম্মদ ইউনূস বলেছেন, একই নিয়মে সবসময় চলা যায় না। দেশকে বদলাতে চাইলে পরিচালনার পদ্ধতি পাল্টাতে হবে। এক্ষেত্রে তরুণরা বড় ভূমিকা রাখতে পারে। বৃহস্পতিবার (৩ এপ্রিল) বিকেলে থাইল্যান্ডের ব্যাংককে বিমসটেক ইয়াং জেন ফোরামে এ কথা বলেন তিনি।",-1,-1,-1,-1,0,0,0,0,0,1
দেশকে পাকিস্তান বানানোর চক্রান্ত চলছে,banglatoco,"দেশকে বদলাতে পরিচালনা পদ্ধতি পাল্টাতে হবে: প্রধান উপদেষ্টা প্রধান উপদেষ্টা ড. মুহাম্মদ ইউনূস বলেছেন, একই নিয়মে সবসময় চলা যায় না। দেশকে বদলাতে চাইলে পরিচালনার পদ্ধতি পাল্টাতে হবে। এক্ষেত্রে তরুণরা বড় ভূমিকা রাখতে পারে। বৃহস্পতিবার (৩ এপ্রিল) বিকেলে থাইল্যান্ডের ব্যাংককে বিমসটেক ইয়াং জেন ফোরামে এ কথা বলেন তিনি।",-1,-1,-1,-1,1,0,0,0,0,1
"আমরা চাই ডঃ ইউনুস ৫ বছরের জন্য ক্ষমতায় থাকুক, আগে সংস্কার,বিচার পরে নির্বাচন।",banglatoco,"দেশকে বদলাতে পরিচালনা পদ্ধতি পাল্টাতে হবে: প্রধান উপদেষ্টা প্রধান উপদেষ্টা ড. মুহাম্মদ ইউনূস বলেছেন, একই নিয়মে সবসময় চলা যায় না। দেশকে বদলাতে চাইলে পরিচালনার পদ্ধতি পাল্টাতে হবে। এক্ষেত্রে তরুণরা বড় ভূমিকা রাখতে পারে। বৃহস্পতিবার (৩ এপ্রিল) বিকেলে থাইল্যান্ডের ব্যাংককে বিমসটেক ইয়াং জেন ফোরামে এ কথা বলেন তিনি।",-1,-1,-1,-1,0,0,0,0,0,1
আপনার যেইটা পাল্টানোর প্রযোজন পাল্টে নেন বাংলা দেশের জনগণ আপনার পাশে আছে,banglatoco,"দেশকে বদলাতে পরিচালনা পদ্ধতি পাল্টাতে হবে: প্রধান উপদেষ্টা প্রধান উপদেষ্টা ড. মুহাম্মদ ইউনূস বলেছেন, একই নিয়মে সবসময় চলা যায় না। দেশকে বদলাতে চাইলে পরিচালনার পদ্ধতি পাল্টাতে হবে। এক্ষেত্রে তরুণরা বড় ভূমিকা রাখতে পারে। বৃহস্পতিবার (৩ এপ্রিল) বিকেলে থাইল্যান্ডের ব্যাংককে বিমসটেক ইয়াং জেন ফোরামে এ কথা বলেন তিনি।",-1,-1,-1,-1,0,0,0,0,0,1
জনগণ বান্ধব একটা নতুন সংবিধান সবার প্রথমে করতে হবে।,banglatoco,"দেশকে বদলাতে পরিচালনা পদ্ধতি পাল্টাতে হবে: প্রধান উপদেষ্টা প্রধান উপদেষ্টা ড. মুহাম্মদ ইউনূস বলেছেন, একই নিয়মে সবসময় চলা যায় না। দেশকে বদলাতে চাইলে পরিচালনার পদ্ধতি পাল্টাতে হবে। এক্ষেত্রে তরুণরা বড় ভূমিকা রাখতে পারে। বৃহস্পতিবার (৩ এপ্রিল) বিকেলে থাইল্যান্ডের ব্যাংককে বিমসটেক ইয়াং জেন ফোরামে এ কথা বলেন তিনি।",-1,-1,-1,-1,0,0,0,0,0,1
আলহামদুলিল্লাহ সময়ের সঠিক সিদ্ধান্ত,banglatoco,"দেশকে বদলাতে পরিচালনা পদ্ধতি পাল্টাতে হবে: প্রধান উপদেষ্টা প্রধান উপদেষ্টা ড. মুহাম্মদ ইউনূস বলেছেন, একই নিয়মে সবসময় চলা যায় না। দেশকে বদলাতে চাইলে পরিচালনার পদ্ধতি পাল্টাতে হবে। এক্ষেত্রে তরুণরা বড় ভূমিকা রাখতে পারে। বৃহস্পতিবার (৩ এপ্রিল) বিকেলে থাইল্যান্ডের ব্যাংককে বিমসটেক ইয়াং জেন ফোরামে এ কথা বলেন তিনি।",-1,-1,-1,-1,0,0,0,0,0,1
"দীর্ঘ দিন পর এক জন যোগ্যতা সম্পন্ন ব্যক্তি পেয়েছে বাংলাদেশের জনগণ। আগামী পাঁচ বছর ধরে রাখার দায়িত্ব আমাদের,আপনাদের বাংলাদেশ প্রতিটি মানুষের।",banglatoco,"দেশকে বদলাতে পরিচালনা পদ্ধতি পাল্টাতে হবে: প্রধান উপদেষ্টা প্রধান উপদেষ্টা ড. মুহাম্মদ ইউনূস বলেছেন, একই নিয়মে সবসময় চলা যায় না। দেশকে বদলাতে চাইলে পরিচালনার পদ্ধতি পাল্টাতে হবে। এক্ষেত্রে তরুণরা বড় ভূমিকা রাখতে পারে। বৃহস্পতিবার (৩ এপ্রিল) বিকেলে থাইল্যান্ডের ব্যাংককে বিমসটেক ইয়াং জেন ফোরামে এ কথা বলেন তিনি।",-1,-1,-1,-1,0,0,0,0,0,1
নতুন বাংলাদেশের অপ্রতিরোধ্য অভিভাবক💥🌹,banglatoco,"দেশকে বদলাতে পরিচালনা পদ্ধতি পাল্টাতে হবে: প্রধান উপদেষ্টা প্রধান উপদেষ্টা ড. মুহাম্মদ ইউনূস বলেছেন, একই নিয়মে সবসময় চলা যায় না। দেশকে বদলাতে চাইলে পরিচালনার পদ্ধতি পাল্টাতে হবে। এক্ষেত্রে তরুণরা বড় ভূমিকা রাখতে পারে। বৃহস্পতিবার (৩ এপ্রিল) বিকেলে থাইল্যান্ডের ব্যাংককে বিমসটেক ইয়াং জেন ফোরামে এ কথা বলেন তিনি।",-1,-1,-1,-1,0,0,0,0,0,1
"প্রধানমন্ত্রী হিসেবে দেশপ্রেমিক জনতা আপনাকেই চায় স্যার🌹জনতা শুধু ইনসাফ আর ন্যায়ের বাংলাদেশ চায়,ইনশাআল্লাহ জনতা আপনার সাথে আছে স্যার আপনি এগিয়ে যান,,",banglatoco,"দেশকে বদলাতে পরিচালনা পদ্ধতি পাল্টাতে হবে: প্রধান উপদেষ্টা প্রধান উপদেষ্টা ড. মুহাম্মদ ইউনূস বলেছেন, একই নিয়মে সবসময় চলা যায় না। দেশকে বদলাতে চাইলে পরিচালনার পদ্ধতি পাল্টাতে হবে। এক্ষেত্রে তরুণরা বড় ভূমিকা রাখতে পারে। বৃহস্পতিবার (৩ এপ্রিল) বিকেলে থাইল্যান্ডের ব্যাংককে বিমসটেক ইয়াং জেন ফোরামে এ কথা বলেন তিনি।",-1,-1,-1,-1,0,0,0,0,0,1
"আমরা সত্যিই সৌভাগ্যবান যে ড. ইউনুসের মতো বিশ্ববরেণ্য নেতাকে পেয়েছি। যদি ধরে রাখতে পারি, দেশ আরও এগিয়ে যাবে ইনশাআল্লাহ।",banglatoco,"দেশকে বদলাতে পরিচালনা পদ্ধতি পাল্টাতে হবে: প্রধান উপদেষ্টা প্রধান উপদেষ্টা ড. মুহাম্মদ ইউনূস বলেছেন, একই নিয়মে সবসময় চলা যায় না। দেশকে বদলাতে চাইলে পরিচালনার পদ্ধতি পাল্টাতে হবে। এক্ষেত্রে তরুণরা বড় ভূমিকা রাখতে পারে। বৃহস্পতিবার (৩ এপ্রিল) বিকেলে থাইল্যান্ডের ব্যাংককে বিমসটেক ইয়াং জেন ফোরামে এ কথা বলেন তিনি।",-1,-1,-1,-1,0,0,0,0,0,1
"স্বাধীনতার সময় পালিয়ে ছিলো আমেরিকায় এ এখন আবার দেশের মানুষ কে আইনের শাসন শিখাচ্চে, দেশ টা কে বিক্রি করে পলায়ন এর আগে বীর বাঙ্গালি গর্জে উঠতে হবে।বীর বাঙ্গালি অস্ত্র ধর রাজাকার মুক্ত বাংলাদেশ গড়।জাগো বাঙালি জাগো",banglatoco,"দেশকে বদলাতে পরিচালনা পদ্ধতি পাল্টাতে হবে: প্রধান উপদেষ্টা প্রধান উপদেষ্টা ড. মুহাম্মদ ইউনূস বলেছেন, একই নিয়মে সবসময় চলা যায় না। দেশকে বদলাতে চাইলে পরিচালনার পদ্ধতি পাল্টাতে হবে। এক্ষেত্রে তরুণরা বড় ভূমিকা রাখতে পারে। বৃহস্পতিবার (৩ এপ্রিল) বিকেলে থাইল্যান্ডের ব্যাংককে বিমসটেক ইয়াং জেন ফোরামে এ কথা বলেন তিনি।",-1,-1,-1,-1,1,0,0,0,0,1
"আপনাকে দিয়েই সম্ভব স্যার, এগিয়ে যান ।।",banglatoco,"দেশকে বদলাতে পরিচালনা পদ্ধতি পাল্টাতে হবে: প্রধান উপদেষ্টা প্রধান উপদেষ্টা ড. মুহাম্মদ ইউনূস বলেছেন, একই নিয়মে সবসময় চলা যায় না। দেশকে বদলাতে চাইলে পরিচালনার পদ্ধতি পাল্টাতে হবে। এক্ষেত্রে তরুণরা বড় ভূমিকা রাখতে পারে। বৃহস্পতিবার (৩ এপ্রিল) বিকেলে থাইল্যান্ডের ব্যাংককে বিমসটেক ইয়াং জেন ফোরামে এ কথা বলেন তিনি।",-1,-1,-1,-1,0,0,0,0,0,1
"অবশ্য সিস্টেম পাল্টাতে হবে, কারণ ভোটে নির্বাচিত সরকার এখন পর্যন্ত দেশের মানুষ কে সুখি করতে পারে নি।",banglatoco,"দেশকে বদলাতে পরিচালনা পদ্ধতি পাল্টাতে হবে: প্রধান উপদেষ্টা প্রধান উপদেষ্টা ড. মুহাম্মদ ইউনূস বলেছেন, একই নিয়মে সবসময় চলা যায় না। দেশকে বদলাতে চাইলে পরিচালনার পদ্ধতি পাল্টাতে হবে। এক্ষেত্রে তরুণরা বড় ভূমিকা রাখতে পারে। বৃহস্পতিবার (৩ এপ্রিল) বিকেলে থাইল্যান্ডের ব্যাংককে বিমসটেক ইয়াং জেন ফোরামে এ কথা বলেন তিনি।",-1,-1,-1,-1,0,0,0,0,0,1
চমৎকার,banglatoco,"দেশকে বদলাতে পরিচালনা পদ্ধতি পাল্টাতে হবে: প্রধান উপদেষ্টা প্রধান উপদেষ্টা ড. মুহাম্মদ ইউনূস বলেছেন, একই নিয়মে সবসময় চলা যায় না। দেশকে বদলাতে চাইলে পরিচালনার পদ্ধতি পাল্টাতে হবে। এক্ষেত্রে তরুণরা বড় ভূমিকা রাখতে পারে। বৃহস্পতিবার (৩ এপ্রিল) বিকেলে থাইল্যান্ডের ব্যাংককে বিমসটেক ইয়াং জেন ফোরামে এ কথা বলেন তিনি।",-1,-1,-1,-1,0,0,0,0,0,1
ঠিক আছে স্যার,banglatoco,"দেশকে বদলাতে পরিচালনা পদ্ধতি পাল্টাতে হবে: প্রধান উপদেষ্টা প্রধান উপদেষ্টা ড. মুহাম্মদ ইউনূস বলেছেন, একই নিয়মে সবসময় চলা যায় না। দেশকে বদলাতে চাইলে পরিচালনার পদ্ধতি পাল্টাতে হবে। এক্ষেত্রে তরুণরা বড় ভূমিকা রাখতে পারে। বৃহস্পতিবার (৩ এপ্রিল) বিকেলে থাইল্যান্ডের ব্যাংককে বিমসটেক ইয়াং জেন ফোরামে এ কথা বলেন তিনি।",-1,-1,-1,-1,0,0,0,0,0,1
ইনশাআল্লাহ প্রফেসর ইউনূসের হাত ধরে এগিয়ে যাবে ৫০ বছর পিছিয়ে থাকা বাংলাদেশ 🇧🇩,banglatoco,"দেশকে বদলাতে পরিচালনা পদ্ধতি পাল্টাতে হবে: প্রধান উপদেষ্টা প্রধান উপদেষ্টা ড. মুহাম্মদ ইউনূস বলেছেন, একই নিয়মে সবসময় চলা যায় না। দেশকে বদলাতে চাইলে পরিচালনার পদ্ধতি পাল্টাতে হবে। এক্ষেত্রে তরুণরা বড় ভূমিকা রাখতে পারে। বৃহস্পতিবার (৩ এপ্রিল) বিকেলে থাইল্যান্ডের ব্যাংককে বিমসটেক ইয়াং জেন ফোরামে এ কথা বলেন তিনি।",-1,-1,-1,-1,0,0,0,0,0,1
দুই বেগমের শাসন জনগণ দেখেছে! এবার ড: ইউনুসের শাসন জনগণ ৫ বছর দেখতে চাই! ইতিমধ্যে ড: ইউনুস প্রমাণ করেছেন দেশপ্রেম সততা এবং সদিচ্ছা থাকলে জনগনের ভালোটা করা যায়!! প্রয়োজনে ড: ইউনুসের থাকা না থাকার ব্যাপারে গণভোট হোক! জনগণ ইউনুস সরকার কে বেছে নিবে ইনশাআল্লাহ।,banglatoco,"দেশকে বদলাতে পরিচালনা পদ্ধতি পাল্টাতে হবে: প্রধান উপদেষ্টা প্রধান উপদেষ্টা ড. মুহাম্মদ ইউনূস বলেছেন, একই নিয়মে সবসময় চলা যায় না। দেশকে বদলাতে চাইলে পরিচালনার পদ্ধতি পাল্টাতে হবে। এক্ষেত্রে তরুণরা বড় ভূমিকা রাখতে পারে। বৃহস্পতিবার (৩ এপ্রিল) বিকেলে থাইল্যান্ডের ব্যাংককে বিমসটেক ইয়াং জেন ফোরামে এ কথা বলেন তিনি।",-1,-1,-1,-1,0,0,0,0,0,1
সুদের ভিত্তিতে দেশ চালাতে হবে,banglatoco,"দেশকে বদলাতে পরিচালনা পদ্ধতি পাল্টাতে হবে: প্রধান উপদেষ্টা প্রধান উপদেষ্টা ড. মুহাম্মদ ইউনূস বলেছেন, একই নিয়মে সবসময় চলা যায় না। দেশকে বদলাতে চাইলে পরিচালনার পদ্ধতি পাল্টাতে হবে। এক্ষেত্রে তরুণরা বড় ভূমিকা রাখতে পারে। বৃহস্পতিবার (৩ এপ্রিল) বিকেলে থাইল্যান্ডের ব্যাংককে বিমসটেক ইয়াং জেন ফোরামে এ কথা বলেন তিনি। তোমার আম্মুর চু#দের ভিত্তিতে চালালে আরো ভালো হবে",-1,-1,-1,-1,1,0,0,0,0,1
তোমার আম্মুর চু#দের ভিত্তিতে চালালে আরো ভালো হবে,banglatoco,"দেশকে বদলাতে পরিচালনা পদ্ধতি পাল্টাতে হবে: প্রধান উপদেষ্টা প্রধান উপদেষ্টা ড. মুহাম্মদ ইউনূস বলেছেন, একই নিয়মে সবসময় চলা যায় না। দেশকে বদলাতে চাইলে পরিচালনার পদ্ধতি পাল্টাতে হবে। এক্ষেত্রে তরুণরা বড় ভূমিকা রাখতে পারে। বৃহস্পতিবার (৩ এপ্রিল) বিকেলে থাইল্যান্ডের ব্যাংককে বিমসটেক ইয়াং জেন ফোরামে এ কথা বলেন তিনি। সুদের ভিত্তিতে দেশ চালাতে হবে",-1,-1,-1,-1,1,0,0,0,0,1
আমরা এখন নির্বাচন চাচ্ছিনা আগে দেশটাকে সুন্দর করে গুছানোর অনুরোধ করছি।ইউনুস স্যারকে আরো দশ বছর থাকার দরকার 🙂,banglatoco,"দেশকে বদলাতে পরিচালনা পদ্ধতি পাল্টাতে হবে: প্রধান উপদেষ্টা প্রধান উপদেষ্টা ড. মুহাম্মদ ইউনূস বলেছেন, একই নিয়মে সবসময় চলা যায় না। দেশকে বদলাতে চাইলে পরিচালনার পদ্ধতি পাল্টাতে হবে। এক্ষেত্রে তরুণরা বড় ভূমিকা রাখতে পারে। বৃহস্পতিবার (৩ এপ্রিল) বিকেলে থাইল্যান্ডের ব্যাংককে বিমসটেক ইয়াং জেন ফোরামে এ কথা বলেন তিনি।",-1,-1,-1,-1,0,0,0,0,0,1
সংবিধান পরিবর্তন করতে হবে,banglatoco,"দেশকে বদলাতে পরিচালনা পদ্ধতি পাল্টাতে হবে: প্রধান উপদেষ্টা প্রধান উপদেষ্টা ড. মুহাম্মদ ইউনূস বলেছেন, একই নিয়মে সবসময় চলা যায় না। দেশকে বদলাতে চাইলে পরিচালনার পদ্ধতি পাল্টাতে হবে। এক্ষেত্রে তরুণরা বড় ভূমিকা রাখতে পারে। বৃহস্পতিবার (৩ এপ্রিল) বিকেলে থাইল্যান্ডের ব্যাংককে বিমসটেক ইয়াং জেন ফোরামে এ কথা বলেন তিনি।",-1,-1,-1,-1,0,0,0,0,0,1
ইউনুস নাকি সব সময় ডাইপার ইউজ করে কথাটা কি সত্য?,banglatoco,"দেশকে বদলাতে পরিচালনা পদ্ধতি পাল্টাতে হবে: প্রধান উপদেষ্টা প্রধান উপদেষ্টা ড. মুহাম্মদ ইউনূস বলেছেন, একই নিয়মে সবসময় চলা যায় না। দেশকে বদলাতে চাইলে পরিচালনার পদ্ধতি পাল্টাতে হবে। এক্ষেত্রে তরুণরা বড় ভূমিকা রাখতে পারে। বৃহস্পতিবার (৩ এপ্রিল) বিকেলে থাইল্যান্ডের ব্যাংককে বিমসটেক ইয়াং জেন ফোরামে এ কথা বলেন তিনি।",-1,-1,-1,-1,1,0,0,0,0,1
এটাই হউক আমাদের বাংলাদেশে,banglatoco,"দেশকে বদলাতে পরিচালনা পদ্ধতি পাল্টাতে হবে: প্রধান উপদেষ্টা প্রধান উপদেষ্টা ড. মুহাম্মদ ইউনূস বলেছেন, একই নিয়মে সবসময় চলা যায় না। দেশকে বদলাতে চাইলে পরিচালনার পদ্ধতি পাল্টাতে হবে। এক্ষেত্রে তরুণরা বড় ভূমিকা রাখতে পারে। বৃহস্পতিবার (৩ এপ্রিল) বিকেলে থাইল্যান্ডের ব্যাংককে বিমসটেক ইয়াং জেন ফোরামে এ কথা বলেন তিনি।",-1,-1,-1,-1,0,0,0,0,0,1
"ড. ইউনুস বাংলাদেশের মেরুদণ্ড,, 💥💥💥💥আমরা তাকে কোনো দিন ও দেশ থেকে যেতে দিবো না",banglatoco,"দেশকে বদলাতে পরিচালনা পদ্ধতি পাল্টাতে হবে: প্রধান উপদেষ্টা প্রধান উপদেষ্টা ড. মুহাম্মদ ইউনূস বলেছেন, একই নিয়মে সবসময় চলা যায় না। দেশকে বদলাতে চাইলে পরিচালনার পদ্ধতি পাল্টাতে হবে। এক্ষেত্রে তরুণরা বড় ভূমিকা রাখতে পারে। বৃহস্পতিবার (৩ এপ্রিল) বিকেলে থাইল্যান্ডের ব্যাংককে বিমসটেক ইয়াং জেন ফোরামে এ কথা বলেন তিনি।",-1,-1,-1,-1,0,0,0,0,0,1
আপনার কাছে দেশ নিরাপদ,banglatoco,"দেশকে বদলাতে পরিচালনা পদ্ধতি পাল্টাতে হবে: প্রধান উপদেষ্টা প্রধান উপদেষ্টা ড. মুহাম্মদ ইউনূস বলেছেন, একই নিয়মে সবসময় চলা যায় না। দেশকে বদলাতে চাইলে পরিচালনার পদ্ধতি পাল্টাতে হবে। এক্ষেত্রে তরুণরা বড় ভূমিকা রাখতে পারে। বৃহস্পতিবার (৩ এপ্রিল) বিকেলে থাইল্যান্ডের ব্যাংককে বিমসটেক ইয়াং জেন ফোরামে এ কথা বলেন তিনি।",-1,-1,-1,-1,0,0,0,0,0,1
"পাল্টান স্যার, জনগন আপনার সাথে 🇧🇩❤️",banglatoco,"দেশকে বদলাতে পরিচালনা পদ্ধতি পাল্টাতে হবে: প্রধান উপদেষ্টা প্রধান উপদেষ্টা ড. মুহাম্মদ ইউনূস বলেছেন, একই নিয়মে সবসময় চলা যায় না। দেশকে বদলাতে চাইলে পরিচালনার পদ্ধতি পাল্টাতে হবে। এক্ষেত্রে তরুণরা বড় ভূমিকা রাখতে পারে। বৃহস্পতিবার (৩ এপ্রিল) বিকেলে থাইল্যান্ডের ব্যাংককে বিমসটেক ইয়াং জেন ফোরামে এ কথা বলেন তিনি।",-1,-1,-1,-1,0,0,0,0,0,1
মজা পাইছে এখন গনতন্ত্র বাদ ইউনুস তন্ত্র চালু করার দরকার,banglatoco,"দেশকে বদলাতে পরিচালনা পদ্ধতি পাল্টাতে হবে: প্রধান উপদেষ্টা প্রধান উপদেষ্টা ড. মুহাম্মদ ইউনূস বলেছেন, একই নিয়মে সবসময় চলা যায় না। দেশকে বদলাতে চাইলে পরিচালনার পদ্ধতি পাল্টাতে হবে। এক্ষেত্রে তরুণরা বড় ভূমিকা রাখতে পারে। বৃহস্পতিবার (৩ এপ্রিল) বিকেলে থাইল্যান্ডের ব্যাংককে বিমসটেক ইয়াং জেন ফোরামে এ কথা বলেন তিনি।",-1,-1,-1,-1,1,0,0,0,0,1
স্বাধীনতার পর এরকম একজন সরকার প্রধান প্রথম আসলো।,banglatoco,"দেশকে বদলাতে পরিচালনা পদ্ধতি পাল্টাতে হবে: প্রধান উপদেষ্টা প্রধান উপদেষ্টা ড. মুহাম্মদ ইউনূস বলেছেন, একই নিয়মে সবসময় চলা যায় না। দেশকে বদলাতে চাইলে পরিচালনার পদ্ধতি পাল্টাতে হবে। এক্ষেত্রে তরুণরা বড় ভূমিকা রাখতে পারে। বৃহস্পতিবার (৩ এপ্রিল) বিকেলে থাইল্যান্ডের ব্যাংককে বিমসটেক ইয়াং জেন ফোরামে এ কথা বলেন তিনি।",-1,-1,-1,-1,0,0,0,0,0,1
ট্রাম্পের উচিত শুল্ক না বাড়িয়ে তাকে নিয়ে আমেরিকার অর্থনীতি ঠিক করা। কারণ সেই বিশ্বে একমাত্র ব্যাক্তি যে সুদের কারবার করে শান্তিতে নোবেল পায়।,banglatoco,"দেশকে বদলাতে পরিচালনা পদ্ধতি পাল্টাতে হবে: প্রধান উপদেষ্টা প্রধান উপদেষ্টা ড. মুহাম্মদ ইউনূস বলেছেন, একই নিয়মে সবসময় চলা যায় না। দেশকে বদলাতে চাইলে পরিচালনার পদ্ধতি পাল্টাতে হবে। এক্ষেত্রে তরুণরা বড় ভূমিকা রাখতে পারে। বৃহস্পতিবার (৩ এপ্রিল) বিকেলে থাইল্যান্ডের ব্যাংককে বিমসটেক ইয়াং জেন ফোরামে এ কথা বলেন তিনি।",-1,-1,-1,-1,1,0,0,0,0,1
"সঠিক, যে ভাবে চলেছে তাতে এত বছরে তেমন কোন পরিবর্তন হয়নি। তাই পরিবর্তন হওয়ার দরকার আছে",banglatoco,"দেশকে বদলাতে পরিচালনা পদ্ধতি পাল্টাতে হবে: প্রধান উপদেষ্টা প্রধান উপদেষ্টা ড. মুহাম্মদ ইউনূস বলেছেন, একই নিয়মে সবসময় চলা যায় না। দেশকে বদলাতে চাইলে পরিচালনার পদ্ধতি পাল্টাতে হবে। এক্ষেত্রে তরুণরা বড় ভূমিকা রাখতে পারে। বৃহস্পতিবার (৩ এপ্রিল) বিকেলে থাইল্যান্ডের ব্যাংককে বিমসটেক ইয়াং জেন ফোরামে এ কথা বলেন তিনি।",-1,-1,-1,-1,0,0,0,0,0,1
দেশটার জন্য এমন কিছু করে যান স্যার এদেশের মানুষ যেন চিরকাল আপনাকে শ্রদ্ধার সাথে স্মরণ করে,banglatoco,"দেশকে বদলাতে পরিচালনা পদ্ধতি পাল্টাতে হবে: প্রধান উপদেষ্টা প্রধান উপদেষ্টা ড. মুহাম্মদ ইউনূস বলেছেন, একই নিয়মে সবসময় চলা যায় না। দেশকে বদলাতে চাইলে পরিচালনার পদ্ধতি পাল্টাতে হবে। এক্ষেত্রে তরুণরা বড় ভূমিকা রাখতে পারে। বৃহস্পতিবার (৩ এপ্রিল) বিকেলে থাইল্যান্ডের ব্যাংককে বিমসটেক ইয়াং জেন ফোরামে এ কথা বলেন তিনি।",-1,-1,-1,-1,0,0,0,0,0,1
সুধখোর মহাজন,banglatoco,"দেশকে বদলাতে পরিচালনা পদ্ধতি পাল্টাতে হবে: প্রধান উপদেষ্টা প্রধান উপদেষ্টা ড. মুহাম্মদ ইউনূস বলেছেন, একই নিয়মে সবসময় চলা যায় না। দেশকে বদলাতে চাইলে পরিচালনার পদ্ধতি পাল্টাতে হবে। এক্ষেত্রে তরুণরা বড় ভূমিকা রাখতে পারে। বৃহস্পতিবার (৩ এপ্রিল) বিকেলে থাইল্যান্ডের ব্যাংককে বিমসটেক ইয়াং জেন ফোরামে এ কথা বলেন তিনি।",-1,-1,-1,-1,1,0,0,0,0,1
তার চিন্তা ভাবনাই আলাদা সে দেখাইতাছে দেশ কিভাবে চালাতে হয়,banglatoco,"দেশকে বদলাতে পরিচালনা পদ্ধতি পাল্টাতে হবে: প্রধান উপদেষ্টা প্রধান উপদেষ্টা ড. মুহাম্মদ ইউনূস বলেছেন, একই নিয়মে সবসময় চলা যায় না। দেশকে বদলাতে চাইলে পরিচালনার পদ্ধতি পাল্টাতে হবে। এক্ষেত্রে তরুণরা বড় ভূমিকা রাখতে পারে। বৃহস্পতিবার (৩ এপ্রিল) বিকেলে থাইল্যান্ডের ব্যাংককে বিমসটেক ইয়াং জেন ফোরামে এ কথা বলেন তিনি।",-1,-1,-1,-1,0,0,0,0,0,1
দেশ ধ্বংসে কারিগর সুদী ইউনুস,banglatoco,"দেশকে বদলাতে পরিচালনা পদ্ধতি পাল্টাতে হবে: প্রধান উপদেষ্টা প্রধান উপদেষ্টা ড. মুহাম্মদ ইউনূস বলেছেন, একই নিয়মে সবসময় চলা যায় না। দেশকে বদলাতে চাইলে পরিচালনার পদ্ধতি পাল্টাতে হবে। এক্ষেত্রে তরুণরা বড় ভূমিকা রাখতে পারে। বৃহস্পতিবার (৩ এপ্রিল) বিকেলে থাইল্যান্ডের ব্যাংককে বিমসটেক ইয়াং জেন ফোরামে এ কথা বলেন তিনি।",-1,-1,-1,-1,1,0,0,0,0,1
সময়ের উপযোগী সিদ্ধান্তকে সাধুবাদ জানাই,banglatoco,"দেশকে বদলাতে পরিচালনা পদ্ধতি পাল্টাতে হবে: প্রধান উপদেষ্টা প্রধান উপদেষ্টা ড. মুহাম্মদ ইউনূস বলেছেন, একই নিয়মে সবসময় চলা যায় না। দেশকে বদলাতে চাইলে পরিচালনার পদ্ধতি পাল্টাতে হবে। এক্ষেত্রে তরুণরা বড় ভূমিকা রাখতে পারে। বৃহস্পতিবার (৩ এপ্রিল) বিকেলে থাইল্যান্ডের ব্যাংককে বিমসটেক ইয়াং জেন ফোরামে এ কথা বলেন তিনি।",-1,-1,-1,-1,0,0,0,0,0,1
স্বাধীনতার পক্ষের শক্তি কে ধ্বংস করে দিতে হবে তাই না মহাজন?,banglatoco,"দেশকে বদলাতে পরিচালনা পদ্ধতি পাল্টাতে হবে: প্রধান উপদেষ্টা প্রধান উপদেষ্টা ড. মুহাম্মদ ইউনূস বলেছেন, একই নিয়মে সবসময় চলা যায় না। দেশকে বদলাতে চাইলে পরিচালনার পদ্ধতি পাল্টাতে হবে। এক্ষেত্রে তরুণরা বড় ভূমিকা রাখতে পারে। বৃহস্পতিবার (৩ এপ্রিল) বিকেলে থাইল্যান্ডের ব্যাংককে বিমসটেক ইয়াং জেন ফোরামে এ কথা বলেন তিনি।",-1,-1,-1,-1,1,0,0,0,0,1
আগে আপনি বদলান !,banglatoco,"দেশকে বদলাতে পরিচালনা পদ্ধতি পাল্টাতে হবে: প্রধান উপদেষ্টা প্রধান উপদেষ্টা ড. মুহাম্মদ ইউনূস বলেছেন, একই নিয়মে সবসময় চলা যায় না। দেশকে বদলাতে চাইলে পরিচালনার পদ্ধতি পাল্টাতে হবে। এক্ষেত্রে তরুণরা বড় ভূমিকা রাখতে পারে। বৃহস্পতিবার (৩ এপ্রিল) বিকেলে থাইল্যান্ডের ব্যাংককে বিমসটেক ইয়াং জেন ফোরামে এ কথা বলেন তিনি।",-1,-1,-1,-1,1,0,0,0,0,1
এন জি ও মার্কা কথা।,banglatoco,"দেশকে বদলাতে পরিচালনা পদ্ধতি পাল্টাতে হবে: প্রধান উপদেষ্টা প্রধান উপদেষ্টা ড. মুহাম্মদ ইউনূস বলেছেন, একই নিয়মে সবসময় চলা যায় না। দেশকে বদলাতে চাইলে পরিচালনার পদ্ধতি পাল্টাতে হবে। এক্ষেত্রে তরুণরা বড় ভূমিকা রাখতে পারে। বৃহস্পতিবার (৩ এপ্রিল) বিকেলে থাইল্যান্ডের ব্যাংককে বিমসটেক ইয়াং জেন ফোরামে এ কথা বলেন তিনি।",-1,-1,-1,-1,1,0,0,0,0,1
"পাকিস্তানি দালান,,,,",banglatoco,"দেশকে বদলাতে পরিচালনা পদ্ধতি পাল্টাতে হবে: প্রধান উপদেষ্টা প্রধান উপদেষ্টা ড. মুহাম্মদ ইউনূস বলেছেন, একই নিয়মে সবসময় চলা যায় না। দেশকে বদলাতে চাইলে পরিচালনার পদ্ধতি পাল্টাতে হবে। এক্ষেত্রে তরুণরা বড় ভূমিকা রাখতে পারে। বৃহস্পতিবার (৩ এপ্রিল) বিকেলে থাইল্যান্ডের ব্যাংককে বিমসটেক ইয়াং জেন ফোরামে এ কথা বলেন তিনি।",-1,-1,-1,-1,1,0,0,0,0,1
আমার ওসব খয়রাতি বুদ্ধি কোন দেশ শুনলে সেই দেশ ভিক্ষা করতে নামবে রাস্তায় রাস্তায়,banglatoco,"দেশকে বদলাতে পরিচালনা পদ্ধতি পাল্টাতে হবে: প্রধান উপদেষ্টা প্রধান উপদেষ্টা ড. মুহাম্মদ ইউনূস বলেছেন, একই নিয়মে সবসময় চলা যায় না। দেশকে বদলাতে চাইলে পরিচালনার পদ্ধতি পাল্টাতে হবে। এক্ষেত্রে তরুণরা বড় ভূমিকা রাখতে পারে। বৃহস্পতিবার (৩ এপ্রিল) বিকেলে থাইল্যান্ডের ব্যাংককে বিমসটেক ইয়াং জেন ফোরামে এ কথা বলেন তিনি।",-1,-1,-1,-1,1,0,0,0,0,1
জ্ঞানী লোকের জ্ঞানী কথা,banglatoco,"দেশকে বদলাতে পরিচালনা পদ্ধতি পাল্টাতে হবে: প্রধান উপদেষ্টা প্রধান উপদেষ্টা ড. মুহাম্মদ ইউনূস বলেছেন, একই নিয়মে সবসময় চলা যায় না। দেশকে বদলাতে চাইলে পরিচালনার পদ্ধতি পাল্টাতে হবে। এক্ষেত্রে তরুণরা বড় ভূমিকা রাখতে পারে। বৃহস্পতিবার (৩ এপ্রিল) বিকেলে থাইল্যান্ডের ব্যাংককে বিমসটেক ইয়াং জেন ফোরামে এ কথা বলেন তিনি।",-1,-1,-1,-1,0,0,0,0,0,1
মালে কয় কি,banglatoco,"দেশকে বদলাতে পরিচালনা পদ্ধতি পাল্টাতে হবে: প্রধান উপদেষ্টা প্রধান উপদেষ্টা ড. মুহাম্মদ ইউনূস বলেছেন, একই নিয়মে সবসময় চলা যায় না। দেশকে বদলাতে চাইলে পরিচালনার পদ্ধতি পাল্টাতে হবে। এক্ষেত্রে তরুণরা বড় ভূমিকা রাখতে পারে। বৃহস্পতিবার (৩ এপ্রিল) বিকেলে থাইল্যান্ডের ব্যাংককে বিমসটেক ইয়াং জেন ফোরামে এ কথা বলেন তিনি।",-1,-1,-1,-1,1,0,0,0,0,1
"তোরে জুতাপেটা করতে হবে সালা, তারেক জিয়ারমত সব নিজ প্রতিষ্ঠানে নাও",banglatoco,"দেশকে বদলাতে পরিচালনা পদ্ধতি পাল্টাতে হবে: প্রধান উপদেষ্টা প্রধান উপদেষ্টা ড. মুহাম্মদ ইউনূস বলেছেন, একই নিয়মে সবসময় চলা যায় না। দেশকে বদলাতে চাইলে পরিচালনার পদ্ধতি পাল্টাতে হবে। এক্ষেত্রে তরুণরা বড় ভূমিকা রাখতে পারে। বৃহস্পতিবার (৩ এপ্রিল) বিকেলে থাইল্যান্ডের ব্যাংককে বিমসটেক ইয়াং জেন ফোরামে এ কথা বলেন তিনি।",-1,-1,-1,-1,1,0,0,0,0,1
চীন গিয়ে আনছে প্রথম পুরস্কার ৩৭% আর মিডিয়া জঙ্গি রা পা চাটে আর বলে সুদ খোর আব্বা আব্বা চেরাগ নিয়ে আসছে এখন থাইল্যান্ড গিয়ে আনবে মোদির কাছে পরে পুরস্কার লও ঠেলা,banglatoco,"দেশকে বদলাতে পরিচালনা পদ্ধতি পাল্টাতে হবে: প্রধান উপদেষ্টা প্রধান উপদেষ্টা ড. মুহাম্মদ ইউনূস বলেছেন, একই নিয়মে সবসময় চলা যায় না। দেশকে বদলাতে চাইলে পরিচালনার পদ্ধতি পাল্টাতে হবে। এক্ষেত্রে তরুণরা বড় ভূমিকা রাখতে পারে। বৃহস্পতিবার (৩ এপ্রিল) বিকেলে থাইল্যান্ডের ব্যাংককে বিমসটেক ইয়াং জেন ফোরামে এ কথা বলেন তিনি।",-1,-1,-1,-1,1,0,0,0,0,1
তুই তো বেডা নামাজ এই পড়তে পারস দেশ পালটাইবে কিভাবে,banglatoco,"দেশকে বদলাতে পরিচালনা পদ্ধতি পাল্টাতে হবে: প্রধান উপদেষ্টা প্রধান উপদেষ্টা ড. মুহাম্মদ ইউনূস বলেছেন, একই নিয়মে সবসময় চলা যায় না। দেশকে বদলাতে চাইলে পরিচালনার পদ্ধতি পাল্টাতে হবে। এক্ষেত্রে তরুণরা বড় ভূমিকা রাখতে পারে। বৃহস্পতিবার (৩ এপ্রিল) বিকেলে থাইল্যান্ডের ব্যাংককে বিমসটেক ইয়াং জেন ফোরামে এ কথা বলেন তিনি।",-1,-1,-1,-1,1,0,0,0,0,1
লেকচার বাদ দিয়ে জনগনের নিরাপত্তা দে হারামজাদা!তানা হলে তোর সংস্কার গিলে খাবে!,banglatoco,"দেশকে বদলাতে পরিচালনা পদ্ধতি পাল্টাতে হবে: প্রধান উপদেষ্টা প্রধান উপদেষ্টা ড. মুহাম্মদ ইউনূস বলেছেন, একই নিয়মে সবসময় চলা যায় না। দেশকে বদলাতে চাইলে পরিচালনার পদ্ধতি পাল্টাতে হবে। এক্ষেত্রে তরুণরা বড় ভূমিকা রাখতে পারে। বৃহস্পতিবার (৩ এপ্রিল) বিকেলে থাইল্যান্ডের ব্যাংককে বিমসটেক ইয়াং জেন ফোরামে এ কথা বলেন তিনি।",-1,-1,-1,-1,1,0,0,0,0,1
"বলে গেলেন বিমসটেকের চেয়ারম্যান হবেন এখন শুনি রাষ্ট্র সভাপতির দায়িত্ব পাইলো,,,, আপনি আর রাষ্ট্র একজিনিস নারে সুদিউইনুস।",banglatoco,"দেশকে বদলাতে পরিচালনা পদ্ধতি পাল্টাতে হবে: প্রধান উপদেষ্টা প্রধান উপদেষ্টা ড. মুহাম্মদ ইউনূস বলেছেন, একই নিয়মে সবসময় চলা যায় না। দেশকে বদলাতে চাইলে পরিচালনার পদ্ধতি পাল্টাতে হবে। এক্ষেত্রে তরুণরা বড় ভূমিকা রাখতে পারে। বৃহস্পতিবার (৩ এপ্রিল) বিকেলে থাইল্যান্ডের ব্যাংককে বিমসটেক ইয়াং জেন ফোরামে এ কথা বলেন তিনি।",-1,-1,-1,-1,1,0,0,0,0,1
তর পোষাক বদলা সুদখোর,banglatoco,"দেশকে বদলাতে পরিচালনা পদ্ধতি পাল্টাতে হবে: প্রধান উপদেষ্টা প্রধান উপদেষ্টা ড. মুহাম্মদ ইউনূস বলেছেন, একই নিয়মে সবসময় চলা যায় না। দেশকে বদলাতে চাইলে পরিচালনার পদ্ধতি পাল্টাতে হবে। এক্ষেত্রে তরুণরা বড় ভূমিকা রাখতে পারে। বৃহস্পতিবার (৩ এপ্রিল) বিকেলে থাইল্যান্ডের ব্যাংককে বিমসটেক ইয়াং জেন ফোরামে এ কথা বলেন তিনি।",-1,-1,-1,-1,1,0,0,0,0,1
মা শা আল্লাহ তাদের দাম্পত্য জীবন সুখময় হোক।,banglatoco,"বিয়ে করেছেন রাবা খান ও আরাফাত মহসিন বিয়ে করেছেন গায়ক ও সংগীত পরিচালক আরাফাত মহসিন ও কনটেন্ট ক্রিয়েটর রাবা খান। শুক্রবার বিকেলে ঢাকার তেজগাঁওয়ের একটি রেস্তোরাঁয় বিয়ের আনুষ্ঠানিকতা সেরেছেন তাঁরা। চার বছর ধরে প্রেম করেছেন তাঁরা। আরাফাত মহসিন গতকাল প্রথম আলোকে বলেন, ‘সবার কাছে দোয়া চাইছি।’",-1,-1,-1,-1,0,0,0,0,0,1
মাশাআল্লাহ অনেক সুন্দর লাগতাছে ভাই জান,banglatoco,"বিয়ে করেছেন রাবা খান ও আরাফাত মহসিন বিয়ে করেছেন গায়ক ও সংগীত পরিচালক আরাফাত মহসিন ও কনটেন্ট ক্রিয়েটর রাবা খান। শুক্রবার বিকেলে ঢাকার তেজগাঁওয়ের একটি রেস্তোরাঁয় বিয়ের আনুষ্ঠানিকতা সেরেছেন তাঁরা। চার বছর ধরে প্রেম করেছেন তাঁরা। আরাফাত মহসিন গতকাল প্রথম আলোকে বলেন, ‘সবার কাছে দোয়া চাইছি।’",-1,-1,-1,-1,0,0,0,0,0,1
বাহ ভালো খবর 😃,banglatoco,"বিয়ে করেছেন রাবা খান ও আরাফাত মহসিন বিয়ে করেছেন গায়ক ও সংগীত পরিচালক আরাফাত মহসিন ও কনটেন্ট ক্রিয়েটর রাবা খান। শুক্রবার বিকেলে ঢাকার তেজগাঁওয়ের একটি রেস্তোরাঁয় বিয়ের আনুষ্ঠানিকতা সেরেছেন তাঁরা। চার বছর ধরে প্রেম করেছেন তাঁরা। আরাফাত মহসিন গতকাল প্রথম আলোকে বলেন, ‘সবার কাছে দোয়া চাইছি।’ দারুণ শুভ বিকাল আপু",-1,-1,-1,-1,0,0,0,0,0,1
"এটাই শেষ নয়, মাত্র শুরু..বেঁচে থাকলে তাদের অনেক বিয়ে দেখতে পাবো",banglatoco,"বিয়ে করেছেন রাবা খান ও আরাফাত মহসিন বিয়ে করেছেন গায়ক ও সংগীত পরিচালক আরাফাত মহসিন ও কনটেন্ট ক্রিয়েটর রাবা খান। শুক্রবার বিকেলে ঢাকার তেজগাঁওয়ের একটি রেস্তোরাঁয় বিয়ের আনুষ্ঠানিকতা সেরেছেন তাঁরা। চার বছর ধরে প্রেম করেছেন তাঁরা। আরাফাত মহসিন গতকাল প্রথম আলোকে বলেন, ‘সবার কাছে দোয়া চাইছি।’",-1,-1,-1,-1,1,0,0,0,0,1
হায়! হায়! রাবা খান ডিস্কোবল না সেজেই বিয়ে করে ফেললো?,banglatoco,"বিয়ে করেছেন রাবা খান ও আরাফাত মহসিন বিয়ে করেছেন গায়ক ও সংগীত পরিচালক আরাফাত মহসিন ও কনটেন্ট ক্রিয়েটর রাবা খান। শুক্রবার বিকেলে ঢাকার তেজগাঁওয়ের একটি রেস্তোরাঁয় বিয়ের আনুষ্ঠানিকতা সেরেছেন তাঁরা। চার বছর ধরে প্রেম করেছেন তাঁরা। আরাফাত মহসিন গতকাল প্রথম আলোকে বলেন, ‘সবার কাছে দোয়া চাইছি।’",-1,-1,-1,-1,1,0,0,0,0,1
এই সাংবাদিকরা খাইলে কাম নাই ওর মায়ের বিয়ার খবর দেয়,banglatoco,"বিয়ে করেছেন রাবা খান ও আরাফাত মহসিন বিয়ে করেছেন গায়ক ও সংগীত পরিচালক আরাফাত মহসিন ও কনটেন্ট ক্রিয়েটর রাবা খান। শুক্রবার বিকেলে ঢাকার তেজগাঁওয়ের একটি রেস্তোরাঁয় বিয়ের আনুষ্ঠানিকতা সেরেছেন তাঁরা। চার বছর ধরে প্রেম করেছেন তাঁরা। আরাফাত মহসিন গতকাল প্রথম আলোকে বলেন, ‘সবার কাছে দোয়া চাইছি।’",-1,-1,-1,-1,1,0,0,0,0,1
বারা খান কেডা রে আবার,banglatoco,"বিয়ে করেছেন রাবা খান ও আরাফাত মহসিন বিয়ে করেছেন গায়ক ও সংগীত পরিচালক আরাফাত মহসিন ও কনটেন্ট ক্রিয়েটর রাবা খান। শুক্রবার বিকেলে ঢাকার তেজগাঁওয়ের একটি রেস্তোরাঁয় বিয়ের আনুষ্ঠানিকতা সেরেছেন তাঁরা। চার বছর ধরে প্রেম করেছেন তাঁরা। আরাফাত মহসিন গতকাল প্রথম আলোকে বলেন, ‘সবার কাছে দোয়া চাইছি।’",-1,-1,-1,-1,1,0,0,0,0,1
"দুজনকেই চিনিনা, আজকেই প্রথম দেখলাম",banglatoco,"বিয়ে করেছেন রাবা খান ও আরাফাত মহসিন বিয়ে করেছেন গায়ক ও সংগীত পরিচালক আরাফাত মহসিন ও কনটেন্ট ক্রিয়েটর রাবা খান। শুক্রবার বিকেলে ঢাকার তেজগাঁওয়ের একটি রেস্তোরাঁয় বিয়ের আনুষ্ঠানিকতা সেরেছেন তাঁরা। চার বছর ধরে প্রেম করেছেন তাঁরা। আরাফাত মহসিন গতকাল প্রথম আলোকে বলেন, ‘সবার কাছে দোয়া চাইছি।’ চেনার কি দরকার....",-1,-1,-1,-1,0,0,0,0,0,1
এরে একসময় বাড়াখান বলে চিনতাম,banglatoco,"বিয়ে করেছেন রাবা খান ও আরাফাত মহসিন বিয়ে করেছেন গায়ক ও সংগীত পরিচালক আরাফাত মহসিন ও কনটেন্ট ক্রিয়েটর রাবা খান। শুক্রবার বিকেলে ঢাকার তেজগাঁওয়ের একটি রেস্তোরাঁয় বিয়ের আনুষ্ঠানিকতা সেরেছেন তাঁরা। চার বছর ধরে প্রেম করেছেন তাঁরা। আরাফাত মহসিন গতকাল প্রথম আলোকে বলেন, ‘সবার কাছে দোয়া চাইছি।’",-1,-1,-1,-1,1,0,0,0,0,1
উনার নাম তো জানতাম বাড়া খান।,banglatoco,"বিয়ে করেছেন রাবা খান ও আরাফাত মহসিন বিয়ে করেছেন গায়ক ও সংগীত পরিচালক আরাফাত মহসিন ও কনটেন্ট ক্রিয়েটর রাবা খান। শুক্রবার বিকেলে ঢাকার তেজগাঁওয়ের একটি রেস্তোরাঁয় বিয়ের আনুষ্ঠানিকতা সেরেছেন তাঁরা। চার বছর ধরে প্রেম করেছেন তাঁরা। আরাফাত মহসিন গতকাল প্রথম আলোকে বলেন, ‘সবার কাছে দোয়া চাইছি।’",-1,-1,-1,-1,1,0,0,0,0,1
মেশিন চলবে তো ঠিকমতো? সন্দেহ হচ্ছে,banglatoco,"বিয়ে করেছেন রাবা খান ও আরাফাত মহসিন বিয়ে করেছেন গায়ক ও সংগীত পরিচালক আরাফাত মহসিন ও কনটেন্ট ক্রিয়েটর রাবা খান। শুক্রবার বিকেলে ঢাকার তেজগাঁওয়ের একটি রেস্তোরাঁয় বিয়ের আনুষ্ঠানিকতা সেরেছেন তাঁরা। চার বছর ধরে প্রেম করেছেন তাঁরা। আরাফাত মহসিন গতকাল প্রথম আলোকে বলেন, ‘সবার কাছে দোয়া চাইছি।’",-1,-1,-1,-1,1,0,0,0,0,1
এটা কি তৃতীয় লিঙ্গ,banglatoco,"বিয়ে করেছেন রাবা খান ও আরাফাত মহসিন বিয়ে করেছেন গায়ক ও সংগীত পরিচালক আরাফাত মহসিন ও কনটেন্ট ক্রিয়েটর রাবা খান। শুক্রবার বিকেলে ঢাকার তেজগাঁওয়ের একটি রেস্তোরাঁয় বিয়ের আনুষ্ঠানিকতা সেরেছেন তাঁরা। চার বছর ধরে প্রেম করেছেন তাঁরা। আরাফাত মহসিন গতকাল প্রথম আলোকে বলেন, ‘সবার কাছে দোয়া চাইছি।’",-1,-1,-1,-1,1,0,0,0,0,1
এখন কি উপহার হিসেবে প্রোটেকশন পাঠাতে হবে??😱,banglatoco,"বিয়ে করেছেন রাবা খান ও আরাফাত মহসিন বিয়ে করেছেন গায়ক ও সংগীত পরিচালক আরাফাত মহসিন ও কনটেন্ট ক্রিয়েটর রাবা খান। শুক্রবার বিকেলে ঢাকার তেজগাঁওয়ের একটি রেস্তোরাঁয় বিয়ের আনুষ্ঠানিকতা সেরেছেন তাঁরা। চার বছর ধরে প্রেম করেছেন তাঁরা। আরাফাত মহসিন গতকাল প্রথম আলোকে বলেন, ‘সবার কাছে দোয়া চাইছি।’",-1,-1,-1,-1,1,0,0,0,0,1
বাঁড়া খান 🥴🥴🥴🥴,banglatoco,"বিয়ে করেছেন রাবা খান ও আরাফাত মহসিন বিয়ে করেছেন গায়ক ও সংগীত পরিচালক আরাফাত মহসিন ও কনটেন্ট ক্রিয়েটর রাবা খান। শুক্রবার বিকেলে ঢাকার তেজগাঁওয়ের একটি রেস্তোরাঁয় বিয়ের আনুষ্ঠানিকতা সেরেছেন তাঁরা। চার বছর ধরে প্রেম করেছেন তাঁরা। আরাফাত মহসিন গতকাল প্রথম আলোকে বলেন, ‘সবার কাছে দোয়া চাইছি।’",-1,-1,-1,-1,1,0,0,0,0,1
রাবা খান নাকি বারা খান হবে?,banglatoco,"বিয়ে করেছেন রাবা খান ও আরাফাত মহসিন বিয়ে করেছেন গায়ক ও সংগীত পরিচালক আরাফাত মহসিন ও কনটেন্ট ক্রিয়েটর রাবা খান। শুক্রবার বিকেলে ঢাকার তেজগাঁওয়ের একটি রেস্তোরাঁয় বিয়ের আনুষ্ঠানিকতা সেরেছেন তাঁরা। চার বছর ধরে প্রেম করেছেন তাঁরা। আরাফাত মহসিন গতকাল প্রথম আলোকে বলেন, ‘সবার কাছে দোয়া চাইছি।’",-1,-1,-1,-1,1,0,0,0,0,1
ভেঙ্গে গেলো বারা খানের সংসার_অগ্রীম নিউজ 🙂,banglatoco,"বিয়ে করেছেন রাবা খান ও আরাফাত মহসিন বিয়ে করেছেন গায়ক ও সংগীত পরিচালক আরাফাত মহসিন ও কনটেন্ট ক্রিয়েটর রাবা খান। শুক্রবার বিকেলে ঢাকার তেজগাঁওয়ের একটি রেস্তোরাঁয় বিয়ের আনুষ্ঠানিকতা সেরেছেন তাঁরা। চার বছর ধরে প্রেম করেছেন তাঁরা। আরাফাত মহসিন গতকাল প্রথম আলোকে বলেন, ‘সবার কাছে দোয়া চাইছি।’",-1,-1,-1,-1,1,0,0,0,0,1
বাড়া,banglatoco,"বিয়ে করেছেন রাবা খান ও আরাফাত মহসিন বিয়ে করেছেন গায়ক ও সংগীত পরিচালক আরাফাত মহসিন ও কনটেন্ট ক্রিয়েটর রাবা খান। শুক্রবার বিকেলে ঢাকার তেজগাঁওয়ের একটি রেস্তোরাঁয় বিয়ের আনুষ্ঠানিকতা সেরেছেন তাঁরা। চার বছর ধরে প্রেম করেছেন তাঁরা। আরাফাত মহসিন গতকাল প্রথম আলোকে বলেন, ‘সবার কাছে দোয়া চাইছি।’",-1,-1,-1,-1,1,0,0,0,0,1
রাবা খানের মুখটা অনেক বড় আছে মুখে দিয়ে চুষে আনন্দ দিতে পারবে কিন্তু নিচে দিয়া লুজ হয়ে গেছে ছেলে মজা পাবে না,banglatoco,"বিয়ে করেছেন রাবা খান ও আরাফাত মহসিন বিয়ে করেছেন গায়ক ও সংগীত পরিচালক আরাফাত মহসিন ও কনটেন্ট ক্রিয়েটর রাবা খান। শুক্রবার বিকেলে ঢাকার তেজগাঁওয়ের একটি রেস্তোরাঁয় বিয়ের আনুষ্ঠানিকতা সেরেছেন তাঁরা। চার বছর ধরে প্রেম করেছেন তাঁরা। আরাফাত মহসিন গতকাল প্রথম আলোকে বলেন, ‘সবার কাছে দোয়া চাইছি।’",-1,-1,-1,-1,1,0,0,0,0,1
এরা কারা,banglatoco,"বিয়ে করেছেন রাবা খান ও আরাফাত মহসিন বিয়ে করেছেন গায়ক ও সংগীত পরিচালক আরাফাত মহসিন ও কনটেন্ট ক্রিয়েটর রাবা খান। শুক্রবার বিকেলে ঢাকার তেজগাঁওয়ের একটি রেস্তোরাঁয় বিয়ের আনুষ্ঠানিকতা সেরেছেন তাঁরা। চার বছর ধরে প্রেম করেছেন তাঁরা। আরাফাত মহসিন গতকাল প্রথম আলোকে বলেন, ‘সবার কাছে দোয়া চাইছি।’",-1,-1,-1,-1,0,0,0,0,0,1
ভিনি পেনাল্টি মিস শিল্পের কাতারে নিয়ে গেছে😁,banglatoco,"ভিনির পেনাল্টি মিস, শেষ মুহূর্তে গোল খেয়ে রিয়ালের হার... রিয়াল মাদ্রিদের জার্সিতে ২০০তম লা লিগা ম্যাচ। এক গোল করার পরও মাইলফলকের সেই ম্যাচটাকে নিশ্চিত মনে রাখতে চাইবেন না ভিনিসিয়ুস জুনিয়র। যোগ করা সময়ে গোল খেয়ে ঘরের মাঠে ভ্যালেন্সিয়ার কাছে ২-১ গোলে হেরেছে রিয়াল ।  আর সেই হারে সবচেয়ে বড় দায়টা যে তাঁরই। ১৩ মিনিটে দলকে এগিয়ে দেওয়ার সুযোগ নষ্ট করেছেন পেনাল্টি মিস করে। ভিনিসিয়ুসের দুর্বল শট ভ্যালেন্সিয়া গোলরক্ষক গিওর্গি মামারদাশভিলি ফিরিয়ে দেওয়ার ২ মিনিট পরেই এগিয়ে যায় ভ্যালেন্সিয়া। দিয়েগো লোপেজের দারুণ এক কর্নার থেকে হেড করে গোল করেন মুকতার দিয়াখাবি। এখনো হয়তো তোমাদের goat এর সমন হয় নাই 😆",-1,-1,-1,-1,1,0,0,0,0,1
ভুয়া😃😃,banglatoco,"ভিনির পেনাল্টি মিস, শেষ মুহূর্তে গোল খেয়ে রিয়ালের হার... রিয়াল মাদ্রিদের জার্সিতে ২০০তম লা লিগা ম্যাচ। এক গোল করার পরও মাইলফলকের সেই ম্যাচটাকে নিশ্চিত মনে রাখতে চাইবেন না ভিনিসিয়ুস জুনিয়র। যোগ করা সময়ে গোল খেয়ে ঘরের মাঠে ভ্যালেন্সিয়ার কাছে ২-১ গোলে হেরেছে রিয়াল ।  আর সেই হারে সবচেয়ে বড় দায়টা যে তাঁরই। ১৩ মিনিটে দলকে এগিয়ে দেওয়ার সুযোগ নষ্ট করেছেন পেনাল্টি মিস করে। ভিনিসিয়ুসের দুর্বল শট ভ্যালেন্সিয়া গোলরক্ষক গিওর্গি মামারদাশভিলি ফিরিয়ে দেওয়ার ২ মিনিট পরেই এগিয়ে যায় ভ্যালেন্সিয়া। দিয়েগো লোপেজের দারুণ এক কর্নার থেকে হেড করে গোল করেন মুকতার দিয়াখাবি।",-1,-1,-1,-1,1,0,0,0,0,1
এরে পেনাল্টি মারতে দেয় কোন সালা।,banglatoco,"ভিনির পেনাল্টি মিস, শেষ মুহূর্তে গোল খেয়ে রিয়ালের হার... রিয়াল মাদ্রিদের জার্সিতে ২০০তম লা লিগা ম্যাচ। এক গোল করার পরও মাইলফলকের সেই ম্যাচটাকে নিশ্চিত মনে রাখতে চাইবেন না ভিনিসিয়ুস জুনিয়র। যোগ করা সময়ে গোল খেয়ে ঘরের মাঠে ভ্যালেন্সিয়ার কাছে ২-১ গোলে হেরেছে রিয়াল ।  আর সেই হারে সবচেয়ে বড় দায়টা যে তাঁরই। ১৩ মিনিটে দলকে এগিয়ে দেওয়ার সুযোগ নষ্ট করেছেন পেনাল্টি মিস করে। ভিনিসিয়ুসের দুর্বল শট ভ্যালেন্সিয়া গোলরক্ষক গিওর্গি মামারদাশভিলি ফিরিয়ে দেওয়ার ২ মিনিট পরেই এগিয়ে যায় ভ্যালেন্সিয়া। দিয়েগো লোপেজের দারুণ এক কর্নার থেকে হেড করে গোল করেন মুকতার দিয়াখাবি।",-1,-1,-1,-1,1,0,0,0,0,1
হতভাগা কপালপোড়া 🤭,banglatoco,"ভিনির পেনাল্টি মিস, শেষ মুহূর্তে গোল খেয়ে রিয়ালের হার... রিয়াল মাদ্রিদের জার্সিতে ২০০তম লা লিগা ম্যাচ। এক গোল করার পরও মাইলফলকের সেই ম্যাচটাকে নিশ্চিত মনে রাখতে চাইবেন না ভিনিসিয়ুস জুনিয়র। যোগ করা সময়ে গোল খেয়ে ঘরের মাঠে ভ্যালেন্সিয়ার কাছে ২-১ গোলে হেরেছে রিয়াল ।  আর সেই হারে সবচেয়ে বড় দায়টা যে তাঁরই। ১৩ মিনিটে দলকে এগিয়ে দেওয়ার সুযোগ নষ্ট করেছেন পেনাল্টি মিস করে। ভিনিসিয়ুসের দুর্বল শট ভ্যালেন্সিয়া গোলরক্ষক গিওর্গি মামারদাশভিলি ফিরিয়ে দেওয়ার ২ মিনিট পরেই এগিয়ে যায় ভ্যালেন্সিয়া। দিয়েগো লোপেজের দারুণ এক কর্নার থেকে হেড করে গোল করেন মুকতার দিয়াখাবি।",-1,-1,-1,-1,1,0,0,0,0,1
মা পেনাল্টি আজকে রেফারির সহায়তা মিস করলাম আহ্ আহ্ বুকে ব্যথা।,banglatoco,"ভিনির পেনাল্টি মিস, শেষ মুহূর্তে গোল খেয়ে রিয়ালের হার... রিয়াল মাদ্রিদের জার্সিতে ২০০তম লা লিগা ম্যাচ। এক গোল করার পরও মাইলফলকের সেই ম্যাচটাকে নিশ্চিত মনে রাখতে চাইবেন না ভিনিসিয়ুস জুনিয়র। যোগ করা সময়ে গোল খেয়ে ঘরের মাঠে ভ্যালেন্সিয়ার কাছে ২-১ গোলে হেরেছে রিয়াল ।  আর সেই হারে সবচেয়ে বড় দায়টা যে তাঁরই। ১৩ মিনিটে দলকে এগিয়ে দেওয়ার সুযোগ নষ্ট করেছেন পেনাল্টি মিস করে। ভিনিসিয়ুসের দুর্বল শট ভ্যালেন্সিয়া গোলরক্ষক গিওর্গি মামারদাশভিলি ফিরিয়ে দেওয়ার ২ মিনিট পরেই এগিয়ে যায় ভ্যালেন্সিয়া। দিয়েগো লোপেজের দারুণ এক কর্নার থেকে হেড করে গোল করেন মুকতার দিয়াখাবি।",-1,-1,-1,-1,1,0,0,0,0,1
তারমানে লালিগা ট্রফি জিতার আশা শেষ রিয়ালের।,banglatoco,"ভিনির পেনাল্টি মিস, শেষ মুহূর্তে গোল খেয়ে রিয়ালের হার... রিয়াল মাদ্রিদের জার্সিতে ২০০তম লা লিগা ম্যাচ। এক গোল করার পরও মাইলফলকের সেই ম্যাচটাকে নিশ্চিত মনে রাখতে চাইবেন না ভিনিসিয়ুস জুনিয়র। যোগ করা সময়ে গোল খেয়ে ঘরের মাঠে ভ্যালেন্সিয়ার কাছে ২-১ গোলে হেরেছে রিয়াল ।  আর সেই হারে সবচেয়ে বড় দায়টা যে তাঁরই। ১৩ মিনিটে দলকে এগিয়ে দেওয়ার সুযোগ নষ্ট করেছেন পেনাল্টি মিস করে। ভিনিসিয়ুসের দুর্বল শট ভ্যালেন্সিয়া গোলরক্ষক গিওর্গি মামারদাশভিলি ফিরিয়ে দেওয়ার ২ মিনিট পরেই এগিয়ে যায় ভ্যালেন্সিয়া। দিয়েগো লোপেজের দারুণ এক কর্নার থেকে হেড করে গোল করেন মুকতার দিয়াখাবি।",-1,-1,-1,-1,0,0,0,0,0,1
সে ১০ গুণ বেশি শক্তিশালী হয়ে ফিরবে,banglatoco,"ভিনির পেনাল্টি মিস, শেষ মুহূর্তে গোল খেয়ে রিয়ালের হার... রিয়াল মাদ্রিদের জার্সিতে ২০০তম লা লিগা ম্যাচ। এক গোল করার পরও মাইলফলকের সেই ম্যাচটাকে নিশ্চিত মনে রাখতে চাইবেন না ভিনিসিয়ুস জুনিয়র। যোগ করা সময়ে গোল খেয়ে ঘরের মাঠে ভ্যালেন্সিয়ার কাছে ২-১ গোলে হেরেছে রিয়াল ।  আর সেই হারে সবচেয়ে বড় দায়টা যে তাঁরই। ১৩ মিনিটে দলকে এগিয়ে দেওয়ার সুযোগ নষ্ট করেছেন পেনাল্টি মিস করে। ভিনিসিয়ুসের দুর্বল শট ভ্যালেন্সিয়া গোলরক্ষক গিওর্গি মামারদাশভিলি ফিরিয়ে দেওয়ার ২ মিনিট পরেই এগিয়ে যায় ভ্যালেন্সিয়া। দিয়েগো লোপেজের দারুণ এক কর্নার থেকে হেড করে গোল করেন মুকতার দিয়াখাবি।",-1,-1,-1,-1,0,0,0,0,0,1
টাইটেল রেস থেকে অনেকটাই ছিটকে গেল বিয়াল,banglatoco,"ভিনির পেনাল্টি মিস, শেষ মুহূর্তে গোল খেয়ে রিয়ালের হার... রিয়াল মাদ্রিদের জার্সিতে ২০০তম লা লিগা ম্যাচ। এক গোল করার পরও মাইলফলকের সেই ম্যাচটাকে নিশ্চিত মনে রাখতে চাইবেন না ভিনিসিয়ুস জুনিয়র। যোগ করা সময়ে গোল খেয়ে ঘরের মাঠে ভ্যালেন্সিয়ার কাছে ২-১ গোলে হেরেছে রিয়াল ।  আর সেই হারে সবচেয়ে বড় দায়টা যে তাঁরই। ১৩ মিনিটে দলকে এগিয়ে দেওয়ার সুযোগ নষ্ট করেছেন পেনাল্টি মিস করে। ভিনিসিয়ুসের দুর্বল শট ভ্যালেন্সিয়া গোলরক্ষক গিওর্গি মামারদাশভিলি ফিরিয়ে দেওয়ার ২ মিনিট পরেই এগিয়ে যায় ভ্যালেন্সিয়া। দিয়েগো লোপেজের দারুণ এক কর্নার থেকে হেড করে গোল করেন মুকতার দিয়াখাবি।",-1,-1,-1,-1,0,0,0,0,0,1
কালা মানিক ভেন ভেন 🤪🤪,banglatoco,"ভিনির পেনাল্টি মিস, শেষ মুহূর্তে গোল খেয়ে রিয়ালের হার... রিয়াল মাদ্রিদের জার্সিতে ২০০তম লা লিগা ম্যাচ। এক গোল করার পরও মাইলফলকের সেই ম্যাচটাকে নিশ্চিত মনে রাখতে চাইবেন না ভিনিসিয়ুস জুনিয়র। যোগ করা সময়ে গোল খেয়ে ঘরের মাঠে ভ্যালেন্সিয়ার কাছে ২-১ গোলে হেরেছে রিয়াল ।  আর সেই হারে সবচেয়ে বড় দায়টা যে তাঁরই। ১৩ মিনিটে দলকে এগিয়ে দেওয়ার সুযোগ নষ্ট করেছেন পেনাল্টি মিস করে। ভিনিসিয়ুসের দুর্বল শট ভ্যালেন্সিয়া গোলরক্ষক গিওর্গি মামারদাশভিলি ফিরিয়ে দেওয়ার ২ মিনিট পরেই এগিয়ে যায় ভ্যালেন্সিয়া। দিয়েগো লোপেজের দারুণ এক কর্নার থেকে হেড করে গোল করেন মুকতার দিয়াখাবি।",-1,-1,-1,-1,1,0,0,0,0,1
"ওই হলুদ মিডিয়া ভিনির কথা বলছিস ভিনি তো তাও একটা গোল করছে,,,তোদের আব্বা আম্বাপে কি খেলছে",banglatoco,"ভিনির পেনাল্টি মিস, শেষ মুহূর্তে গোল খেয়ে রিয়ালের হার... রিয়াল মাদ্রিদের জার্সিতে ২০০তম লা লিগা ম্যাচ। এক গোল করার পরও মাইলফলকের সেই ম্যাচটাকে নিশ্চিত মনে রাখতে চাইবেন না ভিনিসিয়ুস জুনিয়র। যোগ করা সময়ে গোল খেয়ে ঘরের মাঠে ভ্যালেন্সিয়ার কাছে ২-১ গোলে হেরেছে রিয়াল ।  আর সেই হারে সবচেয়ে বড় দায়টা যে তাঁরই। ১৩ মিনিটে দলকে এগিয়ে দেওয়ার সুযোগ নষ্ট করেছেন পেনাল্টি মিস করে। ভিনিসিয়ুসের দুর্বল শট ভ্যালেন্সিয়া গোলরক্ষক গিওর্গি মামারদাশভিলি ফিরিয়ে দেওয়ার ২ মিনিট পরেই এগিয়ে যায় ভ্যালেন্সিয়া। দিয়েগো লোপেজের দারুণ এক কর্নার থেকে হেড করে গোল করেন মুকতার দিয়াখাবি।",-1,-1,-1,-1,1,0,0,0,0,1
এমবাপ্পে মিচ করলে আরো মজা পেতাম।,banglatoco,"ভিনির পেনাল্টি মিস, শেষ মুহূর্তে গোল খেয়ে রিয়ালের হার... রিয়াল মাদ্রিদের জার্সিতে ২০০তম লা লিগা ম্যাচ। এক গোল করার পরও মাইলফলকের সেই ম্যাচটাকে নিশ্চিত মনে রাখতে চাইবেন না ভিনিসিয়ুস জুনিয়র। যোগ করা সময়ে গোল খেয়ে ঘরের মাঠে ভ্যালেন্সিয়ার কাছে ২-১ গোলে হেরেছে রিয়াল ।  আর সেই হারে সবচেয়ে বড় দায়টা যে তাঁরই। ১৩ মিনিটে দলকে এগিয়ে দেওয়ার সুযোগ নষ্ট করেছেন পেনাল্টি মিস করে। ভিনিসিয়ুসের দুর্বল শট ভ্যালেন্সিয়া গোলরক্ষক গিওর্গি মামারদাশভিলি ফিরিয়ে দেওয়ার ২ মিনিট পরেই এগিয়ে যায় ভ্যালেন্সিয়া। দিয়েগো লোপেজের দারুণ এক কর্নার থেকে হেড করে গোল করেন মুকতার দিয়াখাবি।",-1,-1,-1,-1,1,0,0,0,0,1
পেনাল্টি নিয়ে যারা ট্রল করে তারাই পেনাল্টি তে গো:মারা খায়এটাই পারিবারিক শিক্ষা 💪💪,banglatoco,"ভিনির পেনাল্টি মিস, শেষ মুহূর্তে গোল খেয়ে রিয়ালের হার... রিয়াল মাদ্রিদের জার্সিতে ২০০তম লা লিগা ম্যাচ। এক গোল করার পরও মাইলফলকের সেই ম্যাচটাকে নিশ্চিত মনে রাখতে চাইবেন না ভিনিসিয়ুস জুনিয়র। যোগ করা সময়ে গোল খেয়ে ঘরের মাঠে ভ্যালেন্সিয়ার কাছে ২-১ গোলে হেরেছে রিয়াল ।  আর সেই হারে সবচেয়ে বড় দায়টা যে তাঁরই। ১৩ মিনিটে দলকে এগিয়ে দেওয়ার সুযোগ নষ্ট করেছেন পেনাল্টি মিস করে। ভিনিসিয়ুসের দুর্বল শট ভ্যালেন্সিয়া গোলরক্ষক গিওর্গি মামারদাশভিলি ফিরিয়ে দেওয়ার ২ মিনিট পরেই এগিয়ে যায় ভ্যালেন্সিয়া। দিয়েগো লোপেজের দারুণ এক কর্নার থেকে হেড করে গোল করেন মুকতার দিয়াখাবি।",-1,-1,-1,-1,1,0,0,0,0,1
পাডা,banglatoco,"ভিনির পেনাল্টি মিস, শেষ মুহূর্তে গোল খেয়ে রিয়ালের হার... রিয়াল মাদ্রিদের জার্সিতে ২০০তম লা লিগা ম্যাচ। এক গোল করার পরও মাইলফলকের সেই ম্যাচটাকে নিশ্চিত মনে রাখতে চাইবেন না ভিনিসিয়ুস জুনিয়র। যোগ করা সময়ে গোল খেয়ে ঘরের মাঠে ভ্যালেন্সিয়ার কাছে ২-১ গোলে হেরেছে রিয়াল ।  আর সেই হারে সবচেয়ে বড় দায়টা যে তাঁরই। ১৩ মিনিটে দলকে এগিয়ে দেওয়ার সুযোগ নষ্ট করেছেন পেনাল্টি মিস করে। ভিনিসিয়ুসের দুর্বল শট ভ্যালেন্সিয়া গোলরক্ষক গিওর্গি মামারদাশভিলি ফিরিয়ে দেওয়ার ২ মিনিট পরেই এগিয়ে যায় ভ্যালেন্সিয়া। দিয়েগো লোপেজের দারুণ এক কর্নার থেকে হেড করে গোল করেন মুকতার দিয়াখাবি।",-1,-1,-1,-1,1,0,0,0,0,1
ব্রাজিল মানেই পেনাল্টি মিস!,banglatoco,"ভিনির পেনাল্টি মিস, শেষ মুহূর্তে গোল খেয়ে রিয়ালের হার... রিয়াল মাদ্রিদের জার্সিতে ২০০তম লা লিগা ম্যাচ। এক গোল করার পরও মাইলফলকের সেই ম্যাচটাকে নিশ্চিত মনে রাখতে চাইবেন না ভিনিসিয়ুস জুনিয়র। যোগ করা সময়ে গোল খেয়ে ঘরের মাঠে ভ্যালেন্সিয়ার কাছে ২-১ গোলে হেরেছে রিয়াল ।  আর সেই হারে সবচেয়ে বড় দায়টা যে তাঁরই। ১৩ মিনিটে দলকে এগিয়ে দেওয়ার সুযোগ নষ্ট করেছেন পেনাল্টি মিস করে। ভিনিসিয়ুসের দুর্বল শট ভ্যালেন্সিয়া গোলরক্ষক গিওর্গি মামারদাশভিলি ফিরিয়ে দেওয়ার ২ মিনিট পরেই এগিয়ে যায় ভ্যালেন্সিয়া। দিয়েগো লোপেজের দারুণ এক কর্নার থেকে হেড করে গোল করেন মুকতার দিয়াখাবি।",-1,-1,-1,-1,1,0,0,0,0,1
আহারে আজকে হারলো। আবার কয়দিন পর এক হালি খাবে। এতো কষ্ট ওরা রাখবে কই?? 😛😛,banglatoco,"ভিনির পেনাল্টি মিস, শেষ মুহূর্তে গোল খেয়ে রিয়ালের হার... রিয়াল মাদ্রিদের জার্সিতে ২০০তম লা লিগা ম্যাচ। এক গোল করার পরও মাইলফলকের সেই ম্যাচটাকে নিশ্চিত মনে রাখতে চাইবেন না ভিনিসিয়ুস জুনিয়র। যোগ করা সময়ে গোল খেয়ে ঘরের মাঠে ভ্যালেন্সিয়ার কাছে ২-১ গোলে হেরেছে রিয়াল ।  আর সেই হারে সবচেয়ে বড় দায়টা যে তাঁরই। ১৩ মিনিটে দলকে এগিয়ে দেওয়ার সুযোগ নষ্ট করেছেন পেনাল্টি মিস করে। ভিনিসিয়ুসের দুর্বল শট ভ্যালেন্সিয়া গোলরক্ষক গিওর্গি মামারদাশভিলি ফিরিয়ে দেওয়ার ২ মিনিট পরেই এগিয়ে যায় ভ্যালেন্সিয়া। দিয়েগো লোপেজের দারুণ এক কর্নার থেকে হেড করে গোল করেন মুকতার দিয়াখাবি।",-1,-1,-1,-1,1,0,0,0,0,1
"ফাইটা যায় 🤣 বুকটা ফাইটা যায় 🤣মিস ইউ মমতাজ আপা😥😋🤣🤣
",banglatoco,"ভিনির পেনাল্টি মিস, শেষ মুহূর্তে গোল খেয়ে রিয়ালের হার... রিয়াল মাদ্রিদের জার্সিতে ২০০তম লা লিগা ম্যাচ। এক গোল করার পরও মাইলফলকের সেই ম্যাচটাকে নিশ্চিত মনে রাখতে চাইবেন না ভিনিসিয়ুস জুনিয়র। যোগ করা সময়ে গোল খেয়ে ঘরের মাঠে ভ্যালেন্সিয়ার কাছে ২-১ গোলে হেরেছে রিয়াল ।  আর সেই হারে সবচেয়ে বড় দায়টা যে তাঁরই। ১৩ মিনিটে দলকে এগিয়ে দেওয়ার সুযোগ নষ্ট করেছেন পেনাল্টি মিস করে। ভিনিসিয়ুসের দুর্বল শট ভ্যালেন্সিয়া গোলরক্ষক গিওর্গি মামারদাশভিলি ফিরিয়ে দেওয়ার ২ মিনিট পরেই এগিয়ে যায় ভ্যালেন্সিয়া। দিয়েগো লোপেজের দারুণ এক কর্নার থেকে হেড করে গোল করেন মুকতার দিয়াখাবি।",-1,-1,-1,-1,1,0,0,0,0,1
"রিয়ালের লা‌ লিগা টাইটেল ভিনি চান্দে পাঠাইয়া দিছে,.🥸",banglatoco,"ভিনির পেনাল্টি মিস, শেষ মুহূর্তে গোল খেয়ে রিয়ালের হার... রিয়াল মাদ্রিদের জার্সিতে ২০০তম লা লিগা ম্যাচ। এক গোল করার পরও মাইলফলকের সেই ম্যাচটাকে নিশ্চিত মনে রাখতে চাইবেন না ভিনিসিয়ুস জুনিয়র। যোগ করা সময়ে গোল খেয়ে ঘরের মাঠে ভ্যালেন্সিয়ার কাছে ২-১ গোলে হেরেছে রিয়াল ।  আর সেই হারে সবচেয়ে বড় দায়টা যে তাঁরই। ১৩ মিনিটে দলকে এগিয়ে দেওয়ার সুযোগ নষ্ট করেছেন পেনাল্টি মিস করে। ভিনিসিয়ুসের দুর্বল শট ভ্যালেন্সিয়া গোলরক্ষক গিওর্গি মামারদাশভিলি ফিরিয়ে দেওয়ার ২ মিনিট পরেই এগিয়ে যায় ভ্যালেন্সিয়া। দিয়েগো লোপেজের দারুণ এক কর্নার থেকে হেড করে গোল করেন মুকতার দিয়াখাবি।",-1,-1,-1,-1,1,0,0,0,0,1
লা লীগা অনেক টা হাতছাড়া হয়ে গেল,banglatoco,"ভিনির পেনাল্টি মিস, শেষ মুহূর্তে গোল খেয়ে রিয়ালের হার... রিয়াল মাদ্রিদের জার্সিতে ২০০তম লা লিগা ম্যাচ। এক গোল করার পরও মাইলফলকের সেই ম্যাচটাকে নিশ্চিত মনে রাখতে চাইবেন না ভিনিসিয়ুস জুনিয়র। যোগ করা সময়ে গোল খেয়ে ঘরের মাঠে ভ্যালেন্সিয়ার কাছে ২-১ গোলে হেরেছে রিয়াল ।  আর সেই হারে সবচেয়ে বড় দায়টা যে তাঁরই। ১৩ মিনিটে দলকে এগিয়ে দেওয়ার সুযোগ নষ্ট করেছেন পেনাল্টি মিস করে। ভিনিসিয়ুসের দুর্বল শট ভ্যালেন্সিয়া গোলরক্ষক গিওর্গি মামারদাশভিলি ফিরিয়ে দেওয়ার ২ মিনিট পরেই এগিয়ে যায় ভ্যালেন্সিয়া। দিয়েগো লোপেজের দারুণ এক কর্নার থেকে হেড করে গোল করেন মুকতার দিয়াখাবি।",-1,-1,-1,-1,0,0,0,0,0,1
ব্রাজিল ভক্তরা চতুর্মুখী োঁদা খাচ্ছে..,banglatoco,"ভিনির পেনাল্টি মিস, শেষ মুহূর্তে গোল খেয়ে রিয়ালের হার... রিয়াল মাদ্রিদের জার্সিতে ২০০তম লা লিগা ম্যাচ। এক গোল করার পরও মাইলফলকের সেই ম্যাচটাকে নিশ্চিত মনে রাখতে চাইবেন না ভিনিসিয়ুস জুনিয়র। যোগ করা সময়ে গোল খেয়ে ঘরের মাঠে ভ্যালেন্সিয়ার কাছে ২-১ গোলে হেরেছে রিয়াল ।  আর সেই হারে সবচেয়ে বড় দায়টা যে তাঁরই। ১৩ মিনিটে দলকে এগিয়ে দেওয়ার সুযোগ নষ্ট করেছেন পেনাল্টি মিস করে। ভিনিসিয়ুসের দুর্বল শট ভ্যালেন্সিয়া গোলরক্ষক গিওর্গি মামারদাশভিলি ফিরিয়ে দেওয়ার ২ মিনিট পরেই এগিয়ে যায় ভ্যালেন্সিয়া। দিয়েগো লোপেজের দারুণ এক কর্নার থেকে হেড করে গোল করেন মুকতার দিয়াখাবি।",-1,-1,-1,-1,1,0,0,0,0,1
পিনি পিনি পিনি 🐸,banglatoco,"ভিনির পেনাল্টি মিস, শেষ মুহূর্তে গোল খেয়ে রিয়ালের হার... রিয়াল মাদ্রিদের জার্সিতে ২০০তম লা লিগা ম্যাচ। এক গোল করার পরও মাইলফলকের সেই ম্যাচটাকে নিশ্চিত মনে রাখতে চাইবেন না ভিনিসিয়ুস জুনিয়র। যোগ করা সময়ে গোল খেয়ে ঘরের মাঠে ভ্যালেন্সিয়ার কাছে ২-১ গোলে হেরেছে রিয়াল ।  আর সেই হারে সবচেয়ে বড় দায়টা যে তাঁরই। ১৩ মিনিটে দলকে এগিয়ে দেওয়ার সুযোগ নষ্ট করেছেন পেনাল্টি মিস করে। ভিনিসিয়ুসের দুর্বল শট ভ্যালেন্সিয়া গোলরক্ষক গিওর্গি মামারদাশভিলি ফিরিয়ে দেওয়ার ২ মিনিট পরেই এগিয়ে যায় ভ্যালেন্সিয়া। দিয়েগো লোপেজের দারুণ এক কর্নার থেকে হেড করে গোল করেন মুকতার দিয়াখাবি।",-1,-1,-1,-1,1,0,0,0,0,1
"ভ্যালেন্সিয়া ""সান্তিয়াগো বার্নাব্যুতে"" এসে ১৭ বছর পর এক্সট্রা টাইমে রিয়াল মাদ্রিদকে রেপড করে গেলো😁",banglatoco,"ভিনির পেনাল্টি মিস, শেষ মুহূর্তে গোল খেয়ে রিয়ালের হার... রিয়াল মাদ্রিদের জার্সিতে ২০০তম লা লিগা ম্যাচ। এক গোল করার পরও মাইলফলকের সেই ম্যাচটাকে নিশ্চিত মনে রাখতে চাইবেন না ভিনিসিয়ুস জুনিয়র। যোগ করা সময়ে গোল খেয়ে ঘরের মাঠে ভ্যালেন্সিয়ার কাছে ২-১ গোলে হেরেছে রিয়াল ।  আর সেই হারে সবচেয়ে বড় দায়টা যে তাঁরই। ১৩ মিনিটে দলকে এগিয়ে দেওয়ার সুযোগ নষ্ট করেছেন পেনাল্টি মিস করে। ভিনিসিয়ুসের দুর্বল শট ভ্যালেন্সিয়া গোলরক্ষক গিওর্গি মামারদাশভিলি ফিরিয়ে দেওয়ার ২ মিনিট পরেই এগিয়ে যায় ভ্যালেন্সিয়া। দিয়েগো লোপেজের দারুণ এক কর্নার থেকে হেড করে গোল করেন মুকতার দিয়াখাবি।",-1,-1,-1,-1,1,0,0,0,0,1
এই হালারে পেনাল্টি নিতে দিছে কেন বলদে,banglatoco,"ভিনির পেনাল্টি মিস, শেষ মুহূর্তে গোল খেয়ে রিয়ালের হার... রিয়াল মাদ্রিদের জার্সিতে ২০০তম লা লিগা ম্যাচ। এক গোল করার পরও মাইলফলকের সেই ম্যাচটাকে নিশ্চিত মনে রাখতে চাইবেন না ভিনিসিয়ুস জুনিয়র। যোগ করা সময়ে গোল খেয়ে ঘরের মাঠে ভ্যালেন্সিয়ার কাছে ২-১ গোলে হেরেছে রিয়াল ।  আর সেই হারে সবচেয়ে বড় দায়টা যে তাঁরই। ১৩ মিনিটে দলকে এগিয়ে দেওয়ার সুযোগ নষ্ট করেছেন পেনাল্টি মিস করে। ভিনিসিয়ুসের দুর্বল শট ভ্যালেন্সিয়া গোলরক্ষক গিওর্গি মামারদাশভিলি ফিরিয়ে দেওয়ার ২ মিনিট পরেই এগিয়ে যায় ভ্যালেন্সিয়া। দিয়েগো লোপেজের দারুণ এক কর্নার থেকে হেড করে গোল করেন মুকতার দিয়াখাবি।",-1,-1,-1,-1,1,0,0,0,0,1
ছি ছি ছি রে ভিনি ছি,banglatoco,"ভিনির পেনাল্টি মিস, শেষ মুহূর্তে গোল খেয়ে রিয়ালের হার... রিয়াল মাদ্রিদের জার্সিতে ২০০তম লা লিগা ম্যাচ। এক গোল করার পরও মাইলফলকের সেই ম্যাচটাকে নিশ্চিত মনে রাখতে চাইবেন না ভিনিসিয়ুস জুনিয়র। যোগ করা সময়ে গোল খেয়ে ঘরের মাঠে ভ্যালেন্সিয়ার কাছে ২-১ গোলে হেরেছে রিয়াল ।  আর সেই হারে সবচেয়ে বড় দায়টা যে তাঁরই। ১৩ মিনিটে দলকে এগিয়ে দেওয়ার সুযোগ নষ্ট করেছেন পেনাল্টি মিস করে। ভিনিসিয়ুসের দুর্বল শট ভ্যালেন্সিয়া গোলরক্ষক গিওর্গি মামারদাশভিলি ফিরিয়ে দেওয়ার ২ মিনিট পরেই এগিয়ে যায় ভ্যালেন্সিয়া। দিয়েগো লোপেজের দারুণ এক কর্নার থেকে হেড করে গোল করেন মুকতার দিয়াখাবি।",-1,-1,-1,-1,1,0,0,0,0,1
বিনি বিনি বিনি বিনি বিনি বিনি বিনি বিনি বিনি🤣🤣🤣🤣,banglatoco,"ভিনির পেনাল্টি মিস, শেষ মুহূর্তে গোল খেয়ে রিয়ালের হার... রিয়াল মাদ্রিদের জার্সিতে ২০০তম লা লিগা ম্যাচ। এক গোল করার পরও মাইলফলকের সেই ম্যাচটাকে নিশ্চিত মনে রাখতে চাইবেন না ভিনিসিয়ুস জুনিয়র। যোগ করা সময়ে গোল খেয়ে ঘরের মাঠে ভ্যালেন্সিয়ার কাছে ২-১ গোলে হেরেছে রিয়াল ।  আর সেই হারে সবচেয়ে বড় দায়টা যে তাঁরই। ১৩ মিনিটে দলকে এগিয়ে দেওয়ার সুযোগ নষ্ট করেছেন পেনাল্টি মিস করে। ভিনিসিয়ুসের দুর্বল শট ভ্যালেন্সিয়া গোলরক্ষক গিওর্গি মামারদাশভিলি ফিরিয়ে দেওয়ার ২ মিনিট পরেই এগিয়ে যায় ভ্যালেন্সিয়া। দিয়েগো লোপেজের দারুণ এক কর্নার থেকে হেড করে গোল করেন মুকতার দিয়াখাবি।",-1,-1,-1,-1,1,0,0,0,0,1
"ও বিউটি রে,,,,,,,,,,,,,,,,,,,",banglatoco,"ভিনির পেনাল্টি মিস, শেষ মুহূর্তে গোল খেয়ে রিয়ালের হার... রিয়াল মাদ্রিদের জার্সিতে ২০০তম লা লিগা ম্যাচ। এক গোল করার পরও মাইলফলকের সেই ম্যাচটাকে নিশ্চিত মনে রাখতে চাইবেন না ভিনিসিয়ুস জুনিয়র। যোগ করা সময়ে গোল খেয়ে ঘরের মাঠে ভ্যালেন্সিয়ার কাছে ২-১ গোলে হেরেছে রিয়াল ।  আর সেই হারে সবচেয়ে বড় দায়টা যে তাঁরই। ১৩ মিনিটে দলকে এগিয়ে দেওয়ার সুযোগ নষ্ট করেছেন পেনাল্টি মিস করে। ভিনিসিয়ুসের দুর্বল শট ভ্যালেন্সিয়া গোলরক্ষক গিওর্গি মামারদাশভিলি ফিরিয়ে দেওয়ার ২ মিনিট পরেই এগিয়ে যায় ভ্যালেন্সিয়া। দিয়েগো লোপেজের দারুণ এক কর্নার থেকে হেড করে গোল করেন মুকতার দিয়াখাবি।",-1,-1,-1,-1,1,0,0,0,0,1
ফাও কলম দিয়েও যখন দলকে জেতানো সম্ভব হয় না,banglatoco,"ভিনির পেনাল্টি মিস, শেষ মুহূর্তে গোল খেয়ে রিয়ালের হার... রিয়াল মাদ্রিদের জার্সিতে ২০০তম লা লিগা ম্যাচ। এক গোল করার পরও মাইলফলকের সেই ম্যাচটাকে নিশ্চিত মনে রাখতে চাইবেন না ভিনিসিয়ুস জুনিয়র। যোগ করা সময়ে গোল খেয়ে ঘরের মাঠে ভ্যালেন্সিয়ার কাছে ২-১ গোলে হেরেছে রিয়াল ।  আর সেই হারে সবচেয়ে বড় দায়টা যে তাঁরই। ১৩ মিনিটে দলকে এগিয়ে দেওয়ার সুযোগ নষ্ট করেছেন পেনাল্টি মিস করে। ভিনিসিয়ুসের দুর্বল শট ভ্যালেন্সিয়া গোলরক্ষক গিওর্গি মামারদাশভিলি ফিরিয়ে দেওয়ার ২ মিনিট পরেই এগিয়ে যায় ভ্যালেন্সিয়া। দিয়েগো লোপেজের দারুণ এক কর্নার থেকে হেড করে গোল করেন মুকতার দিয়াখাবি।",-1,-1,-1,-1,1,0,0,0,0,1
"ভারতের তরুন প্রজন্মের বিজ্ঞানীরা বানায় অগ্নি-২, দানুস নামের ব্যালাস্টিক মিসাইল, পারমাণবিক বোমা। পাকিস্তানীরা বানায় চতুর্থ প্রজন্মের জেএফ-১৭ থান্ডার ফাইটার জেট, শাহিন -2, আবাবিল নামের আন্তঃ মহাদেশীয় ব্যলাস্টিক মিসাইল!যা তাদের সার্বভৌমত্বকে নিরাপদ রাখতে ভুমিকা রেখেছে|আর আমাদের দেশের তরুন বিজ্ঞানীরা বৈশাখ মাসে বাঁশ দিয়ে হাতি ঘোড়া বাঘ পেচা বিড়াল কুওা বানিয়ে বিশ্বকে তাক লাগিয়ে দেয়! যা আর কেউ পারে না!",banglatoco,"ছায়ানটের বর্ষবরণ আয়োজন :চলছে মহড়া, আলোর পথে যাত্রার আহ্বান থাকবে রমনার বটমূলে আঁধার কাটিয়ে আলোর পথে যাত্রার আহ্বান নিয়ে এবারও নতুন বছরের শুরুতে রমনার বটমূলে হবে ছায়ানটের ঐতিহ্যবাহী নববর্ষের অনুষ্ঠান। এবার অনুষ্ঠানের মূলভাব নির্ধারণ করা হয়েছে ‘আমার মুক্তি আলোয় আলোয়’।সাংস্কৃতিক প্রতিষ্ঠান ছায়ানট বাংলা নববর্ষের সকালে এই অনুষ্ঠানের প্রথম আয়োজন করেছিল ১৯৬৭ সালে। বর্ষবরণ অনুষ্ঠান সুচারু করে তুলতে দীর্ঘ প্রস্তুতি থাকে ছায়ানটের। অনুষ্ঠানের মূলভাব নির্ধারণ করা হয় প্রথমে। তারপর সেই ভাবনাকে পরিস্ফুটিত করে তুলতে চলে গান, আবৃত্তির জন্য কবিতা ও পাঠের জন্য লেখা নির্বাচন পর্ব। এরপর শুরু হয় মহড়া। এবারেও তার ব্যত্যয় ঘটেনি। প্রতিপাদ্য নির্ধারণ, গান কবিতার বাছাই সব শেষ, চলছে নিয়মিত মহড়া। মিসাইল বানানো ছায়ানটের কাজ না। বুয়েট কুয়েট দের ইন্জিনিয়ারদের কে জিজ্ঞেস করুন। যাদের যা কাজ তাদেরকে তা করতে দিন",-1,-1,-1,-1,1,0,0,0,0,1
"মিসাইল বানানো ছায়ানোটের কাজ না, এটা হলো ইন্জিনিয়ারিং কলেজের স্টুডেন্ট টিচারদের কাজ বুজলাম, কিন্তু ছায়ানটীরা ধার্মিক মানুষদের নিয়ে ব্যাঙবিদ্রুপ করে কেন? ধর্ম পালন, আধ্যাত্মিকতা, মানুষের নৈতিকতা উন্নত করা এগুলো নিয়ে ছায়ানটীরা প্রচুর বিদ্রুপ করে, তাদের ভাষায় এগুলো পশ্চাৎপদতা, কিন্তু তারা করছেটা কি? টেগোর টেগোর সং, হুতোম প্যাঁচার মুখোশ, ইদুর বানরের মুখোশ, নিয়ে কোন স্রস্টার নিকট মঙ্গল কামনা করে? এগুলো কেমন আধুনিক রুচিশীল বিজ্ঞান সমনস্কতা?",banglatoco,"ছায়ানটের বর্ষবরণ আয়োজন :চলছে মহড়া, আলোর পথে যাত্রার আহ্বান থাকবে রমনার বটমূলে আঁধার কাটিয়ে আলোর পথে যাত্রার আহ্বান নিয়ে এবারও নতুন বছরের শুরুতে রমনার বটমূলে হবে ছায়ানটের ঐতিহ্যবাহী নববর্ষের অনুষ্ঠান। এবার অনুষ্ঠানের মূলভাব নির্ধারণ করা হয়েছে ‘আমার মুক্তি আলোয় আলোয়’।সাংস্কৃতিক প্রতিষ্ঠান ছায়ানট বাংলা নববর্ষের সকালে এই অনুষ্ঠানের প্রথম আয়োজন করেছিল ১৯৬৭ সালে। বর্ষবরণ অনুষ্ঠান সুচারু করে তুলতে দীর্ঘ প্রস্তুতি থাকে ছায়ানটের। অনুষ্ঠানের মূলভাব নির্ধারণ করা হয় প্রথমে। তারপর সেই ভাবনাকে পরিস্ফুটিত করে তুলতে চলে গান, আবৃত্তির জন্য কবিতা ও পাঠের জন্য লেখা নির্বাচন পর্ব। এরপর শুরু হয় মহড়া। এবারেও তার ব্যত্যয় ঘটেনি। প্রতিপাদ্য নির্ধারণ, গান কবিতার বাছাই সব শেষ, চলছে নিয়মিত মহড়া। মিসাইল বানানো ছায়ানটের কাজ না। বুয়েট কুয়েট দের ইন্জিনিয়ারদের কে জিজ্ঞেস করুন। যাদের যা কাজ তাদেরকে তা করতে দিন কাকে কবে ব্যঙ্গ করল?একটু দেখান।আর স্রস্টার নিকট এগিলো নিয়ে কবে কামনা করেছে? আর ছায়ানট রমনায় গান গাওয়া বাদে কবে মুখোশ ইত্যাদি বানিয়েছে আর শোভাযাত্রা করেছে??",-1,-1,-1,-1,1,0,0,0,0,1
অন্ধকার পথের যাত্রী,banglatoco,"ছায়ানটের বর্ষবরণ আয়োজন :চলছে মহড়া, আলোর পথে যাত্রার আহ্বান থাকবে রমনার বটমূলে আঁধার কাটিয়ে আলোর পথে যাত্রার আহ্বান নিয়ে এবারও নতুন বছরের শুরুতে রমনার বটমূলে হবে ছায়ানটের ঐতিহ্যবাহী নববর্ষের অনুষ্ঠান। এবার অনুষ্ঠানের মূলভাব নির্ধারণ করা হয়েছে ‘আমার মুক্তি আলোয় আলোয়’।সাংস্কৃতিক প্রতিষ্ঠান ছায়ানট বাংলা নববর্ষের সকালে এই অনুষ্ঠানের প্রথম আয়োজন করেছিল ১৯৬৭ সালে। বর্ষবরণ অনুষ্ঠান সুচারু করে তুলতে দীর্ঘ প্রস্তুতি থাকে ছায়ানটের। অনুষ্ঠানের মূলভাব নির্ধারণ করা হয় প্রথমে। তারপর সেই ভাবনাকে পরিস্ফুটিত করে তুলতে চলে গান, আবৃত্তির জন্য কবিতা ও পাঠের জন্য লেখা নির্বাচন পর্ব। এরপর শুরু হয় মহড়া। এবারেও তার ব্যত্যয় ঘটেনি। প্রতিপাদ্য নির্ধারণ, গান কবিতার বাছাই সব শেষ, চলছে নিয়মিত মহড়া।",-1,-1,-1,-1,1,0,0,0,0,1
নাস্তিক তৈরির কারখানা_ এরা মরলে ও জানাজা ছাড়া রবীন্দ্র সঙ্গীত গেয়ে শেষকৃত্য সম্পন্ন করা হবে।,banglatoco,"ছায়ানটের বর্ষবরণ আয়োজন :চলছে মহড়া, আলোর পথে যাত্রার আহ্বান থাকবে রমনার বটমূলে আঁধার কাটিয়ে আলোর পথে যাত্রার আহ্বান নিয়ে এবারও নতুন বছরের শুরুতে রমনার বটমূলে হবে ছায়ানটের ঐতিহ্যবাহী নববর্ষের অনুষ্ঠান। এবার অনুষ্ঠানের মূলভাব নির্ধারণ করা হয়েছে ‘আমার মুক্তি আলোয় আলোয়’।সাংস্কৃতিক প্রতিষ্ঠান ছায়ানট বাংলা নববর্ষের সকালে এই অনুষ্ঠানের প্রথম আয়োজন করেছিল ১৯৬৭ সালে। বর্ষবরণ অনুষ্ঠান সুচারু করে তুলতে দীর্ঘ প্রস্তুতি থাকে ছায়ানটের। অনুষ্ঠানের মূলভাব নির্ধারণ করা হয় প্রথমে। তারপর সেই ভাবনাকে পরিস্ফুটিত করে তুলতে চলে গান, আবৃত্তির জন্য কবিতা ও পাঠের জন্য লেখা নির্বাচন পর্ব। এরপর শুরু হয় মহড়া। এবারেও তার ব্যত্যয় ঘটেনি। প্রতিপাদ্য নির্ধারণ, গান কবিতার বাছাই সব শেষ, চলছে নিয়মিত মহড়া।",-1,-1,-1,-1,1,0,0,0,0,1
আমরা সম্প্রীতির বাংলাদেশ চাই,banglatoco,"ছায়ানটের বর্ষবরণ আয়োজন :চলছে মহড়া, আলোর পথে যাত্রার আহ্বান থাকবে রমনার বটমূলে আঁধার কাটিয়ে আলোর পথে যাত্রার আহ্বান নিয়ে এবারও নতুন বছরের শুরুতে রমনার বটমূলে হবে ছায়ানটের ঐতিহ্যবাহী নববর্ষের অনুষ্ঠান। এবার অনুষ্ঠানের মূলভাব নির্ধারণ করা হয়েছে ‘আমার মুক্তি আলোয় আলোয়’।সাংস্কৃতিক প্রতিষ্ঠান ছায়ানট বাংলা নববর্ষের সকালে এই অনুষ্ঠানের প্রথম আয়োজন করেছিল ১৯৬৭ সালে। বর্ষবরণ অনুষ্ঠান সুচারু করে তুলতে দীর্ঘ প্রস্তুতি থাকে ছায়ানটের। অনুষ্ঠানের মূলভাব নির্ধারণ করা হয় প্রথমে। তারপর সেই ভাবনাকে পরিস্ফুটিত করে তুলতে চলে গান, আবৃত্তির জন্য কবিতা ও পাঠের জন্য লেখা নির্বাচন পর্ব। এরপর শুরু হয় মহড়া। এবারেও তার ব্যত্যয় ঘটেনি। প্রতিপাদ্য নির্ধারণ, গান কবিতার বাছাই সব শেষ, চলছে নিয়মিত মহড়া।",-1,-1,-1,-1,0,0,0,0,0,1
এটা দেখে অনেকের চুলকানি শুরু হবে,banglatoco,"ছায়ানটের বর্ষবরণ আয়োজন :চলছে মহড়া, আলোর পথে যাত্রার আহ্বান থাকবে রমনার বটমূলে আঁধার কাটিয়ে আলোর পথে যাত্রার আহ্বান নিয়ে এবারও নতুন বছরের শুরুতে রমনার বটমূলে হবে ছায়ানটের ঐতিহ্যবাহী নববর্ষের অনুষ্ঠান। এবার অনুষ্ঠানের মূলভাব নির্ধারণ করা হয়েছে ‘আমার মুক্তি আলোয় আলোয়’।সাংস্কৃতিক প্রতিষ্ঠান ছায়ানট বাংলা নববর্ষের সকালে এই অনুষ্ঠানের প্রথম আয়োজন করেছিল ১৯৬৭ সালে। বর্ষবরণ অনুষ্ঠান সুচারু করে তুলতে দীর্ঘ প্রস্তুতি থাকে ছায়ানটের। অনুষ্ঠানের মূলভাব নির্ধারণ করা হয় প্রথমে। তারপর সেই ভাবনাকে পরিস্ফুটিত করে তুলতে চলে গান, আবৃত্তির জন্য কবিতা ও পাঠের জন্য লেখা নির্বাচন পর্ব। এরপর শুরু হয় মহড়া। এবারেও তার ব্যত্যয় ঘটেনি। প্রতিপাদ্য নির্ধারণ, গান কবিতার বাছাই সব শেষ, চলছে নিয়মিত মহড়া।",-1,-1,-1,-1,1,0,0,0,0,1
নোংরামি,banglatoco,"ছায়ানটের বর্ষবরণ আয়োজন :চলছে মহড়া, আলোর পথে যাত্রার আহ্বান থাকবে রমনার বটমূলে আঁধার কাটিয়ে আলোর পথে যাত্রার আহ্বান নিয়ে এবারও নতুন বছরের শুরুতে রমনার বটমূলে হবে ছায়ানটের ঐতিহ্যবাহী নববর্ষের অনুষ্ঠান। এবার অনুষ্ঠানের মূলভাব নির্ধারণ করা হয়েছে ‘আমার মুক্তি আলোয় আলোয়’।সাংস্কৃতিক প্রতিষ্ঠান ছায়ানট বাংলা নববর্ষের সকালে এই অনুষ্ঠানের প্রথম আয়োজন করেছিল ১৯৬৭ সালে। বর্ষবরণ অনুষ্ঠান সুচারু করে তুলতে দীর্ঘ প্রস্তুতি থাকে ছায়ানটের। অনুষ্ঠানের মূলভাব নির্ধারণ করা হয় প্রথমে। তারপর সেই ভাবনাকে পরিস্ফুটিত করে তুলতে চলে গান, আবৃত্তির জন্য কবিতা ও পাঠের জন্য লেখা নির্বাচন পর্ব। এরপর শুরু হয় মহড়া। এবারেও তার ব্যত্যয় ঘটেনি। প্রতিপাদ্য নির্ধারণ, গান কবিতার বাছাই সব শেষ, চলছে নিয়মিত মহড়া।",-1,-1,-1,-1,1,0,0,0,0,1
নববর্ষের নামে এইসব নষ্টামি বন্ধ করা হোক,banglatoco,"ছায়ানটের বর্ষবরণ আয়োজন :চলছে মহড়া, আলোর পথে যাত্রার আহ্বান থাকবে রমনার বটমূলে আঁধার কাটিয়ে আলোর পথে যাত্রার আহ্বান নিয়ে এবারও নতুন বছরের শুরুতে রমনার বটমূলে হবে ছায়ানটের ঐতিহ্যবাহী নববর্ষের অনুষ্ঠান। এবার অনুষ্ঠানের মূলভাব নির্ধারণ করা হয়েছে ‘আমার মুক্তি আলোয় আলোয়’।সাংস্কৃতিক প্রতিষ্ঠান ছায়ানট বাংলা নববর্ষের সকালে এই অনুষ্ঠানের প্রথম আয়োজন করেছিল ১৯৬৭ সালে। বর্ষবরণ অনুষ্ঠান সুচারু করে তুলতে দীর্ঘ প্রস্তুতি থাকে ছায়ানটের। অনুষ্ঠানের মূলভাব নির্ধারণ করা হয় প্রথমে। তারপর সেই ভাবনাকে পরিস্ফুটিত করে তুলতে চলে গান, আবৃত্তির জন্য কবিতা ও পাঠের জন্য লেখা নির্বাচন পর্ব। এরপর শুরু হয় মহড়া। এবারেও তার ব্যত্যয় ঘটেনি। প্রতিপাদ্য নির্ধারণ, গান কবিতার বাছাই সব শেষ, চলছে নিয়মিত মহড়া।",-1,-1,-1,-1,1,0,0,0,0,1
ছায়ানটে কি নটিরাই বেশি,banglatoco,"ছায়ানটের বর্ষবরণ আয়োজন :চলছে মহড়া, আলোর পথে যাত্রার আহ্বান থাকবে রমনার বটমূলে আঁধার কাটিয়ে আলোর পথে যাত্রার আহ্বান নিয়ে এবারও নতুন বছরের শুরুতে রমনার বটমূলে হবে ছায়ানটের ঐতিহ্যবাহী নববর্ষের অনুষ্ঠান। এবার অনুষ্ঠানের মূলভাব নির্ধারণ করা হয়েছে ‘আমার মুক্তি আলোয় আলোয়’।সাংস্কৃতিক প্রতিষ্ঠান ছায়ানট বাংলা নববর্ষের সকালে এই অনুষ্ঠানের প্রথম আয়োজন করেছিল ১৯৬৭ সালে। বর্ষবরণ অনুষ্ঠান সুচারু করে তুলতে দীর্ঘ প্রস্তুতি থাকে ছায়ানটের। অনুষ্ঠানের মূলভাব নির্ধারণ করা হয় প্রথমে। তারপর সেই ভাবনাকে পরিস্ফুটিত করে তুলতে চলে গান, আবৃত্তির জন্য কবিতা ও পাঠের জন্য লেখা নির্বাচন পর্ব। এরপর শুরু হয় মহড়া। এবারেও তার ব্যত্যয় ঘটেনি। প্রতিপাদ্য নির্ধারণ, গান কবিতার বাছাই সব শেষ, চলছে নিয়মিত মহড়া। নটির ছেলেদের তাই মনে হয়।",-1,-1,-1,-1,1,0,0,0,0,1
নটির ছেলেদের তাই মনে হয়।,banglatoco,"ছায়ানটের বর্ষবরণ আয়োজন :চলছে মহড়া, আলোর পথে যাত্রার আহ্বান থাকবে রমনার বটমূলে আঁধার কাটিয়ে আলোর পথে যাত্রার আহ্বান নিয়ে এবারও নতুন বছরের শুরুতে রমনার বটমূলে হবে ছায়ানটের ঐতিহ্যবাহী নববর্ষের অনুষ্ঠান। এবার অনুষ্ঠানের মূলভাব নির্ধারণ করা হয়েছে ‘আমার মুক্তি আলোয় আলোয়’।সাংস্কৃতিক প্রতিষ্ঠান ছায়ানট বাংলা নববর্ষের সকালে এই অনুষ্ঠানের প্রথম আয়োজন করেছিল ১৯৬৭ সালে। বর্ষবরণ অনুষ্ঠান সুচারু করে তুলতে দীর্ঘ প্রস্তুতি থাকে ছায়ানটের। অনুষ্ঠানের মূলভাব নির্ধারণ করা হয় প্রথমে। তারপর সেই ভাবনাকে পরিস্ফুটিত করে তুলতে চলে গান, আবৃত্তির জন্য কবিতা ও পাঠের জন্য লেখা নির্বাচন পর্ব। এরপর শুরু হয় মহড়া। এবারেও তার ব্যত্যয় ঘটেনি। প্রতিপাদ্য নির্ধারণ, গান কবিতার বাছাই সব শেষ, চলছে নিয়মিত মহড়া। ছায়ানটে কি নটিরাই বেশি তুমি নটির ছেলে তো তাই ভালো বোঝ",-1,-1,-1,-1,1,0,0,0,0,1
নটির ছেলেরাই সব জায়গায় নটি দেখতে পায়,banglatoco,"ছায়ানটের বর্ষবরণ আয়োজন :চলছে মহড়া, আলোর পথে যাত্রার আহ্বান থাকবে রমনার বটমূলে আঁধার কাটিয়ে আলোর পথে যাত্রার আহ্বান নিয়ে এবারও নতুন বছরের শুরুতে রমনার বটমূলে হবে ছায়ানটের ঐতিহ্যবাহী নববর্ষের অনুষ্ঠান। এবার অনুষ্ঠানের মূলভাব নির্ধারণ করা হয়েছে ‘আমার মুক্তি আলোয় আলোয়’।সাংস্কৃতিক প্রতিষ্ঠান ছায়ানট বাংলা নববর্ষের সকালে এই অনুষ্ঠানের প্রথম আয়োজন করেছিল ১৯৬৭ সালে। বর্ষবরণ অনুষ্ঠান সুচারু করে তুলতে দীর্ঘ প্রস্তুতি থাকে ছায়ানটের। অনুষ্ঠানের মূলভাব নির্ধারণ করা হয় প্রথমে। তারপর সেই ভাবনাকে পরিস্ফুটিত করে তুলতে চলে গান, আবৃত্তির জন্য কবিতা ও পাঠের জন্য লেখা নির্বাচন পর্ব। এরপর শুরু হয় মহড়া। এবারেও তার ব্যত্যয় ঘটেনি। প্রতিপাদ্য নির্ধারণ, গান কবিতার বাছাই সব শেষ, চলছে নিয়মিত মহড়া। ছায়ানটে কি নটিরাই বেশি",-1,-1,-1,-1,1,0,0,0,0,1
ছায়ানট মাঠে নামলে খালি থাপ্পড় খাবে এইবার,banglatoco,"ছায়ানটের বর্ষবরণ আয়োজন :চলছে মহড়া, আলোর পথে যাত্রার আহ্বান থাকবে রমনার বটমূলে আঁধার কাটিয়ে আলোর পথে যাত্রার আহ্বান নিয়ে এবারও নতুন বছরের শুরুতে রমনার বটমূলে হবে ছায়ানটের ঐতিহ্যবাহী নববর্ষের অনুষ্ঠান। এবার অনুষ্ঠানের মূলভাব নির্ধারণ করা হয়েছে ‘আমার মুক্তি আলোয় আলোয়’।সাংস্কৃতিক প্রতিষ্ঠান ছায়ানট বাংলা নববর্ষের সকালে এই অনুষ্ঠানের প্রথম আয়োজন করেছিল ১৯৬৭ সালে। বর্ষবরণ অনুষ্ঠান সুচারু করে তুলতে দীর্ঘ প্রস্তুতি থাকে ছায়ানটের। অনুষ্ঠানের মূলভাব নির্ধারণ করা হয় প্রথমে। তারপর সেই ভাবনাকে পরিস্ফুটিত করে তুলতে চলে গান, আবৃত্তির জন্য কবিতা ও পাঠের জন্য লেখা নির্বাচন পর্ব। এরপর শুরু হয় মহড়া। এবারেও তার ব্যত্যয় ঘটেনি। প্রতিপাদ্য নির্ধারণ, গান কবিতার বাছাই সব শেষ, চলছে নিয়মিত মহড়া।",-1,-1,-1,-1,1,0,0,0,0,1
যে ছাগলের বাচ্চাগুলা এই উৎসব এ বাধা দিতে আসবে তাদের পাছায় দিন রাত শুধু লাথি দেয়া হবে,banglatoco,"ছায়ানটের বর্ষবরণ আয়োজন :চলছে মহড়া, আলোর পথে যাত্রার আহ্বান থাকবে রমনার বটমূলে আঁধার কাটিয়ে আলোর পথে যাত্রার আহ্বান নিয়ে এবারও নতুন বছরের শুরুতে রমনার বটমূলে হবে ছায়ানটের ঐতিহ্যবাহী নববর্ষের অনুষ্ঠান। এবার অনুষ্ঠানের মূলভাব নির্ধারণ করা হয়েছে ‘আমার মুক্তি আলোয় আলোয়’।সাংস্কৃতিক প্রতিষ্ঠান ছায়ানট বাংলা নববর্ষের সকালে এই অনুষ্ঠানের প্রথম আয়োজন করেছিল ১৯৬৭ সালে। বর্ষবরণ অনুষ্ঠান সুচারু করে তুলতে দীর্ঘ প্রস্তুতি থাকে ছায়ানটের। অনুষ্ঠানের মূলভাব নির্ধারণ করা হয় প্রথমে। তারপর সেই ভাবনাকে পরিস্ফুটিত করে তুলতে চলে গান, আবৃত্তির জন্য কবিতা ও পাঠের জন্য লেখা নির্বাচন পর্ব। এরপর শুরু হয় মহড়া। এবারেও তার ব্যত্যয় ঘটেনি। প্রতিপাদ্য নির্ধারণ, গান কবিতার বাছাই সব শেষ, চলছে নিয়মিত মহড়া।",-1,-1,-1,-1,1,0,0,0,0,1
শুভকামনা রইল,banglatoco,"ছায়ানটের বর্ষবরণ আয়োজন :চলছে মহড়া, আলোর পথে যাত্রার আহ্বান থাকবে রমনার বটমূলে আঁধার কাটিয়ে আলোর পথে যাত্রার আহ্বান নিয়ে এবারও নতুন বছরের শুরুতে রমনার বটমূলে হবে ছায়ানটের ঐতিহ্যবাহী নববর্ষের অনুষ্ঠান। এবার অনুষ্ঠানের মূলভাব নির্ধারণ করা হয়েছে ‘আমার মুক্তি আলোয় আলোয়’।সাংস্কৃতিক প্রতিষ্ঠান ছায়ানট বাংলা নববর্ষের সকালে এই অনুষ্ঠানের প্রথম আয়োজন করেছিল ১৯৬৭ সালে। বর্ষবরণ অনুষ্ঠান সুচারু করে তুলতে দীর্ঘ প্রস্তুতি থাকে ছায়ানটের। অনুষ্ঠানের মূলভাব নির্ধারণ করা হয় প্রথমে। তারপর সেই ভাবনাকে পরিস্ফুটিত করে তুলতে চলে গান, আবৃত্তির জন্য কবিতা ও পাঠের জন্য লেখা নির্বাচন পর্ব। এরপর শুরু হয় মহড়া। এবারেও তার ব্যত্যয় ঘটেনি। প্রতিপাদ্য নির্ধারণ, গান কবিতার বাছাই সব শেষ, চলছে নিয়মিত মহড়া।",-1,-1,-1,-1,0,0,0,0,0,1
পুটকি দিয়া বাঁশ দিবে,banglatoco,"ছায়ানটের বর্ষবরণ আয়োজন :চলছে মহড়া, আলোর পথে যাত্রার আহ্বান থাকবে রমনার বটমূলে আঁধার কাটিয়ে আলোর পথে যাত্রার আহ্বান নিয়ে এবারও নতুন বছরের শুরুতে রমনার বটমূলে হবে ছায়ানটের ঐতিহ্যবাহী নববর্ষের অনুষ্ঠান। এবার অনুষ্ঠানের মূলভাব নির্ধারণ করা হয়েছে ‘আমার মুক্তি আলোয় আলোয়’।সাংস্কৃতিক প্রতিষ্ঠান ছায়ানট বাংলা নববর্ষের সকালে এই অনুষ্ঠানের প্রথম আয়োজন করেছিল ১৯৬৭ সালে। বর্ষবরণ অনুষ্ঠান সুচারু করে তুলতে দীর্ঘ প্রস্তুতি থাকে ছায়ানটের। অনুষ্ঠানের মূলভাব নির্ধারণ করা হয় প্রথমে। তারপর সেই ভাবনাকে পরিস্ফুটিত করে তুলতে চলে গান, আবৃত্তির জন্য কবিতা ও পাঠের জন্য লেখা নির্বাচন পর্ব। এরপর শুরু হয় মহড়া। এবারেও তার ব্যত্যয় ঘটেনি। প্রতিপাদ্য নির্ধারণ, গান কবিতার বাছাই সব শেষ, চলছে নিয়মিত মহড়া। বিশাল বড় মাপের বা****ল ছিড়বে। তৌহিদি জনতা যে কি করবে!",-1,-1,-1,-1,1,0,0,0,0,1
সবগুলো শয়তানের ছায়া,banglatoco,"ছায়ানটের বর্ষবরণ আয়োজন :চলছে মহড়া, আলোর পথে যাত্রার আহ্বান থাকবে রমনার বটমূলে আঁধার কাটিয়ে আলোর পথে যাত্রার আহ্বান নিয়ে এবারও নতুন বছরের শুরুতে রমনার বটমূলে হবে ছায়ানটের ঐতিহ্যবাহী নববর্ষের অনুষ্ঠান। এবার অনুষ্ঠানের মূলভাব নির্ধারণ করা হয়েছে ‘আমার মুক্তি আলোয় আলোয়’।সাংস্কৃতিক প্রতিষ্ঠান ছায়ানট বাংলা নববর্ষের সকালে এই অনুষ্ঠানের প্রথম আয়োজন করেছিল ১৯৬৭ সালে। বর্ষবরণ অনুষ্ঠান সুচারু করে তুলতে দীর্ঘ প্রস্তুতি থাকে ছায়ানটের। অনুষ্ঠানের মূলভাব নির্ধারণ করা হয় প্রথমে। তারপর সেই ভাবনাকে পরিস্ফুটিত করে তুলতে চলে গান, আবৃত্তির জন্য কবিতা ও পাঠের জন্য লেখা নির্বাচন পর্ব। এরপর শুরু হয় মহড়া। এবারেও তার ব্যত্যয় ঘটেনি। প্রতিপাদ্য নির্ধারণ, গান কবিতার বাছাই সব শেষ, চলছে নিয়মিত মহড়া। জিন্দা পীর, আউলিয়াদের চোখে ঠিক তাই!",-1,-1,-1,-1,1,0,0,0,0,1
ছায়া নটিদের মিছিল দেখতে চাই,banglatoco,"ছায়ানটের বর্ষবরণ আয়োজন :চলছে মহড়া, আলোর পথে যাত্রার আহ্বান থাকবে রমনার বটমূলে আঁধার কাটিয়ে আলোর পথে যাত্রার আহ্বান নিয়ে এবারও নতুন বছরের শুরুতে রমনার বটমূলে হবে ছায়ানটের ঐতিহ্যবাহী নববর্ষের অনুষ্ঠান। এবার অনুষ্ঠানের মূলভাব নির্ধারণ করা হয়েছে ‘আমার মুক্তি আলোয় আলোয়’।সাংস্কৃতিক প্রতিষ্ঠান ছায়ানট বাংলা নববর্ষের সকালে এই অনুষ্ঠানের প্রথম আয়োজন করেছিল ১৯৬৭ সালে। বর্ষবরণ অনুষ্ঠান সুচারু করে তুলতে দীর্ঘ প্রস্তুতি থাকে ছায়ানটের। অনুষ্ঠানের মূলভাব নির্ধারণ করা হয় প্রথমে। তারপর সেই ভাবনাকে পরিস্ফুটিত করে তুলতে চলে গান, আবৃত্তির জন্য কবিতা ও পাঠের জন্য লেখা নির্বাচন পর্ব। এরপর শুরু হয় মহড়া। এবারেও তার ব্যত্যয় ঘটেনি। প্রতিপাদ্য নির্ধারণ, গান কবিতার বাছাই সব শেষ, চলছে নিয়মিত মহড়া।",-1,-1,-1,-1,1,0,0,0,0,1
সাম্প্রদায়িক শক্তি যেন বাঙালির উৎসব পন্ড করতে না পারে,banglatoco,"ছায়ানটের বর্ষবরণ আয়োজন :চলছে মহড়া, আলোর পথে যাত্রার আহ্বান থাকবে রমনার বটমূলে আঁধার কাটিয়ে আলোর পথে যাত্রার আহ্বান নিয়ে এবারও নতুন বছরের শুরুতে রমনার বটমূলে হবে ছায়ানটের ঐতিহ্যবাহী নববর্ষের অনুষ্ঠান। এবার অনুষ্ঠানের মূলভাব নির্ধারণ করা হয়েছে ‘আমার মুক্তি আলোয় আলোয়’।সাংস্কৃতিক প্রতিষ্ঠান ছায়ানট বাংলা নববর্ষের সকালে এই অনুষ্ঠানের প্রথম আয়োজন করেছিল ১৯৬৭ সালে। বর্ষবরণ অনুষ্ঠান সুচারু করে তুলতে দীর্ঘ প্রস্তুতি থাকে ছায়ানটের। অনুষ্ঠানের মূলভাব নির্ধারণ করা হয় প্রথমে। তারপর সেই ভাবনাকে পরিস্ফুটিত করে তুলতে চলে গান, আবৃত্তির জন্য কবিতা ও পাঠের জন্য লেখা নির্বাচন পর্ব। এরপর শুরু হয় মহড়া। এবারেও তার ব্যত্যয় ঘটেনি। প্রতিপাদ্য নির্ধারণ, গান কবিতার বাছাই সব শেষ, চলছে নিয়মিত মহড়া।",-1,-1,-1,-1,0,0,0,0,0,1
পহেলা বৈশাখ বাঙালির প্রাণের উৎসব হয়ে উঠুক,banglatoco,"ছায়ানটের বর্ষবরণ আয়োজন :চলছে মহড়া, আলোর পথে যাত্রার আহ্বান থাকবে রমনার বটমূলে আঁধার কাটিয়ে আলোর পথে যাত্রার আহ্বান নিয়ে এবারও নতুন বছরের শুরুতে রমনার বটমূলে হবে ছায়ানটের ঐতিহ্যবাহী নববর্ষের অনুষ্ঠান। এবার অনুষ্ঠানের মূলভাব নির্ধারণ করা হয়েছে ‘আমার মুক্তি আলোয় আলোয়’।সাংস্কৃতিক প্রতিষ্ঠান ছায়ানট বাংলা নববর্ষের সকালে এই অনুষ্ঠানের প্রথম আয়োজন করেছিল ১৯৬৭ সালে। বর্ষবরণ অনুষ্ঠান সুচারু করে তুলতে দীর্ঘ প্রস্তুতি থাকে ছায়ানটের। অনুষ্ঠানের মূলভাব নির্ধারণ করা হয় প্রথমে। তারপর সেই ভাবনাকে পরিস্ফুটিত করে তুলতে চলে গান, আবৃত্তির জন্য কবিতা ও পাঠের জন্য লেখা নির্বাচন পর্ব। এরপর শুরু হয় মহড়া। এবারেও তার ব্যত্যয় ঘটেনি। প্রতিপাদ্য নির্ধারণ, গান কবিতার বাছাই সব শেষ, চলছে নিয়মিত মহড়া।",-1,-1,-1,-1,0,0,0,0,0,1
কি কি গান গাওয়া হবে সেগুলো ঠিক করে দিলো কে বা কারা?,banglatoco,"ছায়ানটের বর্ষবরণ আয়োজন :চলছে মহড়া, আলোর পথে যাত্রার আহ্বান থাকবে রমনার বটমূলে আঁধার কাটিয়ে আলোর পথে যাত্রার আহ্বান নিয়ে এবারও নতুন বছরের শুরুতে রমনার বটমূলে হবে ছায়ানটের ঐতিহ্যবাহী নববর্ষের অনুষ্ঠান। এবার অনুষ্ঠানের মূলভাব নির্ধারণ করা হয়েছে ‘আমার মুক্তি আলোয় আলোয়’।সাংস্কৃতিক প্রতিষ্ঠান ছায়ানট বাংলা নববর্ষের সকালে এই অনুষ্ঠানের প্রথম আয়োজন করেছিল ১৯৬৭ সালে। বর্ষবরণ অনুষ্ঠান সুচারু করে তুলতে দীর্ঘ প্রস্তুতি থাকে ছায়ানটের। অনুষ্ঠানের মূলভাব নির্ধারণ করা হয় প্রথমে। তারপর সেই ভাবনাকে পরিস্ফুটিত করে তুলতে চলে গান, আবৃত্তির জন্য কবিতা ও পাঠের জন্য লেখা নির্বাচন পর্ব। এরপর শুরু হয় মহড়া। এবারেও তার ব্যত্যয় ঘটেনি। প্রতিপাদ্য নির্ধারণ, গান কবিতার বাছাই সব শেষ, চলছে নিয়মিত মহড়া।",-1,-1,-1,-1,0,0,0,0,0,1
এতো বিতর্কের কিছু দেখি না যাদের ইচ্ছা হয় তারা যাবে আর যাদের ইচ্ছা হয় না তারা যাবে না। কিন্তু এক শ্রেনীর মানুষের কথা হচ্ছে তারা কাউকে যেতে দিবে না এরজন্য প্রয়োজনে তারা উলটা পালটা কর্মকাণ্ড করবে।,banglatoco,"ছায়ানটের বর্ষবরণ আয়োজন :চলছে মহড়া, আলোর পথে যাত্রার আহ্বান থাকবে রমনার বটমূলে আঁধার কাটিয়ে আলোর পথে যাত্রার আহ্বান নিয়ে এবারও নতুন বছরের শুরুতে রমনার বটমূলে হবে ছায়ানটের ঐতিহ্যবাহী নববর্ষের অনুষ্ঠান। এবার অনুষ্ঠানের মূলভাব নির্ধারণ করা হয়েছে ‘আমার মুক্তি আলোয় আলোয়’।সাংস্কৃতিক প্রতিষ্ঠান ছায়ানট বাংলা নববর্ষের সকালে এই অনুষ্ঠানের প্রথম আয়োজন করেছিল ১৯৬৭ সালে। বর্ষবরণ অনুষ্ঠান সুচারু করে তুলতে দীর্ঘ প্রস্তুতি থাকে ছায়ানটের। অনুষ্ঠানের মূলভাব নির্ধারণ করা হয় প্রথমে। তারপর সেই ভাবনাকে পরিস্ফুটিত করে তুলতে চলে গান, আবৃত্তির জন্য কবিতা ও পাঠের জন্য লেখা নির্বাচন পর্ব। এরপর শুরু হয় মহড়া। এবারেও তার ব্যত্যয় ঘটেনি। প্রতিপাদ্য নির্ধারণ, গান কবিতার বাছাই সব শেষ, চলছে নিয়মিত মহড়া।",-1,-1,-1,-1,0,0,0,0,0,1
ইনশাআল্লাহ,banglatoco,"বাংলাদেশে ব্যবসা বাড়ানোর কথা জানাল বহুজাতিক তিন প্রতিষ্ঠান তিনটি বহুজাতিক প্রতিষ্ঠান বাংলাদেশে ব্যবসা বাড়ানো ও বিনিয়োগের কথা জানিয়েছে। প্রতিষ্ঠানগুলো হচ্ছে স্পেনের খুচরা বিক্রেতা প্রতিষ্ঠান ইন্ডিটেক্স, সিমেন্ট খাতের কোম্পানি লাফার্জহোলসিম ও চীনের অ্যাপারেল কোম্পানি হান্ডা ইন্ডাস্ট্রিজ।রাজধানী ঢাকায় চার দিনের বিনিয়োগ সম্মেলনের তৃতীয় দিনে আজ বুধবার এক সংবাদ সম্মেলনে এসব তথ্য জানান বাংলাদেশ বিনিয়োগ উন্নয়ন কর্তৃপক্ষের (বিডা) নির্বাহী চেয়ারম্যান আশিক চৌধুরী। তিনি বলেন, বাংলাদেশে বিনিয়োগ সম্ভাবনা দেখতে আগামী মাসে ২০০ বিনিয়োগকারীসহ বাংলাদেশ সফরে আসার কথা জানিয়েছেন চীনের বাণিজ্যমন্ত্রী।",-1,-1,-1,-1,0,0,0,0,0,1
"তিনটি বহুজাতিক প্রতিষ্ঠান বাংলাদেশে ব্যবসা বাড়ানো ও বিনিয়োগের কথা জানিয়েছে। প্রতিষ্ঠানগুলো হচ্ছে স্পেনের খুচরা বিক্রেতা প্রতিষ্ঠান ইন্ডিটেক্স, সিমেন্ট খাতের কোম্পানি লাফার্জহোলসিম ও চীনের অ্যাপারেল কোম্পানি হান্ডা ইন্ডাস্ট্রি. সবাই তো আমার দেশে বিক্রি করার মার্কেট ধরতে ব্যস্ত , সেগুলো আমাদের তরুণ সমাজ সরকারি সহায়তা পেলে নিজেরাই পারবে তার চেয়ে আপনারা বরং আমাদের থেকে ইম্পোর্ট বেশি করেন।",banglatoco,"বাংলাদেশে ব্যবসা বাড়ানোর কথা জানাল বহুজাতিক তিন প্রতিষ্ঠান তিনটি বহুজাতিক প্রতিষ্ঠান বাংলাদেশে ব্যবসা বাড়ানো ও বিনিয়োগের কথা জানিয়েছে। প্রতিষ্ঠানগুলো হচ্ছে স্পেনের খুচরা বিক্রেতা প্রতিষ্ঠান ইন্ডিটেক্স, সিমেন্ট খাতের কোম্পানি লাফার্জহোলসিম ও চীনের অ্যাপারেল কোম্পানি হান্ডা ইন্ডাস্ট্রিজ।রাজধানী ঢাকায় চার দিনের বিনিয়োগ সম্মেলনের তৃতীয় দিনে আজ বুধবার এক সংবাদ সম্মেলনে এসব তথ্য জানান বাংলাদেশ বিনিয়োগ উন্নয়ন কর্তৃপক্ষের (বিডা) নির্বাহী চেয়ারম্যান আশিক চৌধুরী। তিনি বলেন, বাংলাদেশে বিনিয়োগ সম্ভাবনা দেখতে আগামী মাসে ২০০ বিনিয়োগকারীসহ বাংলাদেশ সফরে আসার কথা জানিয়েছেন চীনের বাণিজ্যমন্ত্রী।",-1,-1,-1,-1,0,0,0,0,0,1
তারা সেই সব দেশেই ব‍্যবসা বাড়ানো বা বিনিয়োগ করবে যে সব দেশে নির্বাচিত গনতান্ত্রিক সরকার ও বিনিয়োগের অনুকূল পরিবেশ ও নিরাপত্তা থাকে!!,banglatoco,"বাংলাদেশে ব্যবসা বাড়ানোর কথা জানাল বহুজাতিক তিন প্রতিষ্ঠান তিনটি বহুজাতিক প্রতিষ্ঠান বাংলাদেশে ব্যবসা বাড়ানো ও বিনিয়োগের কথা জানিয়েছে। প্রতিষ্ঠানগুলো হচ্ছে স্পেনের খুচরা বিক্রেতা প্রতিষ্ঠান ইন্ডিটেক্স, সিমেন্ট খাতের কোম্পানি লাফার্জহোলসিম ও চীনের অ্যাপারেল কোম্পানি হান্ডা ইন্ডাস্ট্রিজ।রাজধানী ঢাকায় চার দিনের বিনিয়োগ সম্মেলনের তৃতীয় দিনে আজ বুধবার এক সংবাদ সম্মেলনে এসব তথ্য জানান বাংলাদেশ বিনিয়োগ উন্নয়ন কর্তৃপক্ষের (বিডা) নির্বাহী চেয়ারম্যান আশিক চৌধুরী। তিনি বলেন, বাংলাদেশে বিনিয়োগ সম্ভাবনা দেখতে আগামী মাসে ২০০ বিনিয়োগকারীসহ বাংলাদেশ সফরে আসার কথা জানিয়েছেন চীনের বাণিজ্যমন্ত্রী।",-1,-1,-1,-1,0,0,0,0,0,1
"এক জন অন্তর্বর্তীকালীন সরকার এর অধিনে ব্যবসায়ীরা বিনিয়োগ করবে? যেখানে সরকারের কোন নিশ্চয়তা নেই,সেখানে বিনিয়োগ আসাটা দূলর্ভ, যদি আসে ভালো দেশের লাভ!",banglatoco,"বাংলাদেশে ব্যবসা বাড়ানোর কথা জানাল বহুজাতিক তিন প্রতিষ্ঠান তিনটি বহুজাতিক প্রতিষ্ঠান বাংলাদেশে ব্যবসা বাড়ানো ও বিনিয়োগের কথা জানিয়েছে। প্রতিষ্ঠানগুলো হচ্ছে স্পেনের খুচরা বিক্রেতা প্রতিষ্ঠান ইন্ডিটেক্স, সিমেন্ট খাতের কোম্পানি লাফার্জহোলসিম ও চীনের অ্যাপারেল কোম্পানি হান্ডা ইন্ডাস্ট্রিজ।রাজধানী ঢাকায় চার দিনের বিনিয়োগ সম্মেলনের তৃতীয় দিনে আজ বুধবার এক সংবাদ সম্মেলনে এসব তথ্য জানান বাংলাদেশ বিনিয়োগ উন্নয়ন কর্তৃপক্ষের (বিডা) নির্বাহী চেয়ারম্যান আশিক চৌধুরী। তিনি বলেন, বাংলাদেশে বিনিয়োগ সম্ভাবনা দেখতে আগামী মাসে ২০০ বিনিয়োগকারীসহ বাংলাদেশ সফরে আসার কথা জানিয়েছেন চীনের বাণিজ্যমন্ত্রী।",-1,-1,-1,-1,0,0,0,0,0,1
"ড. ইউনুস, দ্যা ম্যাজিক ম্যান!",banglatoco,"বাংলাদেশে ব্যবসা বাড়ানোর কথা জানাল বহুজাতিক তিন প্রতিষ্ঠান তিনটি বহুজাতিক প্রতিষ্ঠান বাংলাদেশে ব্যবসা বাড়ানো ও বিনিয়োগের কথা জানিয়েছে। প্রতিষ্ঠানগুলো হচ্ছে স্পেনের খুচরা বিক্রেতা প্রতিষ্ঠান ইন্ডিটেক্স, সিমেন্ট খাতের কোম্পানি লাফার্জহোলসিম ও চীনের অ্যাপারেল কোম্পানি হান্ডা ইন্ডাস্ট্রিজ।রাজধানী ঢাকায় চার দিনের বিনিয়োগ সম্মেলনের তৃতীয় দিনে আজ বুধবার এক সংবাদ সম্মেলনে এসব তথ্য জানান বাংলাদেশ বিনিয়োগ উন্নয়ন কর্তৃপক্ষের (বিডা) নির্বাহী চেয়ারম্যান আশিক চৌধুরী। তিনি বলেন, বাংলাদেশে বিনিয়োগ সম্ভাবনা দেখতে আগামী মাসে ২০০ বিনিয়োগকারীসহ বাংলাদেশ সফরে আসার কথা জানিয়েছেন চীনের বাণিজ্যমন্ত্রী।",-1,-1,-1,-1,0,0,0,0,0,1
আলহামদুলিল্লাহ সবকিছু ইউনুস সাহেবের জন্য সম্ভব হয়েছে।,banglatoco,"বাংলাদেশে ব্যবসা বাড়ানোর কথা জানাল বহুজাতিক তিন প্রতিষ্ঠান তিনটি বহুজাতিক প্রতিষ্ঠান বাংলাদেশে ব্যবসা বাড়ানো ও বিনিয়োগের কথা জানিয়েছে। প্রতিষ্ঠানগুলো হচ্ছে স্পেনের খুচরা বিক্রেতা প্রতিষ্ঠান ইন্ডিটেক্স, সিমেন্ট খাতের কোম্পানি লাফার্জহোলসিম ও চীনের অ্যাপারেল কোম্পানি হান্ডা ইন্ডাস্ট্রিজ।রাজধানী ঢাকায় চার দিনের বিনিয়োগ সম্মেলনের তৃতীয় দিনে আজ বুধবার এক সংবাদ সম্মেলনে এসব তথ্য জানান বাংলাদেশ বিনিয়োগ উন্নয়ন কর্তৃপক্ষের (বিডা) নির্বাহী চেয়ারম্যান আশিক চৌধুরী। তিনি বলেন, বাংলাদেশে বিনিয়োগ সম্ভাবনা দেখতে আগামী মাসে ২০০ বিনিয়োগকারীসহ বাংলাদেশ সফরে আসার কথা জানিয়েছেন চীনের বাণিজ্যমন্ত্রী।",-1,-1,-1,-1,0,0,0,0,0,1
দেশের জন্য এদেরকে সবাই সহযোগিতা করা উচিত তাহলে দেশ অনেক দূর এগিয়ে যাবে,banglatoco,"বাংলাদেশে ব্যবসা বাড়ানোর কথা জানাল বহুজাতিক তিন প্রতিষ্ঠান তিনটি বহুজাতিক প্রতিষ্ঠান বাংলাদেশে ব্যবসা বাড়ানো ও বিনিয়োগের কথা জানিয়েছে। প্রতিষ্ঠানগুলো হচ্ছে স্পেনের খুচরা বিক্রেতা প্রতিষ্ঠান ইন্ডিটেক্স, সিমেন্ট খাতের কোম্পানি লাফার্জহোলসিম ও চীনের অ্যাপারেল কোম্পানি হান্ডা ইন্ডাস্ট্রিজ।রাজধানী ঢাকায় চার দিনের বিনিয়োগ সম্মেলনের তৃতীয় দিনে আজ বুধবার এক সংবাদ সম্মেলনে এসব তথ্য জানান বাংলাদেশ বিনিয়োগ উন্নয়ন কর্তৃপক্ষের (বিডা) নির্বাহী চেয়ারম্যান আশিক চৌধুরী। তিনি বলেন, বাংলাদেশে বিনিয়োগ সম্ভাবনা দেখতে আগামী মাসে ২০০ বিনিয়োগকারীসহ বাংলাদেশ সফরে আসার কথা জানিয়েছেন চীনের বাণিজ্যমন্ত্রী।",-1,-1,-1,-1,0,0,0,0,0,1
আগে‌ জুতা চোর থামাও,banglatoco,"বাংলাদেশে ব্যবসা বাড়ানোর কথা জানাল বহুজাতিক তিন প্রতিষ্ঠান তিনটি বহুজাতিক প্রতিষ্ঠান বাংলাদেশে ব্যবসা বাড়ানো ও বিনিয়োগের কথা জানিয়েছে। প্রতিষ্ঠানগুলো হচ্ছে স্পেনের খুচরা বিক্রেতা প্রতিষ্ঠান ইন্ডিটেক্স, সিমেন্ট খাতের কোম্পানি লাফার্জহোলসিম ও চীনের অ্যাপারেল কোম্পানি হান্ডা ইন্ডাস্ট্রিজ।রাজধানী ঢাকায় চার দিনের বিনিয়োগ সম্মেলনের তৃতীয় দিনে আজ বুধবার এক সংবাদ সম্মেলনে এসব তথ্য জানান বাংলাদেশ বিনিয়োগ উন্নয়ন কর্তৃপক্ষের (বিডা) নির্বাহী চেয়ারম্যান আশিক চৌধুরী। তিনি বলেন, বাংলাদেশে বিনিয়োগ সম্ভাবনা দেখতে আগামী মাসে ২০০ বিনিয়োগকারীসহ বাংলাদেশ সফরে আসার কথা জানিয়েছেন চীনের বাণিজ্যমন্ত্রী।",-1,-1,-1,-1,1,0,0,0,0,1
ডঃ ইউনুসের বিচক্ষণ চয়েস এই আশিকুর রহমান চৌধুরী!সাবাস! উভয়ের জন্য শুভ কামনা।,banglatoco,"বাংলাদেশে ব্যবসা বাড়ানোর কথা জানাল বহুজাতিক তিন প্রতিষ্ঠান তিনটি বহুজাতিক প্রতিষ্ঠান বাংলাদেশে ব্যবসা বাড়ানো ও বিনিয়োগের কথা জানিয়েছে। প্রতিষ্ঠানগুলো হচ্ছে স্পেনের খুচরা বিক্রেতা প্রতিষ্ঠান ইন্ডিটেক্স, সিমেন্ট খাতের কোম্পানি লাফার্জহোলসিম ও চীনের অ্যাপারেল কোম্পানি হান্ডা ইন্ডাস্ট্রিজ।রাজধানী ঢাকায় চার দিনের বিনিয়োগ সম্মেলনের তৃতীয় দিনে আজ বুধবার এক সংবাদ সম্মেলনে এসব তথ্য জানান বাংলাদেশ বিনিয়োগ উন্নয়ন কর্তৃপক্ষের (বিডা) নির্বাহী চেয়ারম্যান আশিক চৌধুরী। তিনি বলেন, বাংলাদেশে বিনিয়োগ সম্ভাবনা দেখতে আগামী মাসে ২০০ বিনিয়োগকারীসহ বাংলাদেশ সফরে আসার কথা জানিয়েছেন চীনের বাণিজ্যমন্ত্রী।",-1,-1,-1,-1,0,0,0,0,0,1
"আমার একজন প্রিয় শিক্ষক ছিলো,,আল্লাহ জান্নাতুল ফেরদৌস দান করুক!",banglatoco,"মারা যাওয়ার ২ বছর পর অধ্যাপককে অধ্যক্ষ হিসেবে পদায়ন শিক্ষা মন্ত্রণালয়ের তথ্যে তিনি রংপুরের কারমাইকেল কলেজের অধ্যাপক। অন্যদিকে রাজশাহীর বানেশ্বর সরকারি কলেজের ওয়েবসাইটের তথ্যমতে, তিনি ওই কলেজের অধ্যক্ষ। গতকাল মঙ্গলবার মাধ্যমিক ও উচ্চশিক্ষা বিভাগের প্রজ্ঞাপনে ওই শিক্ষককে রংপুরের পীরগাছা সরকারি কলেজের অধ্যক্ষ হিসেবে পদায়ন করা হয়েছে। অথচ তিনি প্রায় দুই বছর আগে মারা গেছেন।",-1,-1,-1,-1,0,0,0,0,0,1
স্যার অনেক ভালো মানুষ ছিলেন। উনি মারা যাওয়ার কয়েক মাস পূর্বেই সরকারি বানেশ্বর কলেজে অধ্যক্ষ হিসেবে পদোন্নতি পেয়ে যোগদান করেন। যোগদানের কিছু মাস পর উনি ইন্তেকাল করেন। এর আগে তিনি কারমাইকেল কলেজে ইতিহাস বিভাগে অধ্যাপক হিসেবে কর্মরত ছিলেন।,banglatoco,"মারা যাওয়ার ২ বছর পর অধ্যাপককে অধ্যক্ষ হিসেবে পদায়ন শিক্ষা মন্ত্রণালয়ের তথ্যে তিনি রংপুরের কারমাইকেল কলেজের অধ্যাপক। অন্যদিকে রাজশাহীর বানেশ্বর সরকারি কলেজের ওয়েবসাইটের তথ্যমতে, তিনি ওই কলেজের অধ্যক্ষ। গতকাল মঙ্গলবার মাধ্যমিক ও উচ্চশিক্ষা বিভাগের প্রজ্ঞাপনে ওই শিক্ষককে রংপুরের পীরগাছা সরকারি কলেজের অধ্যক্ষ হিসেবে পদায়ন করা হয়েছে। অথচ তিনি প্রায় দুই বছর আগে মারা গেছেন।",-1,-1,-1,-1,0,0,0,0,0,1
"উনি আমার স্যার, রংপুর সরকারি কলেজে ছিলেন।অসুস্থজনিত কারনে মারা যান।",banglatoco,"মারা যাওয়ার ২ বছর পর অধ্যাপককে অধ্যক্ষ হিসেবে পদায়ন শিক্ষা মন্ত্রণালয়ের তথ্যে তিনি রংপুরের কারমাইকেল কলেজের অধ্যাপক। অন্যদিকে রাজশাহীর বানেশ্বর সরকারি কলেজের ওয়েবসাইটের তথ্যমতে, তিনি ওই কলেজের অধ্যক্ষ। গতকাল মঙ্গলবার মাধ্যমিক ও উচ্চশিক্ষা বিভাগের প্রজ্ঞাপনে ওই শিক্ষককে রংপুরের পীরগাছা সরকারি কলেজের অধ্যক্ষ হিসেবে পদায়ন করা হয়েছে। অথচ তিনি প্রায় দুই বছর আগে মারা গেছেন।",-1,-1,-1,-1,0,0,0,0,0,1
স্যার অত্যন্ত বিনয়ী ও সোজাসাপটা মানুষ। কোনো ভুল দেখলে সরাসরি বলে দিতেন। কোনো ভুল থেকে থাকলে মন্ত্রনালয়ের গাফিলতি। মারা যাওয়ার আগে তিনি বানেশ্বর সরকারি কলেজের অধ্যক্ষ হিসেবে পদায়িত ছিলেন।,banglatoco,"মারা যাওয়ার ২ বছর পর অধ্যাপককে অধ্যক্ষ হিসেবে পদায়ন শিক্ষা মন্ত্রণালয়ের তথ্যে তিনি রংপুরের কারমাইকেল কলেজের অধ্যাপক। অন্যদিকে রাজশাহীর বানেশ্বর সরকারি কলেজের ওয়েবসাইটের তথ্যমতে, তিনি ওই কলেজের অধ্যক্ষ। গতকাল মঙ্গলবার মাধ্যমিক ও উচ্চশিক্ষা বিভাগের প্রজ্ঞাপনে ওই শিক্ষককে রংপুরের পীরগাছা সরকারি কলেজের অধ্যক্ষ হিসেবে পদায়ন করা হয়েছে। অথচ তিনি প্রায় দুই বছর আগে মারা গেছেন।",-1,-1,-1,-1,0,0,0,0,0,1
"স্যার অনেক ভালো মানুষ ছিলেন।মহান আল্লাহ উনাকে জান্নাতবাসি করুন,আমিন।",banglatoco,"মারা যাওয়ার ২ বছর পর অধ্যাপককে অধ্যক্ষ হিসেবে পদায়ন শিক্ষা মন্ত্রণালয়ের তথ্যে তিনি রংপুরের কারমাইকেল কলেজের অধ্যাপক। অন্যদিকে রাজশাহীর বানেশ্বর সরকারি কলেজের ওয়েবসাইটের তথ্যমতে, তিনি ওই কলেজের অধ্যক্ষ। গতকাল মঙ্গলবার মাধ্যমিক ও উচ্চশিক্ষা বিভাগের প্রজ্ঞাপনে ওই শিক্ষককে রংপুরের পীরগাছা সরকারি কলেজের অধ্যক্ষ হিসেবে পদায়ন করা হয়েছে। অথচ তিনি প্রায় দুই বছর আগে মারা গেছেন।",-1,-1,-1,-1,0,0,0,0,0,1
স্যার অসাধারণ ব্যক্তিত্ত্বের একজন মানুষ ছিলেন।শিক্ষক হিসেবে অতুলনীয়। দয়া করে উনাকে নিয়ে কেউ বাজে মন্তব্য করবেন না।,banglatoco,"মারা যাওয়ার ২ বছর পর অধ্যাপককে অধ্যক্ষ হিসেবে পদায়ন শিক্ষা মন্ত্রণালয়ের তথ্যে তিনি রংপুরের কারমাইকেল কলেজের অধ্যাপক। অন্যদিকে রাজশাহীর বানেশ্বর সরকারি কলেজের ওয়েবসাইটের তথ্যমতে, তিনি ওই কলেজের অধ্যক্ষ। গতকাল মঙ্গলবার মাধ্যমিক ও উচ্চশিক্ষা বিভাগের প্রজ্ঞাপনে ওই শিক্ষককে রংপুরের পীরগাছা সরকারি কলেজের অধ্যক্ষ হিসেবে পদায়ন করা হয়েছে। অথচ তিনি প্রায় দুই বছর আগে মারা গেছেন।",-1,-1,-1,-1,0,0,0,0,0,1
বাংলাদেশে সম্ভব,banglatoco,"মারা যাওয়ার ২ বছর পর অধ্যাপককে অধ্যক্ষ হিসেবে পদায়ন শিক্ষা মন্ত্রণালয়ের তথ্যে তিনি রংপুরের কারমাইকেল কলেজের অধ্যাপক। অন্যদিকে রাজশাহীর বানেশ্বর সরকারি কলেজের ওয়েবসাইটের তথ্যমতে, তিনি ওই কলেজের অধ্যক্ষ। গতকাল মঙ্গলবার মাধ্যমিক ও উচ্চশিক্ষা বিভাগের প্রজ্ঞাপনে ওই শিক্ষককে রংপুরের পীরগাছা সরকারি কলেজের অধ্যক্ষ হিসেবে পদায়ন করা হয়েছে। অথচ তিনি প্রায় দুই বছর আগে মারা গেছেন।",-1,-1,-1,-1,0,0,0,0,0,1
ইউনূসের বঙ্গ দেশেই এসব সম্ভব!,banglatoco,"মারা যাওয়ার ২ বছর পর অধ্যাপককে অধ্যক্ষ হিসেবে পদায়ন শিক্ষা মন্ত্রণালয়ের তথ্যে তিনি রংপুরের কারমাইকেল কলেজের অধ্যাপক। অন্যদিকে রাজশাহীর বানেশ্বর সরকারি কলেজের ওয়েবসাইটের তথ্যমতে, তিনি ওই কলেজের অধ্যক্ষ। গতকাল মঙ্গলবার মাধ্যমিক ও উচ্চশিক্ষা বিভাগের প্রজ্ঞাপনে ওই শিক্ষককে রংপুরের পীরগাছা সরকারি কলেজের অধ্যক্ষ হিসেবে পদায়ন করা হয়েছে। অথচ তিনি প্রায় দুই বছর আগে মারা গেছেন।",-1,-1,-1,-1,1,0,0,0,0,1
মানুষের কী বিকৃত মস্তিষ্ক রে ভাই। মারা যাওয়ার পোস্টেও হাহাহা ইমোজি! কবে সভ্য হবে! কর্তৃপক্ষের ভুল বোঝাবুঝি হতেই পারে তাই বলে এমন ইমোজি!,banglatoco,"মারা যাওয়ার ২ বছর পর অধ্যাপককে অধ্যক্ষ হিসেবে পদায়ন শিক্ষা মন্ত্রণালয়ের তথ্যে তিনি রংপুরের কারমাইকেল কলেজের অধ্যাপক। অন্যদিকে রাজশাহীর বানেশ্বর সরকারি কলেজের ওয়েবসাইটের তথ্যমতে, তিনি ওই কলেজের অধ্যক্ষ। গতকাল মঙ্গলবার মাধ্যমিক ও উচ্চশিক্ষা বিভাগের প্রজ্ঞাপনে ওই শিক্ষককে রংপুরের পীরগাছা সরকারি কলেজের অধ্যক্ষ হিসেবে পদায়ন করা হয়েছে। অথচ তিনি প্রায় দুই বছর আগে মারা গেছেন। খুবই দুঃখজনক ভাই!",-1,-1,-1,-1,0,0,0,0,0,1
কিএক্টা অবস্থা,banglatoco,"মারা যাওয়ার ২ বছর পর অধ্যাপককে অধ্যক্ষ হিসেবে পদায়ন শিক্ষা মন্ত্রণালয়ের তথ্যে তিনি রংপুরের কারমাইকেল কলেজের অধ্যাপক। অন্যদিকে রাজশাহীর বানেশ্বর সরকারি কলেজের ওয়েবসাইটের তথ্যমতে, তিনি ওই কলেজের অধ্যক্ষ। গতকাল মঙ্গলবার মাধ্যমিক ও উচ্চশিক্ষা বিভাগের প্রজ্ঞাপনে ওই শিক্ষককে রংপুরের পীরগাছা সরকারি কলেজের অধ্যক্ষ হিসেবে পদায়ন করা হয়েছে। অথচ তিনি প্রায় দুই বছর আগে মারা গেছেন।",-1,-1,-1,-1,0,0,0,0,0,1
আর ও কত দেখার বাকি,banglatoco,"মারা যাওয়ার ২ বছর পর অধ্যাপককে অধ্যক্ষ হিসেবে পদায়ন শিক্ষা মন্ত্রণালয়ের তথ্যে তিনি রংপুরের কারমাইকেল কলেজের অধ্যাপক। অন্যদিকে রাজশাহীর বানেশ্বর সরকারি কলেজের ওয়েবসাইটের তথ্যমতে, তিনি ওই কলেজের অধ্যক্ষ। গতকাল মঙ্গলবার মাধ্যমিক ও উচ্চশিক্ষা বিভাগের প্রজ্ঞাপনে ওই শিক্ষককে রংপুরের পীরগাছা সরকারি কলেজের অধ্যক্ষ হিসেবে পদায়ন করা হয়েছে। অথচ তিনি প্রায় দুই বছর আগে মারা গেছেন।",-1,-1,-1,-1,0,0,0,0,0,1
"আমি স্যারের সরাসরি ছাত্র হিসেবে সবার নিকট দোয়া কামনা করছি, মহান আল্লাহ পাক তাকে জান্নাতুল ফেরদৌস দান করেন। আমিন",banglatoco,"মারা যাওয়ার ২ বছর পর অধ্যাপককে অধ্যক্ষ হিসেবে পদায়ন শিক্ষা মন্ত্রণালয়ের তথ্যে তিনি রংপুরের কারমাইকেল কলেজের অধ্যাপক। অন্যদিকে রাজশাহীর বানেশ্বর সরকারি কলেজের ওয়েবসাইটের তথ্যমতে, তিনি ওই কলেজের অধ্যক্ষ। গতকাল মঙ্গলবার মাধ্যমিক ও উচ্চশিক্ষা বিভাগের প্রজ্ঞাপনে ওই শিক্ষককে রংপুরের পীরগাছা সরকারি কলেজের অধ্যক্ষ হিসেবে পদায়ন করা হয়েছে। অথচ তিনি প্রায় দুই বছর আগে মারা গেছেন।",-1,-1,-1,-1,0,0,0,0,0,1
মন্ত্রণালয় দিয়ে শিক্ষা এবং স্বাস্থ্য সম্ভব না। এই দুই বিভাগে স্বতন্ত্র কমিশন দরকার।,banglatoco,"মারা যাওয়ার ২ বছর পর অধ্যাপককে অধ্যক্ষ হিসেবে পদায়ন শিক্ষা মন্ত্রণালয়ের তথ্যে তিনি রংপুরের কারমাইকেল কলেজের অধ্যাপক। অন্যদিকে রাজশাহীর বানেশ্বর সরকারি কলেজের ওয়েবসাইটের তথ্যমতে, তিনি ওই কলেজের অধ্যক্ষ। গতকাল মঙ্গলবার মাধ্যমিক ও উচ্চশিক্ষা বিভাগের প্রজ্ঞাপনে ওই শিক্ষককে রংপুরের পীরগাছা সরকারি কলেজের অধ্যক্ষ হিসেবে পদায়ন করা হয়েছে। অথচ তিনি প্রায় দুই বছর আগে মারা গেছেন।",-1,-1,-1,-1,0,0,0,0,0,1
এই দেশে কোন অবস্থাতে মন খারাপ করে থাকার সুযোগ নেই।,banglatoco,"মারা যাওয়ার ২ বছর পর অধ্যাপককে অধ্যক্ষ হিসেবে পদায়ন শিক্ষা মন্ত্রণালয়ের তথ্যে তিনি রংপুরের কারমাইকেল কলেজের অধ্যাপক। অন্যদিকে রাজশাহীর বানেশ্বর সরকারি কলেজের ওয়েবসাইটের তথ্যমতে, তিনি ওই কলেজের অধ্যক্ষ। গতকাল মঙ্গলবার মাধ্যমিক ও উচ্চশিক্ষা বিভাগের প্রজ্ঞাপনে ওই শিক্ষককে রংপুরের পীরগাছা সরকারি কলেজের অধ্যক্ষ হিসেবে পদায়ন করা হয়েছে। অথচ তিনি প্রায় দুই বছর আগে মারা গেছেন।",-1,-1,-1,-1,0,0,0,0,0,1
ব্যাথা তোমার কোথায় কোথায় গো বান্ধবী?,banglatoco,"বাংলাদেশ বিনিয়োগ আকর্ষণে কেন পিছিয়ে বাংলাদেশ না পারছে বিনিয়োগ আকর্ষণ করতে, না পারছে বাইরে বিনিয়োগ করতে—এ অভিযোগ বহুদিনের। কোনো অন্তর্বর্তী সরকারের সময় যদিও সাধারণত বিনিয়োগ আকর্ষণ প্রধান কাজ থাকে না, এরপরও এই সরকার অতীতের অনেক বিনিয়োগকারীর তিক্ত অভিজ্ঞতার পরিপ্রেক্ষিতে গ্লানিমোচনে উদ্যোগী হয়েছে। তারই একটি বহিঃপ্রকাশ বিনিয়োগ সম্মেলনের উদ্যোগ।যে দেশে দিনদুপুরে নামকরা বিদেশি প্রতিষ্ঠানে লুটপাট হতে পারে, সেই দেশ যে বিনিয়োগ আকর্ষণে অনেক পিছিয়ে পড়বে তাতে সন্দেহ নেই। অর্থনৈতিক সূচকগুলো ঠিক থাকলে, মুনাফা করা গেলে, এমনকি স্বৈরশাসনের দেশেও বিনিয়োগ হয়, কিন্তু যেখানে বিনিয়োগকারীর ওপর হামলা বা প্রতিষ্ঠানে লুটপাট হয়, সেখানে সম্মেলন করে শত সুন্দর কথা বললেও বিনিয়োগ টানাটা কঠিন। ",-1,-1,-1,-1,1,0,0,0,0,1
"এই সময়ে এই ধরনের নিউজ প্রকাশ করা দেশ ও জাতির জন্য হুমকি, তীব্র নিন্দা ও প্রতিবাদ জানাই।",banglatoco,"বাংলাদেশ বিনিয়োগ আকর্ষণে কেন পিছিয়ে বাংলাদেশ না পারছে বিনিয়োগ আকর্ষণ করতে, না পারছে বাইরে বিনিয়োগ করতে—এ অভিযোগ বহুদিনের। কোনো অন্তর্বর্তী সরকারের সময় যদিও সাধারণত বিনিয়োগ আকর্ষণ প্রধান কাজ থাকে না, এরপরও এই সরকার অতীতের অনেক বিনিয়োগকারীর তিক্ত অভিজ্ঞতার পরিপ্রেক্ষিতে গ্লানিমোচনে উদ্যোগী হয়েছে। তারই একটি বহিঃপ্রকাশ বিনিয়োগ সম্মেলনের উদ্যোগ।যে দেশে দিনদুপুরে নামকরা বিদেশি প্রতিষ্ঠানে লুটপাট হতে পারে, সেই দেশ যে বিনিয়োগ আকর্ষণে অনেক পিছিয়ে পড়বে তাতে সন্দেহ নেই। অর্থনৈতিক সূচকগুলো ঠিক থাকলে, মুনাফা করা গেলে, এমনকি স্বৈরশাসনের দেশেও বিনিয়োগ হয়, কিন্তু যেখানে বিনিয়োগকারীর ওপর হামলা বা প্রতিষ্ঠানে লুটপাট হয়, সেখানে সম্মেলন করে শত সুন্দর কথা বললেও বিনিয়োগ টানাটা কঠিন। ",-1,-1,-1,-1,0,0,0,0,0,1
আপনাদের চুলকানি শুরু,banglatoco,"বাংলাদেশ বিনিয়োগ আকর্ষণে কেন পিছিয়ে বাংলাদেশ না পারছে বিনিয়োগ আকর্ষণ করতে, না পারছে বাইরে বিনিয়োগ করতে—এ অভিযোগ বহুদিনের। কোনো অন্তর্বর্তী সরকারের সময় যদিও সাধারণত বিনিয়োগ আকর্ষণ প্রধান কাজ থাকে না, এরপরও এই সরকার অতীতের অনেক বিনিয়োগকারীর তিক্ত অভিজ্ঞতার পরিপ্রেক্ষিতে গ্লানিমোচনে উদ্যোগী হয়েছে। তারই একটি বহিঃপ্রকাশ বিনিয়োগ সম্মেলনের উদ্যোগ।যে দেশে দিনদুপুরে নামকরা বিদেশি প্রতিষ্ঠানে লুটপাট হতে পারে, সেই দেশ যে বিনিয়োগ আকর্ষণে অনেক পিছিয়ে পড়বে তাতে সন্দেহ নেই। অর্থনৈতিক সূচকগুলো ঠিক থাকলে, মুনাফা করা গেলে, এমনকি স্বৈরশাসনের দেশেও বিনিয়োগ হয়, কিন্তু যেখানে বিনিয়োগকারীর ওপর হামলা বা প্রতিষ্ঠানে লুটপাট হয়, সেখানে সম্মেলন করে শত সুন্দর কথা বললেও বিনিয়োগ টানাটা কঠিন। ",-1,-1,-1,-1,1,0,0,0,0,1
এখন তো আন্তর্জাতিক খেলোয়াড়ের হাতে দেশ। খালি বক্তৃতা আর বিদেশে ভ্রমন দেখছি।,banglatoco,"বাংলাদেশ বিনিয়োগ আকর্ষণে কেন পিছিয়ে বাংলাদেশ না পারছে বিনিয়োগ আকর্ষণ করতে, না পারছে বাইরে বিনিয়োগ করতে—এ অভিযোগ বহুদিনের। কোনো অন্তর্বর্তী সরকারের সময় যদিও সাধারণত বিনিয়োগ আকর্ষণ প্রধান কাজ থাকে না, এরপরও এই সরকার অতীতের অনেক বিনিয়োগকারীর তিক্ত অভিজ্ঞতার পরিপ্রেক্ষিতে গ্লানিমোচনে উদ্যোগী হয়েছে। তারই একটি বহিঃপ্রকাশ বিনিয়োগ সম্মেলনের উদ্যোগ।যে দেশে দিনদুপুরে নামকরা বিদেশি প্রতিষ্ঠানে লুটপাট হতে পারে, সেই দেশ যে বিনিয়োগ আকর্ষণে অনেক পিছিয়ে পড়বে তাতে সন্দেহ নেই। অর্থনৈতিক সূচকগুলো ঠিক থাকলে, মুনাফা করা গেলে, এমনকি স্বৈরশাসনের দেশেও বিনিয়োগ হয়, কিন্তু যেখানে বিনিয়োগকারীর ওপর হামলা বা প্রতিষ্ঠানে লুটপাট হয়, সেখানে সম্মেলন করে শত সুন্দর কথা বললেও বিনিয়োগ টানাটা কঠিন।  তুই ভুয়া আগষ্ট সমর্থকতুই হইলি আগষ্টের নামে ভুয়া আইডি খুলে, আগষ্ট আন্দোলনে কালিমা /নেগেটিভ নিউজ ছড়াতে চাস",-1,-1,-1,-1,1,0,0,0,0,1
"একটা সময় পত্রিকা একটা শ্রেণীর মানুষ কিনত। সেখানে বিভিন্ন ধরনের সংবাদ থাকতো যা শ্রেণীভেদে পড়ত। কেউ রাজনীতি, কেউ অর্থনীতি, কেউ ব্যাবসা, কেউ বিনোদন, কেউ খেলাধুলা, কেউ সংস্কৃতি কেউবা সম্পাদকীয় পড়ত। সবার জন্য সব সংবাদ না। অথচ সোশ্যাল মিডিয়ার কল্যাণে পত্রিকার নিউজ সব শ্রেণীর মানুষের কাছে পৌঁছে যায়। তারা না পড়ে মন্তব্যও করতে পারে। এই যেমন এই সংবাদটা বাণিজ্য নিয়ে একটা গবেষণাধর্মী লেখা, যেটা সব শ্রেণীর না পড়লেও চলবে। অনেকাংশে সত্যিও লেখাটি। স্বাধীনতার ৫০+ বছর অথচ দেশে গার্মেন্টস ছাড়া আর কোন ইন্ডাস্ট্রিয়াল সেক্টর গড়ে উঠেনি। এখনো দেশের এক্সপোর্টের ৮০% গার্মেন্টস থেকেই আসে। বিদেশি বিনিয়োগও খুবই কম। অথচ পুরো লেখা না পড়ে না বুঝে অনেকে আক্রমনাত্মক মন্তব্য করে বসলো! এই হলো দেশের মানুষের অবস্থা।",banglatoco,"বাংলাদেশ বিনিয়োগ আকর্ষণে কেন পিছিয়ে বাংলাদেশ না পারছে বিনিয়োগ আকর্ষণ করতে, না পারছে বাইরে বিনিয়োগ করতে—এ অভিযোগ বহুদিনের। কোনো অন্তর্বর্তী সরকারের সময় যদিও সাধারণত বিনিয়োগ আকর্ষণ প্রধান কাজ থাকে না, এরপরও এই সরকার অতীতের অনেক বিনিয়োগকারীর তিক্ত অভিজ্ঞতার পরিপ্রেক্ষিতে গ্লানিমোচনে উদ্যোগী হয়েছে। তারই একটি বহিঃপ্রকাশ বিনিয়োগ সম্মেলনের উদ্যোগ।যে দেশে দিনদুপুরে নামকরা বিদেশি প্রতিষ্ঠানে লুটপাট হতে পারে, সেই দেশ যে বিনিয়োগ আকর্ষণে অনেক পিছিয়ে পড়বে তাতে সন্দেহ নেই। অর্থনৈতিক সূচকগুলো ঠিক থাকলে, মুনাফা করা গেলে, এমনকি স্বৈরশাসনের দেশেও বিনিয়োগ হয়, কিন্তু যেখানে বিনিয়োগকারীর ওপর হামলা বা প্রতিষ্ঠানে লুটপাট হয়, সেখানে সম্মেলন করে শত সুন্দর কথা বললেও বিনিয়োগ টানাটা কঠিন।  ভাই এই জন্যই ফেইসবুকমুক্ত জীবন সুন্দর 😇",-1,-1,-1,-1,0,0,0,0,0,1
কিভাবে পারবে। বাংলাদেশের মানুষের যা অবস্থা। সামান্য প্রতিবাদ করতে গিয়ে দোকানে পাটে হামলা লুটপাট করে সেখানে বিদেশিরা এদেশে বিনিয়োগ কেন করবে,banglatoco,"বাংলাদেশ বিনিয়োগ আকর্ষণে কেন পিছিয়ে বাংলাদেশ না পারছে বিনিয়োগ আকর্ষণ করতে, না পারছে বাইরে বিনিয়োগ করতে—এ অভিযোগ বহুদিনের। কোনো অন্তর্বর্তী সরকারের সময় যদিও সাধারণত বিনিয়োগ আকর্ষণ প্রধান কাজ থাকে না, এরপরও এই সরকার অতীতের অনেক বিনিয়োগকারীর তিক্ত অভিজ্ঞতার পরিপ্রেক্ষিতে গ্লানিমোচনে উদ্যোগী হয়েছে। তারই একটি বহিঃপ্রকাশ বিনিয়োগ সম্মেলনের উদ্যোগ।যে দেশে দিনদুপুরে নামকরা বিদেশি প্রতিষ্ঠানে লুটপাট হতে পারে, সেই দেশ যে বিনিয়োগ আকর্ষণে অনেক পিছিয়ে পড়বে তাতে সন্দেহ নেই। অর্থনৈতিক সূচকগুলো ঠিক থাকলে, মুনাফা করা গেলে, এমনকি স্বৈরশাসনের দেশেও বিনিয়োগ হয়, কিন্তু যেখানে বিনিয়োগকারীর ওপর হামলা বা প্রতিষ্ঠানে লুটপাট হয়, সেখানে সম্মেলন করে শত সুন্দর কথা বললেও বিনিয়োগ টানাটা কঠিন। ",-1,-1,-1,-1,0,0,0,0,0,1
"বিনিয়োগের পূর্ব শর্ত সুশাসন, দূর্নীতি মুক্ত প্রশাসন, অবকাঠামো,স্থিতিশীল আইন শৃঙ্খলা, গনতন্ত্র, মানবাধিকার ইত্যাদি।যা আমাদের মাতৃভূমিতে অনুপস্থিত।",banglatoco,"বাংলাদেশ বিনিয়োগ আকর্ষণে কেন পিছিয়ে বাংলাদেশ না পারছে বিনিয়োগ আকর্ষণ করতে, না পারছে বাইরে বিনিয়োগ করতে—এ অভিযোগ বহুদিনের। কোনো অন্তর্বর্তী সরকারের সময় যদিও সাধারণত বিনিয়োগ আকর্ষণ প্রধান কাজ থাকে না, এরপরও এই সরকার অতীতের অনেক বিনিয়োগকারীর তিক্ত অভিজ্ঞতার পরিপ্রেক্ষিতে গ্লানিমোচনে উদ্যোগী হয়েছে। তারই একটি বহিঃপ্রকাশ বিনিয়োগ সম্মেলনের উদ্যোগ।যে দেশে দিনদুপুরে নামকরা বিদেশি প্রতিষ্ঠানে লুটপাট হতে পারে, সেই দেশ যে বিনিয়োগ আকর্ষণে অনেক পিছিয়ে পড়বে তাতে সন্দেহ নেই। অর্থনৈতিক সূচকগুলো ঠিক থাকলে, মুনাফা করা গেলে, এমনকি স্বৈরশাসনের দেশেও বিনিয়োগ হয়, কিন্তু যেখানে বিনিয়োগকারীর ওপর হামলা বা প্রতিষ্ঠানে লুটপাট হয়, সেখানে সম্মেলন করে শত সুন্দর কথা বললেও বিনিয়োগ টানাটা কঠিন। ",-1,-1,-1,-1,0,0,0,0,0,1
এদের শিরোনাম যারা বানায় তাদের আত্নার মাগফিরাতের জন্য একটা করমসূচি খুব দরকার।,banglatoco,"বাংলাদেশ বিনিয়োগ আকর্ষণে কেন পিছিয়ে বাংলাদেশ না পারছে বিনিয়োগ আকর্ষণ করতে, না পারছে বাইরে বিনিয়োগ করতে—এ অভিযোগ বহুদিনের। কোনো অন্তর্বর্তী সরকারের সময় যদিও সাধারণত বিনিয়োগ আকর্ষণ প্রধান কাজ থাকে না, এরপরও এই সরকার অতীতের অনেক বিনিয়োগকারীর তিক্ত অভিজ্ঞতার পরিপ্রেক্ষিতে গ্লানিমোচনে উদ্যোগী হয়েছে। তারই একটি বহিঃপ্রকাশ বিনিয়োগ সম্মেলনের উদ্যোগ।যে দেশে দিনদুপুরে নামকরা বিদেশি প্রতিষ্ঠানে লুটপাট হতে পারে, সেই দেশ যে বিনিয়োগ আকর্ষণে অনেক পিছিয়ে পড়বে তাতে সন্দেহ নেই। অর্থনৈতিক সূচকগুলো ঠিক থাকলে, মুনাফা করা গেলে, এমনকি স্বৈরশাসনের দেশেও বিনিয়োগ হয়, কিন্তু যেখানে বিনিয়োগকারীর ওপর হামলা বা প্রতিষ্ঠানে লুটপাট হয়, সেখানে সম্মেলন করে শত সুন্দর কথা বললেও বিনিয়োগ টানাটা কঠিন। ",-1,-1,-1,-1,1,0,0,0,0,1
"সমস্যা নাই,আমাদের আন্তর্জাতিক মানের খেলোয়াড় আছে সব ঠিক করে দিবে🤣🤣🤣",banglatoco,"বাংলাদেশ বিনিয়োগ আকর্ষণে কেন পিছিয়ে বাংলাদেশ না পারছে বিনিয়োগ আকর্ষণ করতে, না পারছে বাইরে বিনিয়োগ করতে—এ অভিযোগ বহুদিনের। কোনো অন্তর্বর্তী সরকারের সময় যদিও সাধারণত বিনিয়োগ আকর্ষণ প্রধান কাজ থাকে না, এরপরও এই সরকার অতীতের অনেক বিনিয়োগকারীর তিক্ত অভিজ্ঞতার পরিপ্রেক্ষিতে গ্লানিমোচনে উদ্যোগী হয়েছে। তারই একটি বহিঃপ্রকাশ বিনিয়োগ সম্মেলনের উদ্যোগ।যে দেশে দিনদুপুরে নামকরা বিদেশি প্রতিষ্ঠানে লুটপাট হতে পারে, সেই দেশ যে বিনিয়োগ আকর্ষণে অনেক পিছিয়ে পড়বে তাতে সন্দেহ নেই। অর্থনৈতিক সূচকগুলো ঠিক থাকলে, মুনাফা করা গেলে, এমনকি স্বৈরশাসনের দেশেও বিনিয়োগ হয়, কিন্তু যেখানে বিনিয়োগকারীর ওপর হামলা বা প্রতিষ্ঠানে লুটপাট হয়, সেখানে সম্মেলন করে শত সুন্দর কথা বললেও বিনিয়োগ টানাটা কঠিন।  এত জলে কেন আপনার আপাই ভালো ছিল আর তার গুন ধর ছেলে, বোন, নেতা কর্মীরা দেশের কত উন্নয়ন করেছে",-1,-1,-1,-1,1,0,0,0,0,1
"একবার না পারিলে দেখো শতবার, চেষ্টা করতে অসুবিধা কোথায়",banglatoco,"বাংলাদেশ বিনিয়োগ আকর্ষণে কেন পিছিয়ে বাংলাদেশ না পারছে বিনিয়োগ আকর্ষণ করতে, না পারছে বাইরে বিনিয়োগ করতে—এ অভিযোগ বহুদিনের। কোনো অন্তর্বর্তী সরকারের সময় যদিও সাধারণত বিনিয়োগ আকর্ষণ প্রধান কাজ থাকে না, এরপরও এই সরকার অতীতের অনেক বিনিয়োগকারীর তিক্ত অভিজ্ঞতার পরিপ্রেক্ষিতে গ্লানিমোচনে উদ্যোগী হয়েছে। তারই একটি বহিঃপ্রকাশ বিনিয়োগ সম্মেলনের উদ্যোগ।যে দেশে দিনদুপুরে নামকরা বিদেশি প্রতিষ্ঠানে লুটপাট হতে পারে, সেই দেশ যে বিনিয়োগ আকর্ষণে অনেক পিছিয়ে পড়বে তাতে সন্দেহ নেই। অর্থনৈতিক সূচকগুলো ঠিক থাকলে, মুনাফা করা গেলে, এমনকি স্বৈরশাসনের দেশেও বিনিয়োগ হয়, কিন্তু যেখানে বিনিয়োগকারীর ওপর হামলা বা প্রতিষ্ঠানে লুটপাট হয়, সেখানে সম্মেলন করে শত সুন্দর কথা বললেও বিনিয়োগ টানাটা কঠিন। ",-1,-1,-1,-1,0,0,0,0,0,1
"পারার কথাও নয়। কারন রাজনৈতিক দলগুলো বিশাল অংকের কমিশন চায়, তারা কাজের টেন্ডার চায়",banglatoco,"বাংলাদেশ বিনিয়োগ আকর্ষণে কেন পিছিয়ে বাংলাদেশ না পারছে বিনিয়োগ আকর্ষণ করতে, না পারছে বাইরে বিনিয়োগ করতে—এ অভিযোগ বহুদিনের। কোনো অন্তর্বর্তী সরকারের সময় যদিও সাধারণত বিনিয়োগ আকর্ষণ প্রধান কাজ থাকে না, এরপরও এই সরকার অতীতের অনেক বিনিয়োগকারীর তিক্ত অভিজ্ঞতার পরিপ্রেক্ষিতে গ্লানিমোচনে উদ্যোগী হয়েছে। তারই একটি বহিঃপ্রকাশ বিনিয়োগ সম্মেলনের উদ্যোগ।যে দেশে দিনদুপুরে নামকরা বিদেশি প্রতিষ্ঠানে লুটপাট হতে পারে, সেই দেশ যে বিনিয়োগ আকর্ষণে অনেক পিছিয়ে পড়বে তাতে সন্দেহ নেই। অর্থনৈতিক সূচকগুলো ঠিক থাকলে, মুনাফা করা গেলে, এমনকি স্বৈরশাসনের দেশেও বিনিয়োগ হয়, কিন্তু যেখানে বিনিয়োগকারীর ওপর হামলা বা প্রতিষ্ঠানে লুটপাট হয়, সেখানে সম্মেলন করে শত সুন্দর কথা বললেও বিনিয়োগ টানাটা কঠিন। ",-1,-1,-1,-1,0,0,0,0,0,1
বিনিয়োগ কেন আসে না বিনিয়োগ না হলে দেশে কিভাবে বেকারত্ব বাড়ে সেগুলা নবম দশম শ্রেণীর পাঠ্য বই য়ে সংযুক্ত করতে হবে না হলে এই দেশের শিক্ষিত অজ্ঞ শ্রেণি বিদেশি বিনিয়োগের গুরুত্ব গুরুত্ব কখনো বুঝবেনা,banglatoco,"বাংলাদেশ বিনিয়োগ আকর্ষণে কেন পিছিয়ে বাংলাদেশ না পারছে বিনিয়োগ আকর্ষণ করতে, না পারছে বাইরে বিনিয়োগ করতে—এ অভিযোগ বহুদিনের। কোনো অন্তর্বর্তী সরকারের সময় যদিও সাধারণত বিনিয়োগ আকর্ষণ প্রধান কাজ থাকে না, এরপরও এই সরকার অতীতের অনেক বিনিয়োগকারীর তিক্ত অভিজ্ঞতার পরিপ্রেক্ষিতে গ্লানিমোচনে উদ্যোগী হয়েছে। তারই একটি বহিঃপ্রকাশ বিনিয়োগ সম্মেলনের উদ্যোগ।যে দেশে দিনদুপুরে নামকরা বিদেশি প্রতিষ্ঠানে লুটপাট হতে পারে, সেই দেশ যে বিনিয়োগ আকর্ষণে অনেক পিছিয়ে পড়বে তাতে সন্দেহ নেই। অর্থনৈতিক সূচকগুলো ঠিক থাকলে, মুনাফা করা গেলে, এমনকি স্বৈরশাসনের দেশেও বিনিয়োগ হয়, কিন্তু যেখানে বিনিয়োগকারীর ওপর হামলা বা প্রতিষ্ঠানে লুটপাট হয়, সেখানে সম্মেলন করে শত সুন্দর কথা বললেও বিনিয়োগ টানাটা কঠিন। ",-1,-1,-1,-1,0,0,0,0,0,1
ঘরের শত্রু বিভীষণ। প্রথম সারির পত্রিকাই যেন দেশের অগ্রগতির পথে অন্তরায়। এই সময়ে এমন রিপোর্ট তারই বহিঃপ্রকাশ।,banglatoco,"বাংলাদেশ বিনিয়োগ আকর্ষণে কেন পিছিয়ে বাংলাদেশ না পারছে বিনিয়োগ আকর্ষণ করতে, না পারছে বাইরে বিনিয়োগ করতে—এ অভিযোগ বহুদিনের। কোনো অন্তর্বর্তী সরকারের সময় যদিও সাধারণত বিনিয়োগ আকর্ষণ প্রধান কাজ থাকে না, এরপরও এই সরকার অতীতের অনেক বিনিয়োগকারীর তিক্ত অভিজ্ঞতার পরিপ্রেক্ষিতে গ্লানিমোচনে উদ্যোগী হয়েছে। তারই একটি বহিঃপ্রকাশ বিনিয়োগ সম্মেলনের উদ্যোগ।যে দেশে দিনদুপুরে নামকরা বিদেশি প্রতিষ্ঠানে লুটপাট হতে পারে, সেই দেশ যে বিনিয়োগ আকর্ষণে অনেক পিছিয়ে পড়বে তাতে সন্দেহ নেই। অর্থনৈতিক সূচকগুলো ঠিক থাকলে, মুনাফা করা গেলে, এমনকি স্বৈরশাসনের দেশেও বিনিয়োগ হয়, কিন্তু যেখানে বিনিয়োগকারীর ওপর হামলা বা প্রতিষ্ঠানে লুটপাট হয়, সেখানে সম্মেলন করে শত সুন্দর কথা বললেও বিনিয়োগ টানাটা কঠিন। ",-1,-1,-1,-1,0,0,0,0,0,1
"তোদের জন্য,,,,,",banglatoco,"বাংলাদেশ বিনিয়োগ আকর্ষণে কেন পিছিয়ে বাংলাদেশ না পারছে বিনিয়োগ আকর্ষণ করতে, না পারছে বাইরে বিনিয়োগ করতে—এ অভিযোগ বহুদিনের। কোনো অন্তর্বর্তী সরকারের সময় যদিও সাধারণত বিনিয়োগ আকর্ষণ প্রধান কাজ থাকে না, এরপরও এই সরকার অতীতের অনেক বিনিয়োগকারীর তিক্ত অভিজ্ঞতার পরিপ্রেক্ষিতে গ্লানিমোচনে উদ্যোগী হয়েছে। তারই একটি বহিঃপ্রকাশ বিনিয়োগ সম্মেলনের উদ্যোগ।যে দেশে দিনদুপুরে নামকরা বিদেশি প্রতিষ্ঠানে লুটপাট হতে পারে, সেই দেশ যে বিনিয়োগ আকর্ষণে অনেক পিছিয়ে পড়বে তাতে সন্দেহ নেই। অর্থনৈতিক সূচকগুলো ঠিক থাকলে, মুনাফা করা গেলে, এমনকি স্বৈরশাসনের দেশেও বিনিয়োগ হয়, কিন্তু যেখানে বিনিয়োগকারীর ওপর হামলা বা প্রতিষ্ঠানে লুটপাট হয়, সেখানে সম্মেলন করে শত সুন্দর কথা বললেও বিনিয়োগ টানাটা কঠিন। ",-1,-1,-1,-1,1,0,0,0,0,1
"এমা সেকি কথা, আমাদের আন্তর্জাতিক খেলোয়াড় তু দেশে বিনিয়োগ এর বন্যা বয়ে দিতাসে শুনতেছি?",banglatoco,"বাংলাদেশ বিনিয়োগ আকর্ষণে কেন পিছিয়ে বাংলাদেশ না পারছে বিনিয়োগ আকর্ষণ করতে, না পারছে বাইরে বিনিয়োগ করতে—এ অভিযোগ বহুদিনের। কোনো অন্তর্বর্তী সরকারের সময় যদিও সাধারণত বিনিয়োগ আকর্ষণ প্রধান কাজ থাকে না, এরপরও এই সরকার অতীতের অনেক বিনিয়োগকারীর তিক্ত অভিজ্ঞতার পরিপ্রেক্ষিতে গ্লানিমোচনে উদ্যোগী হয়েছে। তারই একটি বহিঃপ্রকাশ বিনিয়োগ সম্মেলনের উদ্যোগ।যে দেশে দিনদুপুরে নামকরা বিদেশি প্রতিষ্ঠানে লুটপাট হতে পারে, সেই দেশ যে বিনিয়োগ আকর্ষণে অনেক পিছিয়ে পড়বে তাতে সন্দেহ নেই। অর্থনৈতিক সূচকগুলো ঠিক থাকলে, মুনাফা করা গেলে, এমনকি স্বৈরশাসনের দেশেও বিনিয়োগ হয়, কিন্তু যেখানে বিনিয়োগকারীর ওপর হামলা বা প্রতিষ্ঠানে লুটপাট হয়, সেখানে সম্মেলন করে শত সুন্দর কথা বললেও বিনিয়োগ টানাটা কঠিন। ",-1,-1,-1,-1,1,0,0,0,0,1
ফালতু পএিকা! সব সময় নেগেটিভ চিন্তা!,banglatoco,"বাংলাদেশ বিনিয়োগ আকর্ষণে কেন পিছিয়ে বাংলাদেশ না পারছে বিনিয়োগ আকর্ষণ করতে, না পারছে বাইরে বিনিয়োগ করতে—এ অভিযোগ বহুদিনের। কোনো অন্তর্বর্তী সরকারের সময় যদিও সাধারণত বিনিয়োগ আকর্ষণ প্রধান কাজ থাকে না, এরপরও এই সরকার অতীতের অনেক বিনিয়োগকারীর তিক্ত অভিজ্ঞতার পরিপ্রেক্ষিতে গ্লানিমোচনে উদ্যোগী হয়েছে। তারই একটি বহিঃপ্রকাশ বিনিয়োগ সম্মেলনের উদ্যোগ।যে দেশে দিনদুপুরে নামকরা বিদেশি প্রতিষ্ঠানে লুটপাট হতে পারে, সেই দেশ যে বিনিয়োগ আকর্ষণে অনেক পিছিয়ে পড়বে তাতে সন্দেহ নেই। অর্থনৈতিক সূচকগুলো ঠিক থাকলে, মুনাফা করা গেলে, এমনকি স্বৈরশাসনের দেশেও বিনিয়োগ হয়, কিন্তু যেখানে বিনিয়োগকারীর ওপর হামলা বা প্রতিষ্ঠানে লুটপাট হয়, সেখানে সম্মেলন করে শত সুন্দর কথা বললেও বিনিয়োগ টানাটা কঠিন। ",-1,-1,-1,-1,1,0,0,0,0,1
আন্তর্জাতিক মানের খেলোয়াড় পারছে না কেন?,banglatoco,"বাংলাদেশ বিনিয়োগ আকর্ষণে কেন পিছিয়ে বাংলাদেশ না পারছে বিনিয়োগ আকর্ষণ করতে, না পারছে বাইরে বিনিয়োগ করতে—এ অভিযোগ বহুদিনের। কোনো অন্তর্বর্তী সরকারের সময় যদিও সাধারণত বিনিয়োগ আকর্ষণ প্রধান কাজ থাকে না, এরপরও এই সরকার অতীতের অনেক বিনিয়োগকারীর তিক্ত অভিজ্ঞতার পরিপ্রেক্ষিতে গ্লানিমোচনে উদ্যোগী হয়েছে। তারই একটি বহিঃপ্রকাশ বিনিয়োগ সম্মেলনের উদ্যোগ।যে দেশে দিনদুপুরে নামকরা বিদেশি প্রতিষ্ঠানে লুটপাট হতে পারে, সেই দেশ যে বিনিয়োগ আকর্ষণে অনেক পিছিয়ে পড়বে তাতে সন্দেহ নেই। অর্থনৈতিক সূচকগুলো ঠিক থাকলে, মুনাফা করা গেলে, এমনকি স্বৈরশাসনের দেশেও বিনিয়োগ হয়, কিন্তু যেখানে বিনিয়োগকারীর ওপর হামলা বা প্রতিষ্ঠানে লুটপাট হয়, সেখানে সম্মেলন করে শত সুন্দর কথা বললেও বিনিয়োগ টানাটা কঠিন। ",-1,-1,-1,-1,1,0,0,0,0,1
ব‍্যাথা লাগতেছে নাকি,banglatoco,"বাংলাদেশ বিনিয়োগ আকর্ষণে কেন পিছিয়ে বাংলাদেশ না পারছে বিনিয়োগ আকর্ষণ করতে, না পারছে বাইরে বিনিয়োগ করতে—এ অভিযোগ বহুদিনের। কোনো অন্তর্বর্তী সরকারের সময় যদিও সাধারণত বিনিয়োগ আকর্ষণ প্রধান কাজ থাকে না, এরপরও এই সরকার অতীতের অনেক বিনিয়োগকারীর তিক্ত অভিজ্ঞতার পরিপ্রেক্ষিতে গ্লানিমোচনে উদ্যোগী হয়েছে। তারই একটি বহিঃপ্রকাশ বিনিয়োগ সম্মেলনের উদ্যোগ।যে দেশে দিনদুপুরে নামকরা বিদেশি প্রতিষ্ঠানে লুটপাট হতে পারে, সেই দেশ যে বিনিয়োগ আকর্ষণে অনেক পিছিয়ে পড়বে তাতে সন্দেহ নেই। অর্থনৈতিক সূচকগুলো ঠিক থাকলে, মুনাফা করা গেলে, এমনকি স্বৈরশাসনের দেশেও বিনিয়োগ হয়, কিন্তু যেখানে বিনিয়োগকারীর ওপর হামলা বা প্রতিষ্ঠানে লুটপাট হয়, সেখানে সম্মেলন করে শত সুন্দর কথা বললেও বিনিয়োগ টানাটা কঠিন। ",-1,-1,-1,-1,1,0,0,0,0,1
এই প্রশ্নের উত্তর একমাত্র প্রধান উপদেষ্টা ছাড়া আর কেউ দিতে পারবে না ? গত ২ দিন আগে ঘটনাকে কেন্দ্র করে আপনাদের মতামত কি হতে পারে ? যারা বিনিয়োগ করবে তারা কিন্তু ঘাস খায় না….,banglatoco,"বাংলাদেশ বিনিয়োগ আকর্ষণে কেন পিছিয়ে বাংলাদেশ না পারছে বিনিয়োগ আকর্ষণ করতে, না পারছে বাইরে বিনিয়োগ করতে—এ অভিযোগ বহুদিনের। কোনো অন্তর্বর্তী সরকারের সময় যদিও সাধারণত বিনিয়োগ আকর্ষণ প্রধান কাজ থাকে না, এরপরও এই সরকার অতীতের অনেক বিনিয়োগকারীর তিক্ত অভিজ্ঞতার পরিপ্রেক্ষিতে গ্লানিমোচনে উদ্যোগী হয়েছে। তারই একটি বহিঃপ্রকাশ বিনিয়োগ সম্মেলনের উদ্যোগ।যে দেশে দিনদুপুরে নামকরা বিদেশি প্রতিষ্ঠানে লুটপাট হতে পারে, সেই দেশ যে বিনিয়োগ আকর্ষণে অনেক পিছিয়ে পড়বে তাতে সন্দেহ নেই। অর্থনৈতিক সূচকগুলো ঠিক থাকলে, মুনাফা করা গেলে, এমনকি স্বৈরশাসনের দেশেও বিনিয়োগ হয়, কিন্তু যেখানে বিনিয়োগকারীর ওপর হামলা বা প্রতিষ্ঠানে লুটপাট হয়, সেখানে সম্মেলন করে শত সুন্দর কথা বললেও বিনিয়োগ টানাটা কঠিন। ",-1,-1,-1,-1,0,0,0,0,0,1
শুধু চুলকায়????,banglatoco,"বাংলাদেশ বিনিয়োগ আকর্ষণে কেন পিছিয়ে বাংলাদেশ না পারছে বিনিয়োগ আকর্ষণ করতে, না পারছে বাইরে বিনিয়োগ করতে—এ অভিযোগ বহুদিনের। কোনো অন্তর্বর্তী সরকারের সময় যদিও সাধারণত বিনিয়োগ আকর্ষণ প্রধান কাজ থাকে না, এরপরও এই সরকার অতীতের অনেক বিনিয়োগকারীর তিক্ত অভিজ্ঞতার পরিপ্রেক্ষিতে গ্লানিমোচনে উদ্যোগী হয়েছে। তারই একটি বহিঃপ্রকাশ বিনিয়োগ সম্মেলনের উদ্যোগ।যে দেশে দিনদুপুরে নামকরা বিদেশি প্রতিষ্ঠানে লুটপাট হতে পারে, সেই দেশ যে বিনিয়োগ আকর্ষণে অনেক পিছিয়ে পড়বে তাতে সন্দেহ নেই। অর্থনৈতিক সূচকগুলো ঠিক থাকলে, মুনাফা করা গেলে, এমনকি স্বৈরশাসনের দেশেও বিনিয়োগ হয়, কিন্তু যেখানে বিনিয়োগকারীর ওপর হামলা বা প্রতিষ্ঠানে লুটপাট হয়, সেখানে সম্মেলন করে শত সুন্দর কথা বললেও বিনিয়োগ টানাটা কঠিন। ",-1,-1,-1,-1,1,0,0,0,0,1
দেশের বিরোধীতা পত্রিকা যদি দেশের ভাবমূর্তি ক্ষুণ্ন করে । ওরে জয় বাংলা করে দেয়া উচিৎ,banglatoco,"বাংলাদেশ বিনিয়োগ আকর্ষণে কেন পিছিয়ে বাংলাদেশ না পারছে বিনিয়োগ আকর্ষণ করতে, না পারছে বাইরে বিনিয়োগ করতে—এ অভিযোগ বহুদিনের। কোনো অন্তর্বর্তী সরকারের সময় যদিও সাধারণত বিনিয়োগ আকর্ষণ প্রধান কাজ থাকে না, এরপরও এই সরকার অতীতের অনেক বিনিয়োগকারীর তিক্ত অভিজ্ঞতার পরিপ্রেক্ষিতে গ্লানিমোচনে উদ্যোগী হয়েছে। তারই একটি বহিঃপ্রকাশ বিনিয়োগ সম্মেলনের উদ্যোগ।যে দেশে দিনদুপুরে নামকরা বিদেশি প্রতিষ্ঠানে লুটপাট হতে পারে, সেই দেশ যে বিনিয়োগ আকর্ষণে অনেক পিছিয়ে পড়বে তাতে সন্দেহ নেই। অর্থনৈতিক সূচকগুলো ঠিক থাকলে, মুনাফা করা গেলে, এমনকি স্বৈরশাসনের দেশেও বিনিয়োগ হয়, কিন্তু যেখানে বিনিয়োগকারীর ওপর হামলা বা প্রতিষ্ঠানে লুটপাট হয়, সেখানে সম্মেলন করে শত সুন্দর কথা বললেও বিনিয়োগ টানাটা কঠিন। ",-1,-1,-1,-1,1,0,0,0,0,1
যা শালা ইউনূসের হাঁড়ির খবর বাহিরে চলে এসেছে,banglatoco,"বাংলাদেশ বিনিয়োগ আকর্ষণে কেন পিছিয়ে বাংলাদেশ না পারছে বিনিয়োগ আকর্ষণ করতে, না পারছে বাইরে বিনিয়োগ করতে—এ অভিযোগ বহুদিনের। কোনো অন্তর্বর্তী সরকারের সময় যদিও সাধারণত বিনিয়োগ আকর্ষণ প্রধান কাজ থাকে না, এরপরও এই সরকার অতীতের অনেক বিনিয়োগকারীর তিক্ত অভিজ্ঞতার পরিপ্রেক্ষিতে গ্লানিমোচনে উদ্যোগী হয়েছে। তারই একটি বহিঃপ্রকাশ বিনিয়োগ সম্মেলনের উদ্যোগ।যে দেশে দিনদুপুরে নামকরা বিদেশি প্রতিষ্ঠানে লুটপাট হতে পারে, সেই দেশ যে বিনিয়োগ আকর্ষণে অনেক পিছিয়ে পড়বে তাতে সন্দেহ নেই। অর্থনৈতিক সূচকগুলো ঠিক থাকলে, মুনাফা করা গেলে, এমনকি স্বৈরশাসনের দেশেও বিনিয়োগ হয়, কিন্তু যেখানে বিনিয়োগকারীর ওপর হামলা বা প্রতিষ্ঠানে লুটপাট হয়, সেখানে সম্মেলন করে শত সুন্দর কথা বললেও বিনিয়োগ টানাটা কঠিন। ",-1,-1,-1,-1,1,0,0,0,0,1
ফালতু সাংবাদিক,banglatoco,"বাংলাদেশ বিনিয়োগ আকর্ষণে কেন পিছিয়ে বাংলাদেশ না পারছে বিনিয়োগ আকর্ষণ করতে, না পারছে বাইরে বিনিয়োগ করতে—এ অভিযোগ বহুদিনের। কোনো অন্তর্বর্তী সরকারের সময় যদিও সাধারণত বিনিয়োগ আকর্ষণ প্রধান কাজ থাকে না, এরপরও এই সরকার অতীতের অনেক বিনিয়োগকারীর তিক্ত অভিজ্ঞতার পরিপ্রেক্ষিতে গ্লানিমোচনে উদ্যোগী হয়েছে। তারই একটি বহিঃপ্রকাশ বিনিয়োগ সম্মেলনের উদ্যোগ।যে দেশে দিনদুপুরে নামকরা বিদেশি প্রতিষ্ঠানে লুটপাট হতে পারে, সেই দেশ যে বিনিয়োগ আকর্ষণে অনেক পিছিয়ে পড়বে তাতে সন্দেহ নেই। অর্থনৈতিক সূচকগুলো ঠিক থাকলে, মুনাফা করা গেলে, এমনকি স্বৈরশাসনের দেশেও বিনিয়োগ হয়, কিন্তু যেখানে বিনিয়োগকারীর ওপর হামলা বা প্রতিষ্ঠানে লুটপাট হয়, সেখানে সম্মেলন করে শত সুন্দর কথা বললেও বিনিয়োগ টানাটা কঠিন। ",-1,-1,-1,-1,1,0,0,0,0,1
তোরাকি আসলেই মানুষ হবি না?,banglatoco,"বাংলাদেশ বিনিয়োগ আকর্ষণে কেন পিছিয়ে বাংলাদেশ না পারছে বিনিয়োগ আকর্ষণ করতে, না পারছে বাইরে বিনিয়োগ করতে—এ অভিযোগ বহুদিনের। কোনো অন্তর্বর্তী সরকারের সময় যদিও সাধারণত বিনিয়োগ আকর্ষণ প্রধান কাজ থাকে না, এরপরও এই সরকার অতীতের অনেক বিনিয়োগকারীর তিক্ত অভিজ্ঞতার পরিপ্রেক্ষিতে গ্লানিমোচনে উদ্যোগী হয়েছে। তারই একটি বহিঃপ্রকাশ বিনিয়োগ সম্মেলনের উদ্যোগ।যে দেশে দিনদুপুরে নামকরা বিদেশি প্রতিষ্ঠানে লুটপাট হতে পারে, সেই দেশ যে বিনিয়োগ আকর্ষণে অনেক পিছিয়ে পড়বে তাতে সন্দেহ নেই। অর্থনৈতিক সূচকগুলো ঠিক থাকলে, মুনাফা করা গেলে, এমনকি স্বৈরশাসনের দেশেও বিনিয়োগ হয়, কিন্তু যেখানে বিনিয়োগকারীর ওপর হামলা বা প্রতিষ্ঠানে লুটপাট হয়, সেখানে সম্মেলন করে শত সুন্দর কথা বললেও বিনিয়োগ টানাটা কঠিন। ",-1,-1,-1,-1,1,0,0,0,0,1
এখন পারবে,banglatoco,"বাংলাদেশ বিনিয়োগ আকর্ষণে কেন পিছিয়ে বাংলাদেশ না পারছে বিনিয়োগ আকর্ষণ করতে, না পারছে বাইরে বিনিয়োগ করতে—এ অভিযোগ বহুদিনের। কোনো অন্তর্বর্তী সরকারের সময় যদিও সাধারণত বিনিয়োগ আকর্ষণ প্রধান কাজ থাকে না, এরপরও এই সরকার অতীতের অনেক বিনিয়োগকারীর তিক্ত অভিজ্ঞতার পরিপ্রেক্ষিতে গ্লানিমোচনে উদ্যোগী হয়েছে। তারই একটি বহিঃপ্রকাশ বিনিয়োগ সম্মেলনের উদ্যোগ।যে দেশে দিনদুপুরে নামকরা বিদেশি প্রতিষ্ঠানে লুটপাট হতে পারে, সেই দেশ যে বিনিয়োগ আকর্ষণে অনেক পিছিয়ে পড়বে তাতে সন্দেহ নেই। অর্থনৈতিক সূচকগুলো ঠিক থাকলে, মুনাফা করা গেলে, এমনকি স্বৈরশাসনের দেশেও বিনিয়োগ হয়, কিন্তু যেখানে বিনিয়োগকারীর ওপর হামলা বা প্রতিষ্ঠানে লুটপাট হয়, সেখানে সম্মেলন করে শত সুন্দর কথা বললেও বিনিয়োগ টানাটা কঠিন। ",-1,-1,-1,-1,0,0,0,0,0,1
"এত বিনিয়োগ আসছে,৯ তারিখ থেকে নতুন করে বিশ্ব দেখবে বাংলাদেশ কে,আজ ৯ তারিখ",banglatoco,"বাংলাদেশ বিনিয়োগ আকর্ষণে কেন পিছিয়ে বাংলাদেশ না পারছে বিনিয়োগ আকর্ষণ করতে, না পারছে বাইরে বিনিয়োগ করতে—এ অভিযোগ বহুদিনের। কোনো অন্তর্বর্তী সরকারের সময় যদিও সাধারণত বিনিয়োগ আকর্ষণ প্রধান কাজ থাকে না, এরপরও এই সরকার অতীতের অনেক বিনিয়োগকারীর তিক্ত অভিজ্ঞতার পরিপ্রেক্ষিতে গ্লানিমোচনে উদ্যোগী হয়েছে। তারই একটি বহিঃপ্রকাশ বিনিয়োগ সম্মেলনের উদ্যোগ।যে দেশে দিনদুপুরে নামকরা বিদেশি প্রতিষ্ঠানে লুটপাট হতে পারে, সেই দেশ যে বিনিয়োগ আকর্ষণে অনেক পিছিয়ে পড়বে তাতে সন্দেহ নেই। অর্থনৈতিক সূচকগুলো ঠিক থাকলে, মুনাফা করা গেলে, এমনকি স্বৈরশাসনের দেশেও বিনিয়োগ হয়, কিন্তু যেখানে বিনিয়োগকারীর ওপর হামলা বা প্রতিষ্ঠানে লুটপাট হয়, সেখানে সম্মেলন করে শত সুন্দর কথা বললেও বিনিয়োগ টানাটা কঠিন। ",-1,-1,-1,-1,0,0,0,0,0,1
সম্পাদক মে বি গঞ্জিকার সাব ডিলার🤣🤣,banglatoco,"বাংলাদেশ বিনিয়োগ আকর্ষণে কেন পিছিয়ে বাংলাদেশ না পারছে বিনিয়োগ আকর্ষণ করতে, না পারছে বাইরে বিনিয়োগ করতে—এ অভিযোগ বহুদিনের। কোনো অন্তর্বর্তী সরকারের সময় যদিও সাধারণত বিনিয়োগ আকর্ষণ প্রধান কাজ থাকে না, এরপরও এই সরকার অতীতের অনেক বিনিয়োগকারীর তিক্ত অভিজ্ঞতার পরিপ্রেক্ষিতে গ্লানিমোচনে উদ্যোগী হয়েছে। তারই একটি বহিঃপ্রকাশ বিনিয়োগ সম্মেলনের উদ্যোগ।যে দেশে দিনদুপুরে নামকরা বিদেশি প্রতিষ্ঠানে লুটপাট হতে পারে, সেই দেশ যে বিনিয়োগ আকর্ষণে অনেক পিছিয়ে পড়বে তাতে সন্দেহ নেই। অর্থনৈতিক সূচকগুলো ঠিক থাকলে, মুনাফা করা গেলে, এমনকি স্বৈরশাসনের দেশেও বিনিয়োগ হয়, কিন্তু যেখানে বিনিয়োগকারীর ওপর হামলা বা প্রতিষ্ঠানে লুটপাট হয়, সেখানে সম্মেলন করে শত সুন্দর কথা বললেও বিনিয়োগ টানাটা কঠিন। ",-1,-1,-1,-1,1,0,0,0,0,1
তোমার আব্বারা চায়নাই তাই। মতিলাল এরা কারা তুমি জানোনা? 😾,banglatoco,"বাংলাদেশ বিনিয়োগ আকর্ষণে কেন পিছিয়ে বাংলাদেশ না পারছে বিনিয়োগ আকর্ষণ করতে, না পারছে বাইরে বিনিয়োগ করতে—এ অভিযোগ বহুদিনের। কোনো অন্তর্বর্তী সরকারের সময় যদিও সাধারণত বিনিয়োগ আকর্ষণ প্রধান কাজ থাকে না, এরপরও এই সরকার অতীতের অনেক বিনিয়োগকারীর তিক্ত অভিজ্ঞতার পরিপ্রেক্ষিতে গ্লানিমোচনে উদ্যোগী হয়েছে। তারই একটি বহিঃপ্রকাশ বিনিয়োগ সম্মেলনের উদ্যোগ।যে দেশে দিনদুপুরে নামকরা বিদেশি প্রতিষ্ঠানে লুটপাট হতে পারে, সেই দেশ যে বিনিয়োগ আকর্ষণে অনেক পিছিয়ে পড়বে তাতে সন্দেহ নেই। অর্থনৈতিক সূচকগুলো ঠিক থাকলে, মুনাফা করা গেলে, এমনকি স্বৈরশাসনের দেশেও বিনিয়োগ হয়, কিন্তু যেখানে বিনিয়োগকারীর ওপর হামলা বা প্রতিষ্ঠানে লুটপাট হয়, সেখানে সম্মেলন করে শত সুন্দর কথা বললেও বিনিয়োগ টানাটা কঠিন। ",-1,-1,-1,-1,1,0,0,0,0,1
তাহলে কি করতে হবে!বসে বসে ভারতের তাঁবেদারি করতে হবে? না নিজ দেশের মানুষের জন্য চেষ্টা করতে হবে !,banglatoco,"বাংলাদেশ বিনিয়োগ আকর্ষণে কেন পিছিয়ে বাংলাদেশ না পারছে বিনিয়োগ আকর্ষণ করতে, না পারছে বাইরে বিনিয়োগ করতে—এ অভিযোগ বহুদিনের। কোনো অন্তর্বর্তী সরকারের সময় যদিও সাধারণত বিনিয়োগ আকর্ষণ প্রধান কাজ থাকে না, এরপরও এই সরকার অতীতের অনেক বিনিয়োগকারীর তিক্ত অভিজ্ঞতার পরিপ্রেক্ষিতে গ্লানিমোচনে উদ্যোগী হয়েছে। তারই একটি বহিঃপ্রকাশ বিনিয়োগ সম্মেলনের উদ্যোগ।যে দেশে দিনদুপুরে নামকরা বিদেশি প্রতিষ্ঠানে লুটপাট হতে পারে, সেই দেশ যে বিনিয়োগ আকর্ষণে অনেক পিছিয়ে পড়বে তাতে সন্দেহ নেই। অর্থনৈতিক সূচকগুলো ঠিক থাকলে, মুনাফা করা গেলে, এমনকি স্বৈরশাসনের দেশেও বিনিয়োগ হয়, কিন্তু যেখানে বিনিয়োগকারীর ওপর হামলা বা প্রতিষ্ঠানে লুটপাট হয়, সেখানে সম্মেলন করে শত সুন্দর কথা বললেও বিনিয়োগ টানাটা কঠিন। ",-1,-1,-1,-1,1,0,0,0,0,1
প্রথমকালো আর ভাল হবে না,banglatoco,"বাংলাদেশ বিনিয়োগ আকর্ষণে কেন পিছিয়ে বাংলাদেশ না পারছে বিনিয়োগ আকর্ষণ করতে, না পারছে বাইরে বিনিয়োগ করতে—এ অভিযোগ বহুদিনের। কোনো অন্তর্বর্তী সরকারের সময় যদিও সাধারণত বিনিয়োগ আকর্ষণ প্রধান কাজ থাকে না, এরপরও এই সরকার অতীতের অনেক বিনিয়োগকারীর তিক্ত অভিজ্ঞতার পরিপ্রেক্ষিতে গ্লানিমোচনে উদ্যোগী হয়েছে। তারই একটি বহিঃপ্রকাশ বিনিয়োগ সম্মেলনের উদ্যোগ।যে দেশে দিনদুপুরে নামকরা বিদেশি প্রতিষ্ঠানে লুটপাট হতে পারে, সেই দেশ যে বিনিয়োগ আকর্ষণে অনেক পিছিয়ে পড়বে তাতে সন্দেহ নেই। অর্থনৈতিক সূচকগুলো ঠিক থাকলে, মুনাফা করা গেলে, এমনকি স্বৈরশাসনের দেশেও বিনিয়োগ হয়, কিন্তু যেখানে বিনিয়োগকারীর ওপর হামলা বা প্রতিষ্ঠানে লুটপাট হয়, সেখানে সম্মেলন করে শত সুন্দর কথা বললেও বিনিয়োগ টানাটা কঠিন। ",-1,-1,-1,-1,1,0,0,0,0,1
শিরোনাম অন্যভাবে দিলে ভালো হতো,banglatoco,"বাংলাদেশ বিনিয়োগ আকর্ষণে কেন পিছিয়ে বাংলাদেশ না পারছে বিনিয়োগ আকর্ষণ করতে, না পারছে বাইরে বিনিয়োগ করতে—এ অভিযোগ বহুদিনের। কোনো অন্তর্বর্তী সরকারের সময় যদিও সাধারণত বিনিয়োগ আকর্ষণ প্রধান কাজ থাকে না, এরপরও এই সরকার অতীতের অনেক বিনিয়োগকারীর তিক্ত অভিজ্ঞতার পরিপ্রেক্ষিতে গ্লানিমোচনে উদ্যোগী হয়েছে। তারই একটি বহিঃপ্রকাশ বিনিয়োগ সম্মেলনের উদ্যোগ।যে দেশে দিনদুপুরে নামকরা বিদেশি প্রতিষ্ঠানে লুটপাট হতে পারে, সেই দেশ যে বিনিয়োগ আকর্ষণে অনেক পিছিয়ে পড়বে তাতে সন্দেহ নেই। অর্থনৈতিক সূচকগুলো ঠিক থাকলে, মুনাফা করা গেলে, এমনকি স্বৈরশাসনের দেশেও বিনিয়োগ হয়, কিন্তু যেখানে বিনিয়োগকারীর ওপর হামলা বা প্রতিষ্ঠানে লুটপাট হয়, সেখানে সম্মেলন করে শত সুন্দর কথা বললেও বিনিয়োগ টানাটা কঠিন। ",-1,-1,-1,-1,0,0,0,0,0,1
পটেমআলু,banglatoco,"বাংলাদেশ বিনিয়োগ আকর্ষণে কেন পিছিয়ে বাংলাদেশ না পারছে বিনিয়োগ আকর্ষণ করতে, না পারছে বাইরে বিনিয়োগ করতে—এ অভিযোগ বহুদিনের। কোনো অন্তর্বর্তী সরকারের সময় যদিও সাধারণত বিনিয়োগ আকর্ষণ প্রধান কাজ থাকে না, এরপরও এই সরকার অতীতের অনেক বিনিয়োগকারীর তিক্ত অভিজ্ঞতার পরিপ্রেক্ষিতে গ্লানিমোচনে উদ্যোগী হয়েছে। তারই একটি বহিঃপ্রকাশ বিনিয়োগ সম্মেলনের উদ্যোগ।যে দেশে দিনদুপুরে নামকরা বিদেশি প্রতিষ্ঠানে লুটপাট হতে পারে, সেই দেশ যে বিনিয়োগ আকর্ষণে অনেক পিছিয়ে পড়বে তাতে সন্দেহ নেই। অর্থনৈতিক সূচকগুলো ঠিক থাকলে, মুনাফা করা গেলে, এমনকি স্বৈরশাসনের দেশেও বিনিয়োগ হয়, কিন্তু যেখানে বিনিয়োগকারীর ওপর হামলা বা প্রতিষ্ঠানে লুটপাট হয়, সেখানে সম্মেলন করে শত সুন্দর কথা বললেও বিনিয়োগ টানাটা কঠিন। ",-1,-1,-1,-1,1,0,0,0,0,1
এখন হবে ইনশাআল্লাহ।,banglatoco,"বাংলাদেশ বিনিয়োগ আকর্ষণে কেন পিছিয়ে বাংলাদেশ না পারছে বিনিয়োগ আকর্ষণ করতে, না পারছে বাইরে বিনিয়োগ করতে—এ অভিযোগ বহুদিনের। কোনো অন্তর্বর্তী সরকারের সময় যদিও সাধারণত বিনিয়োগ আকর্ষণ প্রধান কাজ থাকে না, এরপরও এই সরকার অতীতের অনেক বিনিয়োগকারীর তিক্ত অভিজ্ঞতার পরিপ্রেক্ষিতে গ্লানিমোচনে উদ্যোগী হয়েছে। তারই একটি বহিঃপ্রকাশ বিনিয়োগ সম্মেলনের উদ্যোগ।যে দেশে দিনদুপুরে নামকরা বিদেশি প্রতিষ্ঠানে লুটপাট হতে পারে, সেই দেশ যে বিনিয়োগ আকর্ষণে অনেক পিছিয়ে পড়বে তাতে সন্দেহ নেই। অর্থনৈতিক সূচকগুলো ঠিক থাকলে, মুনাফা করা গেলে, এমনকি স্বৈরশাসনের দেশেও বিনিয়োগ হয়, কিন্তু যেখানে বিনিয়োগকারীর ওপর হামলা বা প্রতিষ্ঠানে লুটপাট হয়, সেখানে সম্মেলন করে শত সুন্দর কথা বললেও বিনিয়োগ টানাটা কঠিন। ",-1,-1,-1,-1,0,0,0,0,0,1
কারন আমাদের সোনার মানুষরা সব জ্বালায়ি পুড়িয়ে দেয়,banglatoco,"বাংলাদেশ বিনিয়োগ আকর্ষণে কেন পিছিয়ে বাংলাদেশ না পারছে বিনিয়োগ আকর্ষণ করতে, না পারছে বাইরে বিনিয়োগ করতে—এ অভিযোগ বহুদিনের। কোনো অন্তর্বর্তী সরকারের সময় যদিও সাধারণত বিনিয়োগ আকর্ষণ প্রধান কাজ থাকে না, এরপরও এই সরকার অতীতের অনেক বিনিয়োগকারীর তিক্ত অভিজ্ঞতার পরিপ্রেক্ষিতে গ্লানিমোচনে উদ্যোগী হয়েছে। তারই একটি বহিঃপ্রকাশ বিনিয়োগ সম্মেলনের উদ্যোগ।যে দেশে দিনদুপুরে নামকরা বিদেশি প্রতিষ্ঠানে লুটপাট হতে পারে, সেই দেশ যে বিনিয়োগ আকর্ষণে অনেক পিছিয়ে পড়বে তাতে সন্দেহ নেই। অর্থনৈতিক সূচকগুলো ঠিক থাকলে, মুনাফা করা গেলে, এমনকি স্বৈরশাসনের দেশেও বিনিয়োগ হয়, কিন্তু যেখানে বিনিয়োগকারীর ওপর হামলা বা প্রতিষ্ঠানে লুটপাট হয়, সেখানে সম্মেলন করে শত সুন্দর কথা বললেও বিনিয়োগ টানাটা কঠিন। ",-1,-1,-1,-1,0,0,0,0,0,1
বাংলাদেশ ই শীর্ষে,banglatoco,"বাংলাদেশ বিনিয়োগ আকর্ষণে কেন পিছিয়ে বাংলাদেশ না পারছে বিনিয়োগ আকর্ষণ করতে, না পারছে বাইরে বিনিয়োগ করতে—এ অভিযোগ বহুদিনের। কোনো অন্তর্বর্তী সরকারের সময় যদিও সাধারণত বিনিয়োগ আকর্ষণ প্রধান কাজ থাকে না, এরপরও এই সরকার অতীতের অনেক বিনিয়োগকারীর তিক্ত অভিজ্ঞতার পরিপ্রেক্ষিতে গ্লানিমোচনে উদ্যোগী হয়েছে। তারই একটি বহিঃপ্রকাশ বিনিয়োগ সম্মেলনের উদ্যোগ।যে দেশে দিনদুপুরে নামকরা বিদেশি প্রতিষ্ঠানে লুটপাট হতে পারে, সেই দেশ যে বিনিয়োগ আকর্ষণে অনেক পিছিয়ে পড়বে তাতে সন্দেহ নেই। অর্থনৈতিক সূচকগুলো ঠিক থাকলে, মুনাফা করা গেলে, এমনকি স্বৈরশাসনের দেশেও বিনিয়োগ হয়, কিন্তু যেখানে বিনিয়োগকারীর ওপর হামলা বা প্রতিষ্ঠানে লুটপাট হয়, সেখানে সম্মেলন করে শত সুন্দর কথা বললেও বিনিয়োগ টানাটা কঠিন। ",-1,-1,-1,-1,0,0,0,0,0,1
দেশিয় কলকারখানা ধংস করা হিলে বিদেশি বিনিয়োগ কিভাবে হবে?,banglatoco,"বাংলাদেশ বিনিয়োগ আকর্ষণে কেন পিছিয়ে বাংলাদেশ না পারছে বিনিয়োগ আকর্ষণ করতে, না পারছে বাইরে বিনিয়োগ করতে—এ অভিযোগ বহুদিনের। কোনো অন্তর্বর্তী সরকারের সময় যদিও সাধারণত বিনিয়োগ আকর্ষণ প্রধান কাজ থাকে না, এরপরও এই সরকার অতীতের অনেক বিনিয়োগকারীর তিক্ত অভিজ্ঞতার পরিপ্রেক্ষিতে গ্লানিমোচনে উদ্যোগী হয়েছে। তারই একটি বহিঃপ্রকাশ বিনিয়োগ সম্মেলনের উদ্যোগ।যে দেশে দিনদুপুরে নামকরা বিদেশি প্রতিষ্ঠানে লুটপাট হতে পারে, সেই দেশ যে বিনিয়োগ আকর্ষণে অনেক পিছিয়ে পড়বে তাতে সন্দেহ নেই। অর্থনৈতিক সূচকগুলো ঠিক থাকলে, মুনাফা করা গেলে, এমনকি স্বৈরশাসনের দেশেও বিনিয়োগ হয়, কিন্তু যেখানে বিনিয়োগকারীর ওপর হামলা বা প্রতিষ্ঠানে লুটপাট হয়, সেখানে সম্মেলন করে শত সুন্দর কথা বললেও বিনিয়োগ টানাটা কঠিন। ",-1,-1,-1,-1,0,0,0,0,0,1
মাদারবোর্ড টপিক,banglatoco,"বাংলাদেশ বিনিয়োগ আকর্ষণে কেন পিছিয়ে বাংলাদেশ না পারছে বিনিয়োগ আকর্ষণ করতে, না পারছে বাইরে বিনিয়োগ করতে—এ অভিযোগ বহুদিনের। কোনো অন্তর্বর্তী সরকারের সময় যদিও সাধারণত বিনিয়োগ আকর্ষণ প্রধান কাজ থাকে না, এরপরও এই সরকার অতীতের অনেক বিনিয়োগকারীর তিক্ত অভিজ্ঞতার পরিপ্রেক্ষিতে গ্লানিমোচনে উদ্যোগী হয়েছে। তারই একটি বহিঃপ্রকাশ বিনিয়োগ সম্মেলনের উদ্যোগ।যে দেশে দিনদুপুরে নামকরা বিদেশি প্রতিষ্ঠানে লুটপাট হতে পারে, সেই দেশ যে বিনিয়োগ আকর্ষণে অনেক পিছিয়ে পড়বে তাতে সন্দেহ নেই। অর্থনৈতিক সূচকগুলো ঠিক থাকলে, মুনাফা করা গেলে, এমনকি স্বৈরশাসনের দেশেও বিনিয়োগ হয়, কিন্তু যেখানে বিনিয়োগকারীর ওপর হামলা বা প্রতিষ্ঠানে লুটপাট হয়, সেখানে সম্মেলন করে শত সুন্দর কথা বললেও বিনিয়োগ টানাটা কঠিন। ",-1,-1,-1,-1,1,0,0,0,0,1
বদ**মা*শগুলার এখনি এ ধরণের আর্টিকেল প্রকাশ করতে হবে।,banglatoco,"বাংলাদেশ বিনিয়োগ আকর্ষণে কেন পিছিয়ে বাংলাদেশ না পারছে বিনিয়োগ আকর্ষণ করতে, না পারছে বাইরে বিনিয়োগ করতে—এ অভিযোগ বহুদিনের। কোনো অন্তর্বর্তী সরকারের সময় যদিও সাধারণত বিনিয়োগ আকর্ষণ প্রধান কাজ থাকে না, এরপরও এই সরকার অতীতের অনেক বিনিয়োগকারীর তিক্ত অভিজ্ঞতার পরিপ্রেক্ষিতে গ্লানিমোচনে উদ্যোগী হয়েছে। তারই একটি বহিঃপ্রকাশ বিনিয়োগ সম্মেলনের উদ্যোগ।যে দেশে দিনদুপুরে নামকরা বিদেশি প্রতিষ্ঠানে লুটপাট হতে পারে, সেই দেশ যে বিনিয়োগ আকর্ষণে অনেক পিছিয়ে পড়বে তাতে সন্দেহ নেই। অর্থনৈতিক সূচকগুলো ঠিক থাকলে, মুনাফা করা গেলে, এমনকি স্বৈরশাসনের দেশেও বিনিয়োগ হয়, কিন্তু যেখানে বিনিয়োগকারীর ওপর হামলা বা প্রতিষ্ঠানে লুটপাট হয়, সেখানে সম্মেলন করে শত সুন্দর কথা বললেও বিনিয়োগ টানাটা কঠিন। ",-1,-1,-1,-1,1,0,0,0,0,1
বিনিয়োগের আবহাওয়া তৈরী করতে না পারলে বিনিয়োগ আশা করাটা বোকামি,banglatoco,"বাংলাদেশ বিনিয়োগ আকর্ষণে কেন পিছিয়ে বাংলাদেশ না পারছে বিনিয়োগ আকর্ষণ করতে, না পারছে বাইরে বিনিয়োগ করতে—এ অভিযোগ বহুদিনের। কোনো অন্তর্বর্তী সরকারের সময় যদিও সাধারণত বিনিয়োগ আকর্ষণ প্রধান কাজ থাকে না, এরপরও এই সরকার অতীতের অনেক বিনিয়োগকারীর তিক্ত অভিজ্ঞতার পরিপ্রেক্ষিতে গ্লানিমোচনে উদ্যোগী হয়েছে। তারই একটি বহিঃপ্রকাশ বিনিয়োগ সম্মেলনের উদ্যোগ।যে দেশে দিনদুপুরে নামকরা বিদেশি প্রতিষ্ঠানে লুটপাট হতে পারে, সেই দেশ যে বিনিয়োগ আকর্ষণে অনেক পিছিয়ে পড়বে তাতে সন্দেহ নেই। অর্থনৈতিক সূচকগুলো ঠিক থাকলে, মুনাফা করা গেলে, এমনকি স্বৈরশাসনের দেশেও বিনিয়োগ হয়, কিন্তু যেখানে বিনিয়োগকারীর ওপর হামলা বা প্রতিষ্ঠানে লুটপাট হয়, সেখানে সম্মেলন করে শত সুন্দর কথা বললেও বিনিয়োগ টানাটা কঠিন। ",-1,-1,-1,-1,0,0,0,0,0,1
দুর্নীতিই এর প্রধান কারণ । দেশ থেকে দুর্নীতি কমান সব ঠিক হয়ে যাবে ।,banglatoco,"বাংলাদেশ বিনিয়োগ আকর্ষণে কেন পিছিয়ে বাংলাদেশ না পারছে বিনিয়োগ আকর্ষণ করতে, না পারছে বাইরে বিনিয়োগ করতে—এ অভিযোগ বহুদিনের। কোনো অন্তর্বর্তী সরকারের সময় যদিও সাধারণত বিনিয়োগ আকর্ষণ প্রধান কাজ থাকে না, এরপরও এই সরকার অতীতের অনেক বিনিয়োগকারীর তিক্ত অভিজ্ঞতার পরিপ্রেক্ষিতে গ্লানিমোচনে উদ্যোগী হয়েছে। তারই একটি বহিঃপ্রকাশ বিনিয়োগ সম্মেলনের উদ্যোগ।যে দেশে দিনদুপুরে নামকরা বিদেশি প্রতিষ্ঠানে লুটপাট হতে পারে, সেই দেশ যে বিনিয়োগ আকর্ষণে অনেক পিছিয়ে পড়বে তাতে সন্দেহ নেই। অর্থনৈতিক সূচকগুলো ঠিক থাকলে, মুনাফা করা গেলে, এমনকি স্বৈরশাসনের দেশেও বিনিয়োগ হয়, কিন্তু যেখানে বিনিয়োগকারীর ওপর হামলা বা প্রতিষ্ঠানে লুটপাট হয়, সেখানে সম্মেলন করে শত সুন্দর কথা বললেও বিনিয়োগ টানাটা কঠিন। ",-1,-1,-1,-1,0,0,0,0,0,1
এই সময় এই নিউজের মানে কি! মাদারচোদ সাংবাদিক কোথাকার!,banglatoco,"বাংলাদেশ বিনিয়োগ আকর্ষণে কেন পিছিয়ে বাংলাদেশ না পারছে বিনিয়োগ আকর্ষণ করতে, না পারছে বাইরে বিনিয়োগ করতে—এ অভিযোগ বহুদিনের। কোনো অন্তর্বর্তী সরকারের সময় যদিও সাধারণত বিনিয়োগ আকর্ষণ প্রধান কাজ থাকে না, এরপরও এই সরকার অতীতের অনেক বিনিয়োগকারীর তিক্ত অভিজ্ঞতার পরিপ্রেক্ষিতে গ্লানিমোচনে উদ্যোগী হয়েছে। তারই একটি বহিঃপ্রকাশ বিনিয়োগ সম্মেলনের উদ্যোগ।যে দেশে দিনদুপুরে নামকরা বিদেশি প্রতিষ্ঠানে লুটপাট হতে পারে, সেই দেশ যে বিনিয়োগ আকর্ষণে অনেক পিছিয়ে পড়বে তাতে সন্দেহ নেই। অর্থনৈতিক সূচকগুলো ঠিক থাকলে, মুনাফা করা গেলে, এমনকি স্বৈরশাসনের দেশেও বিনিয়োগ হয়, কিন্তু যেখানে বিনিয়োগকারীর ওপর হামলা বা প্রতিষ্ঠানে লুটপাট হয়, সেখানে সম্মেলন করে শত সুন্দর কথা বললেও বিনিয়োগ টানাটা কঠিন। ",-1,-1,-1,-1,1,0,0,0,0,1
"শালা চুতিয়ার বাচ্চা, জারজ,নিজ দেশের বদনাম করে তাও দেশে বিনিয়োগ সম্মেলনের সময়।",banglatoco,"বাংলাদেশ বিনিয়োগ আকর্ষণে কেন পিছিয়ে বাংলাদেশ না পারছে বিনিয়োগ আকর্ষণ করতে, না পারছে বাইরে বিনিয়োগ করতে—এ অভিযোগ বহুদিনের। কোনো অন্তর্বর্তী সরকারের সময় যদিও সাধারণত বিনিয়োগ আকর্ষণ প্রধান কাজ থাকে না, এরপরও এই সরকার অতীতের অনেক বিনিয়োগকারীর তিক্ত অভিজ্ঞতার পরিপ্রেক্ষিতে গ্লানিমোচনে উদ্যোগী হয়েছে। তারই একটি বহিঃপ্রকাশ বিনিয়োগ সম্মেলনের উদ্যোগ।যে দেশে দিনদুপুরে নামকরা বিদেশি প্রতিষ্ঠানে লুটপাট হতে পারে, সেই দেশ যে বিনিয়োগ আকর্ষণে অনেক পিছিয়ে পড়বে তাতে সন্দেহ নেই। অর্থনৈতিক সূচকগুলো ঠিক থাকলে, মুনাফা করা গেলে, এমনকি স্বৈরশাসনের দেশেও বিনিয়োগ হয়, কিন্তু যেখানে বিনিয়োগকারীর ওপর হামলা বা প্রতিষ্ঠানে লুটপাট হয়, সেখানে সম্মেলন করে শত সুন্দর কথা বললেও বিনিয়োগ টানাটা কঠিন। ",-1,-1,-1,-1,1,0,0,0,0,1
আমলাতান্ত্রিক কাঠামোই একমাত্র কারণ। আমলাদের অদক্ষতা আর দুর্নীতি এর প্রধান কারণ।,banglatoco,"বাংলাদেশ বিনিয়োগ আকর্ষণে কেন পিছিয়ে বাংলাদেশ না পারছে বিনিয়োগ আকর্ষণ করতে, না পারছে বাইরে বিনিয়োগ করতে—এ অভিযোগ বহুদিনের। কোনো অন্তর্বর্তী সরকারের সময় যদিও সাধারণত বিনিয়োগ আকর্ষণ প্রধান কাজ থাকে না, এরপরও এই সরকার অতীতের অনেক বিনিয়োগকারীর তিক্ত অভিজ্ঞতার পরিপ্রেক্ষিতে গ্লানিমোচনে উদ্যোগী হয়েছে। তারই একটি বহিঃপ্রকাশ বিনিয়োগ সম্মেলনের উদ্যোগ।যে দেশে দিনদুপুরে নামকরা বিদেশি প্রতিষ্ঠানে লুটপাট হতে পারে, সেই দেশ যে বিনিয়োগ আকর্ষণে অনেক পিছিয়ে পড়বে তাতে সন্দেহ নেই। অর্থনৈতিক সূচকগুলো ঠিক থাকলে, মুনাফা করা গেলে, এমনকি স্বৈরশাসনের দেশেও বিনিয়োগ হয়, কিন্তু যেখানে বিনিয়োগকারীর ওপর হামলা বা প্রতিষ্ঠানে লুটপাট হয়, সেখানে সম্মেলন করে শত সুন্দর কথা বললেও বিনিয়োগ টানাটা কঠিন। ",-1,-1,-1,-1,0,0,0,0,0,1
এই যে শুয়োরগুলো শুরু করছে আবার। মা-বাপ হোগায় ঝাল লাগায় আর এই খানকির ছেলেরা ফাল দিয়ে ওঠে।।,banglatoco,"বাংলাদেশ বিনিয়োগ আকর্ষণে কেন পিছিয়ে বাংলাদেশ না পারছে বিনিয়োগ আকর্ষণ করতে, না পারছে বাইরে বিনিয়োগ করতে—এ অভিযোগ বহুদিনের। কোনো অন্তর্বর্তী সরকারের সময় যদিও সাধারণত বিনিয়োগ আকর্ষণ প্রধান কাজ থাকে না, এরপরও এই সরকার অতীতের অনেক বিনিয়োগকারীর তিক্ত অভিজ্ঞতার পরিপ্রেক্ষিতে গ্লানিমোচনে উদ্যোগী হয়েছে। তারই একটি বহিঃপ্রকাশ বিনিয়োগ সম্মেলনের উদ্যোগ।যে দেশে দিনদুপুরে নামকরা বিদেশি প্রতিষ্ঠানে লুটপাট হতে পারে, সেই দেশ যে বিনিয়োগ আকর্ষণে অনেক পিছিয়ে পড়বে তাতে সন্দেহ নেই। অর্থনৈতিক সূচকগুলো ঠিক থাকলে, মুনাফা করা গেলে, এমনকি স্বৈরশাসনের দেশেও বিনিয়োগ হয়, কিন্তু যেখানে বিনিয়োগকারীর ওপর হামলা বা প্রতিষ্ঠানে লুটপাট হয়, সেখানে সম্মেলন করে শত সুন্দর কথা বললেও বিনিয়োগ টানাটা কঠিন। ",-1,-1,-1,-1,1,0,0,0,0,1
ড.ইউনুসের আমলে কেউ এমন করেছে এখনো?আগেরটা ছিলো হজরবল তাই কেউ আগ্রহী ছিলো না।এখনকার সরকার বিশ্ব দরবারে সম্মানি ব্যক্তি।তাই আশা করি বিনিয়োগকারীরা আগ্রহী হবেই।,banglatoco,"বাংলাদেশ বিনিয়োগ আকর্ষণে কেন পিছিয়ে বাংলাদেশ না পারছে বিনিয়োগ আকর্ষণ করতে, না পারছে বাইরে বিনিয়োগ করতে—এ অভিযোগ বহুদিনের। কোনো অন্তর্বর্তী সরকারের সময় যদিও সাধারণত বিনিয়োগ আকর্ষণ প্রধান কাজ থাকে না, এরপরও এই সরকার অতীতের অনেক বিনিয়োগকারীর তিক্ত অভিজ্ঞতার পরিপ্রেক্ষিতে গ্লানিমোচনে উদ্যোগী হয়েছে। তারই একটি বহিঃপ্রকাশ বিনিয়োগ সম্মেলনের উদ্যোগ।যে দেশে দিনদুপুরে নামকরা বিদেশি প্রতিষ্ঠানে লুটপাট হতে পারে, সেই দেশ যে বিনিয়োগ আকর্ষণে অনেক পিছিয়ে পড়বে তাতে সন্দেহ নেই। অর্থনৈতিক সূচকগুলো ঠিক থাকলে, মুনাফা করা গেলে, এমনকি স্বৈরশাসনের দেশেও বিনিয়োগ হয়, কিন্তু যেখানে বিনিয়োগকারীর ওপর হামলা বা প্রতিষ্ঠানে লুটপাট হয়, সেখানে সম্মেলন করে শত সুন্দর কথা বললেও বিনিয়োগ টানাটা কঠিন। ",-1,-1,-1,-1,0,0,0,0,0,1
ব‌্যাংকনীতি ও রাজনীতি এক নয়,banglatoco,"বাংলাদেশ বিনিয়োগ আকর্ষণে কেন পিছিয়ে বাংলাদেশ না পারছে বিনিয়োগ আকর্ষণ করতে, না পারছে বাইরে বিনিয়োগ করতে—এ অভিযোগ বহুদিনের। কোনো অন্তর্বর্তী সরকারের সময় যদিও সাধারণত বিনিয়োগ আকর্ষণ প্রধান কাজ থাকে না, এরপরও এই সরকার অতীতের অনেক বিনিয়োগকারীর তিক্ত অভিজ্ঞতার পরিপ্রেক্ষিতে গ্লানিমোচনে উদ্যোগী হয়েছে। তারই একটি বহিঃপ্রকাশ বিনিয়োগ সম্মেলনের উদ্যোগ।যে দেশে দিনদুপুরে নামকরা বিদেশি প্রতিষ্ঠানে লুটপাট হতে পারে, সেই দেশ যে বিনিয়োগ আকর্ষণে অনেক পিছিয়ে পড়বে তাতে সন্দেহ নেই। অর্থনৈতিক সূচকগুলো ঠিক থাকলে, মুনাফা করা গেলে, এমনকি স্বৈরশাসনের দেশেও বিনিয়োগ হয়, কিন্তু যেখানে বিনিয়োগকারীর ওপর হামলা বা প্রতিষ্ঠানে লুটপাট হয়, সেখানে সম্মেলন করে শত সুন্দর কথা বললেও বিনিয়োগ টানাটা কঠিন। ",-1,-1,-1,-1,0,0,0,0,0,1
প্রথম আলোকে জয় বাংলা করে দিতে হবে,banglatoco,"বাংলাদেশ বিনিয়োগ আকর্ষণে কেন পিছিয়ে বাংলাদেশ না পারছে বিনিয়োগ আকর্ষণ করতে, না পারছে বাইরে বিনিয়োগ করতে—এ অভিযোগ বহুদিনের। কোনো অন্তর্বর্তী সরকারের সময় যদিও সাধারণত বিনিয়োগ আকর্ষণ প্রধান কাজ থাকে না, এরপরও এই সরকার অতীতের অনেক বিনিয়োগকারীর তিক্ত অভিজ্ঞতার পরিপ্রেক্ষিতে গ্লানিমোচনে উদ্যোগী হয়েছে। তারই একটি বহিঃপ্রকাশ বিনিয়োগ সম্মেলনের উদ্যোগ।যে দেশে দিনদুপুরে নামকরা বিদেশি প্রতিষ্ঠানে লুটপাট হতে পারে, সেই দেশ যে বিনিয়োগ আকর্ষণে অনেক পিছিয়ে পড়বে তাতে সন্দেহ নেই। অর্থনৈতিক সূচকগুলো ঠিক থাকলে, মুনাফা করা গেলে, এমনকি স্বৈরশাসনের দেশেও বিনিয়োগ হয়, কিন্তু যেখানে বিনিয়োগকারীর ওপর হামলা বা প্রতিষ্ঠানে লুটপাট হয়, সেখানে সম্মেলন করে শত সুন্দর কথা বললেও বিনিয়োগ টানাটা কঠিন। ",-1,-1,-1,-1,1,0,0,0,0,1
কি বলে আমরাতো দেখতেছি পৃথিবীর সবাই বিনিয়োগ করার জন্য উঠেপড়ে লাগছে।,banglatoco,"বাংলাদেশ বিনিয়োগ আকর্ষণে কেন পিছিয়ে বাংলাদেশ না পারছে বিনিয়োগ আকর্ষণ করতে, না পারছে বাইরে বিনিয়োগ করতে—এ অভিযোগ বহুদিনের। কোনো অন্তর্বর্তী সরকারের সময় যদিও সাধারণত বিনিয়োগ আকর্ষণ প্রধান কাজ থাকে না, এরপরও এই সরকার অতীতের অনেক বিনিয়োগকারীর তিক্ত অভিজ্ঞতার পরিপ্রেক্ষিতে গ্লানিমোচনে উদ্যোগী হয়েছে। তারই একটি বহিঃপ্রকাশ বিনিয়োগ সম্মেলনের উদ্যোগ।যে দেশে দিনদুপুরে নামকরা বিদেশি প্রতিষ্ঠানে লুটপাট হতে পারে, সেই দেশ যে বিনিয়োগ আকর্ষণে অনেক পিছিয়ে পড়বে তাতে সন্দেহ নেই। অর্থনৈতিক সূচকগুলো ঠিক থাকলে, মুনাফা করা গেলে, এমনকি স্বৈরশাসনের দেশেও বিনিয়োগ হয়, কিন্তু যেখানে বিনিয়োগকারীর ওপর হামলা বা প্রতিষ্ঠানে লুটপাট হয়, সেখানে সম্মেলন করে শত সুন্দর কথা বললেও বিনিয়োগ টানাটা কঠিন। ",-1,-1,-1,-1,1,0,0,0,0,1
এদিক নজর জরুরী,banglatoco,"বাংলাদেশ বিনিয়োগ আকর্ষণে কেন পিছিয়ে বাংলাদেশ না পারছে বিনিয়োগ আকর্ষণ করতে, না পারছে বাইরে বিনিয়োগ করতে—এ অভিযোগ বহুদিনের। কোনো অন্তর্বর্তী সরকারের সময় যদিও সাধারণত বিনিয়োগ আকর্ষণ প্রধান কাজ থাকে না, এরপরও এই সরকার অতীতের অনেক বিনিয়োগকারীর তিক্ত অভিজ্ঞতার পরিপ্রেক্ষিতে গ্লানিমোচনে উদ্যোগী হয়েছে। তারই একটি বহিঃপ্রকাশ বিনিয়োগ সম্মেলনের উদ্যোগ।যে দেশে দিনদুপুরে নামকরা বিদেশি প্রতিষ্ঠানে লুটপাট হতে পারে, সেই দেশ যে বিনিয়োগ আকর্ষণে অনেক পিছিয়ে পড়বে তাতে সন্দেহ নেই। অর্থনৈতিক সূচকগুলো ঠিক থাকলে, মুনাফা করা গেলে, এমনকি স্বৈরশাসনের দেশেও বিনিয়োগ হয়, কিন্তু যেখানে বিনিয়োগকারীর ওপর হামলা বা প্রতিষ্ঠানে লুটপাট হয়, সেখানে সম্মেলন করে শত সুন্দর কথা বললেও বিনিয়োগ টানাটা কঠিন। ",-1,-1,-1,-1,0,0,0,0,0,1
এটা নিশ্চিত থাকো আওয়ামী লীগ আবার ফিরবে নির্বাচনও করবে এমনকি জয় লাভ ও করবে ইনশা আল্লাহ। ✊,banglatoco,"পোল্যান্ডের রাষ্ট্রদূত হলেন সাবেক আইজিপি ময়নুল পুলিশের সাবেক মহাপরিদর্শক (আইজিপি) মো. ময়নুল ইসলাম পোল্যান্ডে বাংলাদেশের রাষ্ট্রদূত নিয়োগ পেয়েছেন। ১০ এপ্রিল থেকে দুই বছরের জন্য চুক্তিভিত্তিক নিয়োগ পেয়েছেন তিনি।প্রজ্ঞাপনে বলা হয়, অন্য যে কোনো পেশা, ব্যবসা কিংবা সরকারি, আধা-সরকারি, বেসরকারি প্রতিষ্ঠান ও সংগঠনের সঙ্গে কর্ম-সম্পর্ক পরিত্যাগের শর্তে ময়নুলকে রাষ্ট্রদূত নিয়োগ দেয়া হয়েছে। নিয়োগের অন্যান্য শর্ত চুক্তিপত্র নিয়ে নির্ধারণ করা হবে।",-1,-1,-1,-1,0,0,0,0,0,1
আওয়ামী লীগ তোর মারে প**** মারে তোরে জন্ম দিছে এর জন্য আওয়ামী লীগের কথা বলস ম*** মাগির ঘরের ম*** তোর জন্ম হইছে ইন্ডিয়ার পাকিস্তানের বীর্য দিয়া,banglatoco,"পোল্যান্ডের রাষ্ট্রদূত হলেন সাবেক আইজিপি ময়নুল পুলিশের সাবেক মহাপরিদর্শক (আইজিপি) মো. ময়নুল ইসলাম পোল্যান্ডে বাংলাদেশের রাষ্ট্রদূত নিয়োগ পেয়েছেন। ১০ এপ্রিল থেকে দুই বছরের জন্য চুক্তিভিত্তিক নিয়োগ পেয়েছেন তিনি।প্রজ্ঞাপনে বলা হয়, অন্য যে কোনো পেশা, ব্যবসা কিংবা সরকারি, আধা-সরকারি, বেসরকারি প্রতিষ্ঠান ও সংগঠনের সঙ্গে কর্ম-সম্পর্ক পরিত্যাগের শর্তে ময়নুলকে রাষ্ট্রদূত নিয়োগ দেয়া হয়েছে। নিয়োগের অন্যান্য শর্ত চুক্তিপত্র নিয়ে নির্ধারণ করা হবে। এটা নিশ্চিত থাকো আওয়ামী লীগ আবার ফিরবে নির্বাচনও করবে এমনকি জয় লাভ ও করবে ইনশা আল্লাহ। ✊",-1,-1,-1,-1,1,0,0,0,0,1
মাগি তোর সোনায় হাসের ডিম দিতে হবে এতো দিন ছাত্র লিগ খেলছে আগানে বাগানে এখন বি এন পি খেলবে,banglatoco,"পোল্যান্ডের রাষ্ট্রদূত হলেন সাবেক আইজিপি ময়নুল পুলিশের সাবেক মহাপরিদর্শক (আইজিপি) মো. ময়নুল ইসলাম পোল্যান্ডে বাংলাদেশের রাষ্ট্রদূত নিয়োগ পেয়েছেন। ১০ এপ্রিল থেকে দুই বছরের জন্য চুক্তিভিত্তিক নিয়োগ পেয়েছেন তিনি।প্রজ্ঞাপনে বলা হয়, অন্য যে কোনো পেশা, ব্যবসা কিংবা সরকারি, আধা-সরকারি, বেসরকারি প্রতিষ্ঠান ও সংগঠনের সঙ্গে কর্ম-সম্পর্ক পরিত্যাগের শর্তে ময়নুলকে রাষ্ট্রদূত নিয়োগ দেয়া হয়েছে। নিয়োগের অন্যান্য শর্ত চুক্তিপত্র নিয়ে নির্ধারণ করা হবে। এটা নিশ্চিত থাকো আওয়ামী লীগ আবার ফিরবে নির্বাচনও করবে এমনকি জয় লাভ ও করবে ইনশা আল্লাহ। ✊",-1,-1,-1,-1,1,0,0,0,0,1
তাতে আপনার কি?দেশের ভালো কিছু হোক সেই চিন্তা করেন,banglatoco,"পোল্যান্ডের রাষ্ট্রদূত হলেন সাবেক আইজিপি ময়নুল পুলিশের সাবেক মহাপরিদর্শক (আইজিপি) মো. ময়নুল ইসলাম পোল্যান্ডে বাংলাদেশের রাষ্ট্রদূত নিয়োগ পেয়েছেন। ১০ এপ্রিল থেকে দুই বছরের জন্য চুক্তিভিত্তিক নিয়োগ পেয়েছেন তিনি।প্রজ্ঞাপনে বলা হয়, অন্য যে কোনো পেশা, ব্যবসা কিংবা সরকারি, আধা-সরকারি, বেসরকারি প্রতিষ্ঠান ও সংগঠনের সঙ্গে কর্ম-সম্পর্ক পরিত্যাগের শর্তে ময়নুলকে রাষ্ট্রদূত নিয়োগ দেয়া হয়েছে। নিয়োগের অন্যান্য শর্ত চুক্তিপত্র নিয়ে নির্ধারণ করা হবে। এটা নিশ্চিত থাকো আওয়ামী লীগ আবার ফিরবে নির্বাচনও করবে এমনকি জয় লাভ ও করবে ইনশা আল্লাহ। ✊",-1,-1,-1,-1,0,0,0,0,0,1
অভিনন্দন ❤️,banglatoco,"পোল্যান্ডের রাষ্ট্রদূত হলেন সাবেক আইজিপি ময়নুল পুলিশের সাবেক মহাপরিদর্শক (আইজিপি) মো. ময়নুল ইসলাম পোল্যান্ডে বাংলাদেশের রাষ্ট্রদূত নিয়োগ পেয়েছেন। ১০ এপ্রিল থেকে দুই বছরের জন্য চুক্তিভিত্তিক নিয়োগ পেয়েছেন তিনি।প্রজ্ঞাপনে বলা হয়, অন্য যে কোনো পেশা, ব্যবসা কিংবা সরকারি, আধা-সরকারি, বেসরকারি প্রতিষ্ঠান ও সংগঠনের সঙ্গে কর্ম-সম্পর্ক পরিত্যাগের শর্তে ময়নুলকে রাষ্ট্রদূত নিয়োগ দেয়া হয়েছে। নিয়োগের অন্যান্য শর্ত চুক্তিপত্র নিয়ে নির্ধারণ করা হবে।",-1,-1,-1,-1,0,0,0,0,0,1
শুভকামনা রইলো,banglatoco,"পোল্যান্ডের রাষ্ট্রদূত হলেন সাবেক আইজিপি ময়নুল পুলিশের সাবেক মহাপরিদর্শক (আইজিপি) মো. ময়নুল ইসলাম পোল্যান্ডে বাংলাদেশের রাষ্ট্রদূত নিয়োগ পেয়েছেন। ১০ এপ্রিল থেকে দুই বছরের জন্য চুক্তিভিত্তিক নিয়োগ পেয়েছেন তিনি।প্রজ্ঞাপনে বলা হয়, অন্য যে কোনো পেশা, ব্যবসা কিংবা সরকারি, আধা-সরকারি, বেসরকারি প্রতিষ্ঠান ও সংগঠনের সঙ্গে কর্ম-সম্পর্ক পরিত্যাগের শর্তে ময়নুলকে রাষ্ট্রদূত নিয়োগ দেয়া হয়েছে। নিয়োগের অন্যান্য শর্ত চুক্তিপত্র নিয়ে নির্ধারণ করা হবে।",-1,-1,-1,-1,0,0,0,0,0,1
সরকারের উচিত নিজ দায়িত্বে উনাদেরকে আমাদের দেশের হয়ে কাজ করার সুযোগ তৈরি করে দেওয়া তাহলে আমাদের দেশে টা পরিবর্তন হয়ে যাবে ইনশাআল্লাহ,banglatoco,"পোল্যান্ডের রাষ্ট্রদূত হলেন সাবেক আইজিপি ময়নুল পুলিশের সাবেক মহাপরিদর্শক (আইজিপি) মো. ময়নুল ইসলাম পোল্যান্ডে বাংলাদেশের রাষ্ট্রদূত নিয়োগ পেয়েছেন। ১০ এপ্রিল থেকে দুই বছরের জন্য চুক্তিভিত্তিক নিয়োগ পেয়েছেন তিনি।প্রজ্ঞাপনে বলা হয়, অন্য যে কোনো পেশা, ব্যবসা কিংবা সরকারি, আধা-সরকারি, বেসরকারি প্রতিষ্ঠান ও সংগঠনের সঙ্গে কর্ম-সম্পর্ক পরিত্যাগের শর্তে ময়নুলকে রাষ্ট্রদূত নিয়োগ দেয়া হয়েছে। নিয়োগের অন্যান্য শর্ত চুক্তিপত্র নিয়ে নির্ধারণ করা হবে।",-1,-1,-1,-1,0,0,0,0,0,1
অভিনন্দন আমাদের পঞ্চগড়ের গর্ব,banglatoco,"পোল্যান্ডের রাষ্ট্রদূত হলেন সাবেক আইজিপি ময়নুল পুলিশের সাবেক মহাপরিদর্শক (আইজিপি) মো. ময়নুল ইসলাম পোল্যান্ডে বাংলাদেশের রাষ্ট্রদূত নিয়োগ পেয়েছেন। ১০ এপ্রিল থেকে দুই বছরের জন্য চুক্তিভিত্তিক নিয়োগ পেয়েছেন তিনি।প্রজ্ঞাপনে বলা হয়, অন্য যে কোনো পেশা, ব্যবসা কিংবা সরকারি, আধা-সরকারি, বেসরকারি প্রতিষ্ঠান ও সংগঠনের সঙ্গে কর্ম-সম্পর্ক পরিত্যাগের শর্তে ময়নুলকে রাষ্ট্রদূত নিয়োগ দেয়া হয়েছে। নিয়োগের অন্যান্য শর্ত চুক্তিপত্র নিয়ে নির্ধারণ করা হবে।",-1,-1,-1,-1,0,0,0,0,0,1
ভালো মানুষ পছন্দের একটা স্যার আমার। অভিনন্দন স্যার আপনাকে,banglatoco,"পোল্যান্ডের রাষ্ট্রদূত হলেন সাবেক আইজিপি ময়নুল পুলিশের সাবেক মহাপরিদর্শক (আইজিপি) মো. ময়নুল ইসলাম পোল্যান্ডে বাংলাদেশের রাষ্ট্রদূত নিয়োগ পেয়েছেন। ১০ এপ্রিল থেকে দুই বছরের জন্য চুক্তিভিত্তিক নিয়োগ পেয়েছেন তিনি।প্রজ্ঞাপনে বলা হয়, অন্য যে কোনো পেশা, ব্যবসা কিংবা সরকারি, আধা-সরকারি, বেসরকারি প্রতিষ্ঠান ও সংগঠনের সঙ্গে কর্ম-সম্পর্ক পরিত্যাগের শর্তে ময়নুলকে রাষ্ট্রদূত নিয়োগ দেয়া হয়েছে। নিয়োগের অন্যান্য শর্ত চুক্তিপত্র নিয়ে নির্ধারণ করা হবে।",-1,-1,-1,-1,0,0,0,0,0,1
অভিনন্দন তবে দূর্নিতি করতে পারবেনা তাইলেই খুশি,banglatoco,"পোল্যান্ডের রাষ্ট্রদূত হলেন সাবেক আইজিপি ময়নুল পুলিশের সাবেক মহাপরিদর্শক (আইজিপি) মো. ময়নুল ইসলাম পোল্যান্ডে বাংলাদেশের রাষ্ট্রদূত নিয়োগ পেয়েছেন। ১০ এপ্রিল থেকে দুই বছরের জন্য চুক্তিভিত্তিক নিয়োগ পেয়েছেন তিনি।প্রজ্ঞাপনে বলা হয়, অন্য যে কোনো পেশা, ব্যবসা কিংবা সরকারি, আধা-সরকারি, বেসরকারি প্রতিষ্ঠান ও সংগঠনের সঙ্গে কর্ম-সম্পর্ক পরিত্যাগের শর্তে ময়নুলকে রাষ্ট্রদূত নিয়োগ দেয়া হয়েছে। নিয়োগের অন্যান্য শর্ত চুক্তিপত্র নিয়ে নির্ধারণ করা হবে।",-1,-1,-1,-1,0,0,0,0,0,1
"আলহামদুলিল্লাহ , যেখানেই থাকেন ভালো থাকবেন স্যার",banglatoco,"পোল্যান্ডের রাষ্ট্রদূত হলেন সাবেক আইজিপি ময়নুল পুলিশের সাবেক মহাপরিদর্শক (আইজিপি) মো. ময়নুল ইসলাম পোল্যান্ডে বাংলাদেশের রাষ্ট্রদূত নিয়োগ পেয়েছেন। ১০ এপ্রিল থেকে দুই বছরের জন্য চুক্তিভিত্তিক নিয়োগ পেয়েছেন তিনি।প্রজ্ঞাপনে বলা হয়, অন্য যে কোনো পেশা, ব্যবসা কিংবা সরকারি, আধা-সরকারি, বেসরকারি প্রতিষ্ঠান ও সংগঠনের সঙ্গে কর্ম-সম্পর্ক পরিত্যাগের শর্তে ময়নুলকে রাষ্ট্রদূত নিয়োগ দেয়া হয়েছে। নিয়োগের অন্যান্য শর্ত চুক্তিপত্র নিয়ে নির্ধারণ করা হবে।",-1,-1,-1,-1,0,0,0,0,0,1
ইনশাল্লাহ ভালো কিছু করবেন,banglatoco,"পোল্যান্ডের রাষ্ট্রদূত হলেন সাবেক আইজিপি ময়নুল পুলিশের সাবেক মহাপরিদর্শক (আইজিপি) মো. ময়নুল ইসলাম পোল্যান্ডে বাংলাদেশের রাষ্ট্রদূত নিয়োগ পেয়েছেন। ১০ এপ্রিল থেকে দুই বছরের জন্য চুক্তিভিত্তিক নিয়োগ পেয়েছেন তিনি।প্রজ্ঞাপনে বলা হয়, অন্য যে কোনো পেশা, ব্যবসা কিংবা সরকারি, আধা-সরকারি, বেসরকারি প্রতিষ্ঠান ও সংগঠনের সঙ্গে কর্ম-সম্পর্ক পরিত্যাগের শর্তে ময়নুলকে রাষ্ট্রদূত নিয়োগ দেয়া হয়েছে। নিয়োগের অন্যান্য শর্ত চুক্তিপত্র নিয়ে নির্ধারণ করা হবে।",-1,-1,-1,-1,0,0,0,0,0,1
দারুণ সুন্দর,banglatoco,"পোল্যান্ডের রাষ্ট্রদূত হলেন সাবেক আইজিপি ময়নুল পুলিশের সাবেক মহাপরিদর্শক (আইজিপি) মো. ময়নুল ইসলাম পোল্যান্ডে বাংলাদেশের রাষ্ট্রদূত নিয়োগ পেয়েছেন। ১০ এপ্রিল থেকে দুই বছরের জন্য চুক্তিভিত্তিক নিয়োগ পেয়েছেন তিনি।প্রজ্ঞাপনে বলা হয়, অন্য যে কোনো পেশা, ব্যবসা কিংবা সরকারি, আধা-সরকারি, বেসরকারি প্রতিষ্ঠান ও সংগঠনের সঙ্গে কর্ম-সম্পর্ক পরিত্যাগের শর্তে ময়নুলকে রাষ্ট্রদূত নিয়োগ দেয়া হয়েছে। নিয়োগের অন্যান্য শর্ত চুক্তিপত্র নিয়ে নির্ধারণ করা হবে।",-1,-1,-1,-1,0,0,0,0,0,1
আমাগো এলাকায় বাড়ি,banglatoco,"পোল্যান্ডের রাষ্ট্রদূত হলেন সাবেক আইজিপি ময়নুল পুলিশের সাবেক মহাপরিদর্শক (আইজিপি) মো. ময়নুল ইসলাম পোল্যান্ডে বাংলাদেশের রাষ্ট্রদূত নিয়োগ পেয়েছেন। ১০ এপ্রিল থেকে দুই বছরের জন্য চুক্তিভিত্তিক নিয়োগ পেয়েছেন তিনি।প্রজ্ঞাপনে বলা হয়, অন্য যে কোনো পেশা, ব্যবসা কিংবা সরকারি, আধা-সরকারি, বেসরকারি প্রতিষ্ঠান ও সংগঠনের সঙ্গে কর্ম-সম্পর্ক পরিত্যাগের শর্তে ময়নুলকে রাষ্ট্রদূত নিয়োগ দেয়া হয়েছে। নিয়োগের অন্যান্য শর্ত চুক্তিপত্র নিয়ে নির্ধারণ করা হবে।",-1,-1,-1,-1,0,0,0,0,0,1
আলহামদুলিল্লাহ ❤️ অভিনন্দন,banglatoco,"পোল্যান্ডের রাষ্ট্রদূত হলেন সাবেক আইজিপি ময়নুল পুলিশের সাবেক মহাপরিদর্শক (আইজিপি) মো. ময়নুল ইসলাম পোল্যান্ডে বাংলাদেশের রাষ্ট্রদূত নিয়োগ পেয়েছেন। ১০ এপ্রিল থেকে দুই বছরের জন্য চুক্তিভিত্তিক নিয়োগ পেয়েছেন তিনি।প্রজ্ঞাপনে বলা হয়, অন্য যে কোনো পেশা, ব্যবসা কিংবা সরকারি, আধা-সরকারি, বেসরকারি প্রতিষ্ঠান ও সংগঠনের সঙ্গে কর্ম-সম্পর্ক পরিত্যাগের শর্তে ময়নুলকে রাষ্ট্রদূত নিয়োগ দেয়া হয়েছে। নিয়োগের অন্যান্য শর্ত চুক্তিপত্র নিয়ে নির্ধারণ করা হবে।",-1,-1,-1,-1,0,0,0,0,0,1
টাকা দিয়ে হইছে,banglatoco,"পোল্যান্ডের রাষ্ট্রদূত হলেন সাবেক আইজিপি ময়নুল পুলিশের সাবেক মহাপরিদর্শক (আইজিপি) মো. ময়নুল ইসলাম পোল্যান্ডে বাংলাদেশের রাষ্ট্রদূত নিয়োগ পেয়েছেন। ১০ এপ্রিল থেকে দুই বছরের জন্য চুক্তিভিত্তিক নিয়োগ পেয়েছেন তিনি।প্রজ্ঞাপনে বলা হয়, অন্য যে কোনো পেশা, ব্যবসা কিংবা সরকারি, আধা-সরকারি, বেসরকারি প্রতিষ্ঠান ও সংগঠনের সঙ্গে কর্ম-সম্পর্ক পরিত্যাগের শর্তে ময়নুলকে রাষ্ট্রদূত নিয়োগ দেয়া হয়েছে। নিয়োগের অন্যান্য শর্ত চুক্তিপত্র নিয়ে নির্ধারণ করা হবে।",-1,-1,-1,-1,1,0,0,0,0,1
এদের দিয়ে দেশ নষ্ট করছে এখন বিদেশটাও নষ্ট করবো এসব হামখুর পাঠানোর দরকার কী ওখানে গিয়েও তো আবার দূষনীতি চালু করবো,banglatoco,"পোল্যান্ডের রাষ্ট্রদূত হলেন সাবেক আইজিপি ময়নুল পুলিশের সাবেক মহাপরিদর্শক (আইজিপি) মো. ময়নুল ইসলাম পোল্যান্ডে বাংলাদেশের রাষ্ট্রদূত নিয়োগ পেয়েছেন। ১০ এপ্রিল থেকে দুই বছরের জন্য চুক্তিভিত্তিক নিয়োগ পেয়েছেন তিনি।প্রজ্ঞাপনে বলা হয়, অন্য যে কোনো পেশা, ব্যবসা কিংবা সরকারি, আধা-সরকারি, বেসরকারি প্রতিষ্ঠান ও সংগঠনের সঙ্গে কর্ম-সম্পর্ক পরিত্যাগের শর্তে ময়নুলকে রাষ্ট্রদূত নিয়োগ দেয়া হয়েছে। নিয়োগের অন্যান্য শর্ত চুক্তিপত্র নিয়ে নির্ধারণ করা হবে।",-1,-1,-1,-1,1,0,0,0,0,1
ভালো মনের মানুষ।,banglatoco,"পোল্যান্ডের রাষ্ট্রদূত হলেন সাবেক আইজিপি ময়নুল পুলিশের সাবেক মহাপরিদর্শক (আইজিপি) মো. ময়নুল ইসলাম পোল্যান্ডে বাংলাদেশের রাষ্ট্রদূত নিয়োগ পেয়েছেন। ১০ এপ্রিল থেকে দুই বছরের জন্য চুক্তিভিত্তিক নিয়োগ পেয়েছেন তিনি।প্রজ্ঞাপনে বলা হয়, অন্য যে কোনো পেশা, ব্যবসা কিংবা সরকারি, আধা-সরকারি, বেসরকারি প্রতিষ্ঠান ও সংগঠনের সঙ্গে কর্ম-সম্পর্ক পরিত্যাগের শর্তে ময়নুলকে রাষ্ট্রদূত নিয়োগ দেয়া হয়েছে। নিয়োগের অন্যান্য শর্ত চুক্তিপত্র নিয়ে নির্ধারণ করা হবে।",-1,-1,-1,-1,0,0,0,0,0,1
তিনি খুব অল্প দিনের জন্য আইজিপি পেয়েছেন।,banglatoco,"পোল্যান্ডের রাষ্ট্রদূত হলেন সাবেক আইজিপি ময়নুল পুলিশের সাবেক মহাপরিদর্শক (আইজিপি) মো. ময়নুল ইসলাম পোল্যান্ডে বাংলাদেশের রাষ্ট্রদূত নিয়োগ পেয়েছেন। ১০ এপ্রিল থেকে দুই বছরের জন্য চুক্তিভিত্তিক নিয়োগ পেয়েছেন তিনি।প্রজ্ঞাপনে বলা হয়, অন্য যে কোনো পেশা, ব্যবসা কিংবা সরকারি, আধা-সরকারি, বেসরকারি প্রতিষ্ঠান ও সংগঠনের সঙ্গে কর্ম-সম্পর্ক পরিত্যাগের শর্তে ময়নুলকে রাষ্ট্রদূত নিয়োগ দেয়া হয়েছে। নিয়োগের অন্যান্য শর্ত চুক্তিপত্র নিয়ে নির্ধারণ করা হবে।",-1,-1,-1,-1,0,0,0,0,0,1
রাজাকার পুত্র,banglatoco,"পোল্যান্ডের রাষ্ট্রদূত হলেন সাবেক আইজিপি ময়নুল পুলিশের সাবেক মহাপরিদর্শক (আইজিপি) মো. ময়নুল ইসলাম পোল্যান্ডে বাংলাদেশের রাষ্ট্রদূত নিয়োগ পেয়েছেন। ১০ এপ্রিল থেকে দুই বছরের জন্য চুক্তিভিত্তিক নিয়োগ পেয়েছেন তিনি।প্রজ্ঞাপনে বলা হয়, অন্য যে কোনো পেশা, ব্যবসা কিংবা সরকারি, আধা-সরকারি, বেসরকারি প্রতিষ্ঠান ও সংগঠনের সঙ্গে কর্ম-সম্পর্ক পরিত্যাগের শর্তে ময়নুলকে রাষ্ট্রদূত নিয়োগ দেয়া হয়েছে। নিয়োগের অন্যান্য শর্ত চুক্তিপত্র নিয়ে নির্ধারণ করা হবে।",-1,-1,-1,-1,1,0,0,0,0,1
কড়া লবিং 👏👏,banglatoco,"পোল্যান্ডের রাষ্ট্রদূত হলেন সাবেক আইজিপি ময়নুল পুলিশের সাবেক মহাপরিদর্শক (আইজিপি) মো. ময়নুল ইসলাম পোল্যান্ডে বাংলাদেশের রাষ্ট্রদূত নিয়োগ পেয়েছেন। ১০ এপ্রিল থেকে দুই বছরের জন্য চুক্তিভিত্তিক নিয়োগ পেয়েছেন তিনি।প্রজ্ঞাপনে বলা হয়, অন্য যে কোনো পেশা, ব্যবসা কিংবা সরকারি, আধা-সরকারি, বেসরকারি প্রতিষ্ঠান ও সংগঠনের সঙ্গে কর্ম-সম্পর্ক পরিত্যাগের শর্তে ময়নুলকে রাষ্ট্রদূত নিয়োগ দেয়া হয়েছে। নিয়োগের অন্যান্য শর্ত চুক্তিপত্র নিয়ে নির্ধারণ করা হবে।",-1,-1,-1,-1,1,0,0,0,0,1
পোল্যান্ড মুসলিমদের সাইজ করে রেখেছে,banglatoco,"পোল্যান্ডের রাষ্ট্রদূত হলেন সাবেক আইজিপি ময়নুল পুলিশের সাবেক মহাপরিদর্শক (আইজিপি) মো. ময়নুল ইসলাম পোল্যান্ডে বাংলাদেশের রাষ্ট্রদূত নিয়োগ পেয়েছেন। ১০ এপ্রিল থেকে দুই বছরের জন্য চুক্তিভিত্তিক নিয়োগ পেয়েছেন তিনি।প্রজ্ঞাপনে বলা হয়, অন্য যে কোনো পেশা, ব্যবসা কিংবা সরকারি, আধা-সরকারি, বেসরকারি প্রতিষ্ঠান ও সংগঠনের সঙ্গে কর্ম-সম্পর্ক পরিত্যাগের শর্তে ময়নুলকে রাষ্ট্রদূত নিয়োগ দেয়া হয়েছে। নিয়োগের অন্যান্য শর্ত চুক্তিপত্র নিয়ে নির্ধারণ করা হবে।",-1,-1,-1,-1,1,0,0,0,0,1
কোনো সামরিক বাহিনীর লোক কে রাষ্ট্রদূত বানানো ঠিক না,banglatoco,"পোল্যান্ডের রাষ্ট্রদূত হলেন সাবেক আইজিপি ময়নুল পুলিশের সাবেক মহাপরিদর্শক (আইজিপি) মো. ময়নুল ইসলাম পোল্যান্ডে বাংলাদেশের রাষ্ট্রদূত নিয়োগ পেয়েছেন। ১০ এপ্রিল থেকে দুই বছরের জন্য চুক্তিভিত্তিক নিয়োগ পেয়েছেন তিনি।প্রজ্ঞাপনে বলা হয়, অন্য যে কোনো পেশা, ব্যবসা কিংবা সরকারি, আধা-সরকারি, বেসরকারি প্রতিষ্ঠান ও সংগঠনের সঙ্গে কর্ম-সম্পর্ক পরিত্যাগের শর্তে ময়নুলকে রাষ্ট্রদূত নিয়োগ দেয়া হয়েছে। নিয়োগের অন্যান্য শর্ত চুক্তিপত্র নিয়ে নির্ধারণ করা হবে।",-1,-1,-1,-1,0,0,0,0,0,1
সোহাগ একজন ভালো শিল্পী । তার সাদামাটা সহজ সরল জীবন যাপন আমার খুব ভালো লাগে। সোহাগের জন্য অনেক শুভকামনা রইল ।ওর ইউটিউব চ্যানেল টি সাবস্ক্রাইব করে সবাই ওকে সহযোগিতা করবেন।,banglatoco,"‘ও কন্যা’ গায়ক সোহাগ এখন লড়ছেন গানের মালিকানা নিয়ে ক্যারিয়ারের দুই যুগ পার করেছেন সংগীতশিল্পী শরিফুজ্জামান সোহাগ। এ সময়ে একক, মিক্সডসহ এই গায়কের অ্যালবামের সংখ্যা ৫৮, গানের সংখ্যা ১ হাজার ৬০০–এর বেশি। ঝুলিতে আছে ‘ও কন্যা’, ‘কাইন্দো না’, ‘কন্যা মন দিলা না’, ‘পরান বন্ধুয়া’ ও ‘লাল শাড়ি’র মতো সুপার হিট গান। ক্যারিয়ারে খ্যাতির চূড়ায় পৌঁছালেও সোহাগের আছে আক্ষেপ। এখন পর্যন্ত কোনো গানের মেধাস্বত্ব থেকে কানাকড়িও পাননি বলে অভিযোগ এই গায়কের। সোহাগের ক্যারিয়ারের আদ্যোপান্ত ও অজানা কথা শুনেছেন নাজমুল হক।",-1,-1,-1,-1,0,0,0,0,0,1
অসংখ্য ধন্যবাদ প্রথম আলোকে আমার পাশে থাকার জন্য।,banglatoco,"‘ও কন্যা’ গায়ক সোহাগ এখন লড়ছেন গানের মালিকানা নিয়ে ক্যারিয়ারের দুই যুগ পার করেছেন সংগীতশিল্পী শরিফুজ্জামান সোহাগ। এ সময়ে একক, মিক্সডসহ এই গায়কের অ্যালবামের সংখ্যা ৫৮, গানের সংখ্যা ১ হাজার ৬০০–এর বেশি। ঝুলিতে আছে ‘ও কন্যা’, ‘কাইন্দো না’, ‘কন্যা মন দিলা না’, ‘পরান বন্ধুয়া’ ও ‘লাল শাড়ি’র মতো সুপার হিট গান। ক্যারিয়ারে খ্যাতির চূড়ায় পৌঁছালেও সোহাগের আছে আক্ষেপ। এখন পর্যন্ত কোনো গানের মেধাস্বত্ব থেকে কানাকড়িও পাননি বলে অভিযোগ এই গায়কের। সোহাগের ক্যারিয়ারের আদ্যোপান্ত ও অজানা কথা শুনেছেন নাজমুল হক। আমরাও আছি আপনার পাশে",-1,-1,-1,-1,0,0,0,0,0,1
এক সময় তার গানের কথা গুলো ছিলো আমার মনের ভাষা তাই তখন তার গান আমার ভালো লাগতো।,banglatoco,"‘ও কন্যা’ গায়ক সোহাগ এখন লড়ছেন গানের মালিকানা নিয়ে ক্যারিয়ারের দুই যুগ পার করেছেন সংগীতশিল্পী শরিফুজ্জামান সোহাগ। এ সময়ে একক, মিক্সডসহ এই গায়কের অ্যালবামের সংখ্যা ৫৮, গানের সংখ্যা ১ হাজার ৬০০–এর বেশি। ঝুলিতে আছে ‘ও কন্যা’, ‘কাইন্দো না’, ‘কন্যা মন দিলা না’, ‘পরান বন্ধুয়া’ ও ‘লাল শাড়ি’র মতো সুপার হিট গান। ক্যারিয়ারে খ্যাতির চূড়ায় পৌঁছালেও সোহাগের আছে আক্ষেপ। এখন পর্যন্ত কোনো গানের মেধাস্বত্ব থেকে কানাকড়িও পাননি বলে অভিযোগ এই গায়কের। সোহাগের ক্যারিয়ারের আদ্যোপান্ত ও অজানা কথা শুনেছেন নাজমুল হক।",-1,-1,-1,-1,0,0,0,0,0,1
এই গান গুলোর আসল গায়ক আসলে কে?,banglatoco,"‘ও কন্যা’ গায়ক সোহাগ এখন লড়ছেন গানের মালিকানা নিয়ে ক্যারিয়ারের দুই যুগ পার করেছেন সংগীতশিল্পী শরিফুজ্জামান সোহাগ। এ সময়ে একক, মিক্সডসহ এই গায়কের অ্যালবামের সংখ্যা ৫৮, গানের সংখ্যা ১ হাজার ৬০০–এর বেশি। ঝুলিতে আছে ‘ও কন্যা’, ‘কাইন্দো না’, ‘কন্যা মন দিলা না’, ‘পরান বন্ধুয়া’ ও ‘লাল শাড়ি’র মতো সুপার হিট গান। ক্যারিয়ারে খ্যাতির চূড়ায় পৌঁছালেও সোহাগের আছে আক্ষেপ। এখন পর্যন্ত কোনো গানের মেধাস্বত্ব থেকে কানাকড়িও পাননি বলে অভিযোগ এই গায়কের। সোহাগের ক্যারিয়ারের আদ্যোপান্ত ও অজানা কথা শুনেছেন নাজমুল হক। সোহাগ ভাই 💝",-1,-1,-1,-1,0,0,0,0,0,1
"২০০৪/৫ থেকে ২০১২ পর্যন্ত একটানা তার গান শুনেছি।এখনো শুনি বন্ধু আমার চিঠি দিও,মনের কথা জানাইও❤️❤️❤️",banglatoco,"‘ও কন্যা’ গায়ক সোহাগ এখন লড়ছেন গানের মালিকানা নিয়ে ক্যারিয়ারের দুই যুগ পার করেছেন সংগীতশিল্পী শরিফুজ্জামান সোহাগ। এ সময়ে একক, মিক্সডসহ এই গায়কের অ্যালবামের সংখ্যা ৫৮, গানের সংখ্যা ১ হাজার ৬০০–এর বেশি। ঝুলিতে আছে ‘ও কন্যা’, ‘কাইন্দো না’, ‘কন্যা মন দিলা না’, ‘পরান বন্ধুয়া’ ও ‘লাল শাড়ি’র মতো সুপার হিট গান। ক্যারিয়ারে খ্যাতির চূড়ায় পৌঁছালেও সোহাগের আছে আক্ষেপ। এখন পর্যন্ত কোনো গানের মেধাস্বত্ব থেকে কানাকড়িও পাননি বলে অভিযোগ এই গায়কের। সোহাগের ক্যারিয়ারের আদ্যোপান্ত ও অজানা কথা শুনেছেন নাজমুল হক।",-1,-1,-1,-1,0,0,0,0,0,1
ধন্যবাদ প্রথম আলোকে সোহাগ ভাইয়ের পাশে থাকার জন্য,banglatoco,"‘ও কন্যা’ গায়ক সোহাগ এখন লড়ছেন গানের মালিকানা নিয়ে ক্যারিয়ারের দুই যুগ পার করেছেন সংগীতশিল্পী শরিফুজ্জামান সোহাগ। এ সময়ে একক, মিক্সডসহ এই গায়কের অ্যালবামের সংখ্যা ৫৮, গানের সংখ্যা ১ হাজার ৬০০–এর বেশি। ঝুলিতে আছে ‘ও কন্যা’, ‘কাইন্দো না’, ‘কন্যা মন দিলা না’, ‘পরান বন্ধুয়া’ ও ‘লাল শাড়ি’র মতো সুপার হিট গান। ক্যারিয়ারে খ্যাতির চূড়ায় পৌঁছালেও সোহাগের আছে আক্ষেপ। এখন পর্যন্ত কোনো গানের মেধাস্বত্ব থেকে কানাকড়িও পাননি বলে অভিযোগ এই গায়কের। সোহাগের ক্যারিয়ারের আদ্যোপান্ত ও অজানা কথা শুনেছেন নাজমুল হক।",-1,-1,-1,-1,0,0,0,0,0,1
"প্রিয় শিল্পী সোহাগ ❤️তিনি সাতক্ষীরা তথা গোটা বাংলাদেশের গর্ব,খুব ছোটবেলা থেকেই তিনার গান শুনে আসছি,,, খুব ভালো একজন সিঙ্গার ❤️❤️",banglatoco,"‘ও কন্যা’ গায়ক সোহাগ এখন লড়ছেন গানের মালিকানা নিয়ে ক্যারিয়ারের দুই যুগ পার করেছেন সংগীতশিল্পী শরিফুজ্জামান সোহাগ। এ সময়ে একক, মিক্সডসহ এই গায়কের অ্যালবামের সংখ্যা ৫৮, গানের সংখ্যা ১ হাজার ৬০০–এর বেশি। ঝুলিতে আছে ‘ও কন্যা’, ‘কাইন্দো না’, ‘কন্যা মন দিলা না’, ‘পরান বন্ধুয়া’ ও ‘লাল শাড়ি’র মতো সুপার হিট গান। ক্যারিয়ারে খ্যাতির চূড়ায় পৌঁছালেও সোহাগের আছে আক্ষেপ। এখন পর্যন্ত কোনো গানের মেধাস্বত্ব থেকে কানাকড়িও পাননি বলে অভিযোগ এই গায়কের। সোহাগের ক্যারিয়ারের আদ্যোপান্ত ও অজানা কথা শুনেছেন নাজমুল হক।",-1,-1,-1,-1,0,0,0,0,0,1
সে এ গানের একমাত্র মালিক সে ছাড়া এ গান অন্যকেউ গাইলে জনপ্রিয়তা পেত না।,banglatoco,"‘ও কন্যা’ গায়ক সোহাগ এখন লড়ছেন গানের মালিকানা নিয়ে ক্যারিয়ারের দুই যুগ পার করেছেন সংগীতশিল্পী শরিফুজ্জামান সোহাগ। এ সময়ে একক, মিক্সডসহ এই গায়কের অ্যালবামের সংখ্যা ৫৮, গানের সংখ্যা ১ হাজার ৬০০–এর বেশি। ঝুলিতে আছে ‘ও কন্যা’, ‘কাইন্দো না’, ‘কন্যা মন দিলা না’, ‘পরান বন্ধুয়া’ ও ‘লাল শাড়ি’র মতো সুপার হিট গান। ক্যারিয়ারে খ্যাতির চূড়ায় পৌঁছালেও সোহাগের আছে আক্ষেপ। এখন পর্যন্ত কোনো গানের মেধাস্বত্ব থেকে কানাকড়িও পাননি বলে অভিযোগ এই গায়কের। সোহাগের ক্যারিয়ারের আদ্যোপান্ত ও অজানা কথা শুনেছেন নাজমুল হক।",-1,-1,-1,-1,0,0,0,0,0,1
"""তুমি কান্দিয়া ডাকিবা তবু না পাইবা কান্দিয়া ডাকিবা আমারে""এক কথায় মনোহর 🥰",banglatoco,"‘ও কন্যা’ গায়ক সোহাগ এখন লড়ছেন গানের মালিকানা নিয়ে ক্যারিয়ারের দুই যুগ পার করেছেন সংগীতশিল্পী শরিফুজ্জামান সোহাগ। এ সময়ে একক, মিক্সডসহ এই গায়কের অ্যালবামের সংখ্যা ৫৮, গানের সংখ্যা ১ হাজার ৬০০–এর বেশি। ঝুলিতে আছে ‘ও কন্যা’, ‘কাইন্দো না’, ‘কন্যা মন দিলা না’, ‘পরান বন্ধুয়া’ ও ‘লাল শাড়ি’র মতো সুপার হিট গান। ক্যারিয়ারে খ্যাতির চূড়ায় পৌঁছালেও সোহাগের আছে আক্ষেপ। এখন পর্যন্ত কোনো গানের মেধাস্বত্ব থেকে কানাকড়িও পাননি বলে অভিযোগ এই গায়কের। সোহাগের ক্যারিয়ারের আদ্যোপান্ত ও অজানা কথা শুনেছেন নাজমুল হক।",-1,-1,-1,-1,0,0,0,0,0,1
৯০ দশকের শিল্পী মানেই ব্যাতিক্রম। ব্যান্ড সঙ্গীতকে মানুষের মধ্যে নিয়ে গিয়েছিলো তারা। সোহাগের ''কন্যা দিলা না মন তো দিলা না'' এইসব গান স্পিকারে বাজাতাম ঈদের সময়ে। স্মৃতিময়,banglatoco,"‘ও কন্যা’ গায়ক সোহাগ এখন লড়ছেন গানের মালিকানা নিয়ে ক্যারিয়ারের দুই যুগ পার করেছেন সংগীতশিল্পী শরিফুজ্জামান সোহাগ। এ সময়ে একক, মিক্সডসহ এই গায়কের অ্যালবামের সংখ্যা ৫৮, গানের সংখ্যা ১ হাজার ৬০০–এর বেশি। ঝুলিতে আছে ‘ও কন্যা’, ‘কাইন্দো না’, ‘কন্যা মন দিলা না’, ‘পরান বন্ধুয়া’ ও ‘লাল শাড়ি’র মতো সুপার হিট গান। ক্যারিয়ারে খ্যাতির চূড়ায় পৌঁছালেও সোহাগের আছে আক্ষেপ। এখন পর্যন্ত কোনো গানের মেধাস্বত্ব থেকে কানাকড়িও পাননি বলে অভিযোগ এই গায়কের। সোহাগের ক্যারিয়ারের আদ্যোপান্ত ও অজানা কথা শুনেছেন নাজমুল হক।",-1,-1,-1,-1,0,0,0,0,0,1
অসংখ্য ধন্যবাদ প্রথম আলোকে আপনার পাশে থাকার জন্য ভালোবাসা অবিরাম,banglatoco,"‘ও কন্যা’ গায়ক সোহাগ এখন লড়ছেন গানের মালিকানা নিয়ে ক্যারিয়ারের দুই যুগ পার করেছেন সংগীতশিল্পী শরিফুজ্জামান সোহাগ। এ সময়ে একক, মিক্সডসহ এই গায়কের অ্যালবামের সংখ্যা ৫৮, গানের সংখ্যা ১ হাজার ৬০০–এর বেশি। ঝুলিতে আছে ‘ও কন্যা’, ‘কাইন্দো না’, ‘কন্যা মন দিলা না’, ‘পরান বন্ধুয়া’ ও ‘লাল শাড়ি’র মতো সুপার হিট গান। ক্যারিয়ারে খ্যাতির চূড়ায় পৌঁছালেও সোহাগের আছে আক্ষেপ। এখন পর্যন্ত কোনো গানের মেধাস্বত্ব থেকে কানাকড়িও পাননি বলে অভিযোগ এই গায়কের। সোহাগের ক্যারিয়ারের আদ্যোপান্ত ও অজানা কথা শুনেছেন নাজমুল হক।",-1,-1,-1,-1,0,0,0,0,0,1
গান গুলা সুন্দর,banglatoco,"‘ও কন্যা’ গায়ক সোহাগ এখন লড়ছেন গানের মালিকানা নিয়ে ক্যারিয়ারের দুই যুগ পার করেছেন সংগীতশিল্পী শরিফুজ্জামান সোহাগ। এ সময়ে একক, মিক্সডসহ এই গায়কের অ্যালবামের সংখ্যা ৫৮, গানের সংখ্যা ১ হাজার ৬০০–এর বেশি। ঝুলিতে আছে ‘ও কন্যা’, ‘কাইন্দো না’, ‘কন্যা মন দিলা না’, ‘পরান বন্ধুয়া’ ও ‘লাল শাড়ি’র মতো সুপার হিট গান। ক্যারিয়ারে খ্যাতির চূড়ায় পৌঁছালেও সোহাগের আছে আক্ষেপ। এখন পর্যন্ত কোনো গানের মেধাস্বত্ব থেকে কানাকড়িও পাননি বলে অভিযোগ এই গায়কের। সোহাগের ক্যারিয়ারের আদ্যোপান্ত ও অজানা কথা শুনেছেন নাজমুল হক।",-1,-1,-1,-1,0,0,0,0,0,1
তার জন্য শুভ কামনা । এবং তার ফিরে আসা দরকার,banglatoco,"‘ও কন্যা’ গায়ক সোহাগ এখন লড়ছেন গানের মালিকানা নিয়ে ক্যারিয়ারের দুই যুগ পার করেছেন সংগীতশিল্পী শরিফুজ্জামান সোহাগ। এ সময়ে একক, মিক্সডসহ এই গায়কের অ্যালবামের সংখ্যা ৫৮, গানের সংখ্যা ১ হাজার ৬০০–এর বেশি। ঝুলিতে আছে ‘ও কন্যা’, ‘কাইন্দো না’, ‘কন্যা মন দিলা না’, ‘পরান বন্ধুয়া’ ও ‘লাল শাড়ি’র মতো সুপার হিট গান। ক্যারিয়ারে খ্যাতির চূড়ায় পৌঁছালেও সোহাগের আছে আক্ষেপ। এখন পর্যন্ত কোনো গানের মেধাস্বত্ব থেকে কানাকড়িও পাননি বলে অভিযোগ এই গায়কের। সোহাগের ক্যারিয়ারের আদ্যোপান্ত ও অজানা কথা শুনেছেন নাজমুল হক।",-1,-1,-1,-1,0,0,0,0,0,1
সোহাগ ভাই ই এই গানগুলোর প্রকৃত শিল্পী।,banglatoco,"‘ও কন্যা’ গায়ক সোহাগ এখন লড়ছেন গানের মালিকানা নিয়ে ক্যারিয়ারের দুই যুগ পার করেছেন সংগীতশিল্পী শরিফুজ্জামান সোহাগ। এ সময়ে একক, মিক্সডসহ এই গায়কের অ্যালবামের সংখ্যা ৫৮, গানের সংখ্যা ১ হাজার ৬০০–এর বেশি। ঝুলিতে আছে ‘ও কন্যা’, ‘কাইন্দো না’, ‘কন্যা মন দিলা না’, ‘পরান বন্ধুয়া’ ও ‘লাল শাড়ি’র মতো সুপার হিট গান। ক্যারিয়ারে খ্যাতির চূড়ায় পৌঁছালেও সোহাগের আছে আক্ষেপ। এখন পর্যন্ত কোনো গানের মেধাস্বত্ব থেকে কানাকড়িও পাননি বলে অভিযোগ এই গায়কের। সোহাগের ক্যারিয়ারের আদ্যোপান্ত ও অজানা কথা শুনেছেন নাজমুল হক।",-1,-1,-1,-1,0,0,0,0,0,1
শুভকামনা রইলো ভাইয়া,banglatoco,"‘ও কন্যা’ গায়ক সোহাগ এখন লড়ছেন গানের মালিকানা নিয়ে ক্যারিয়ারের দুই যুগ পার করেছেন সংগীতশিল্পী শরিফুজ্জামান সোহাগ। এ সময়ে একক, মিক্সডসহ এই গায়কের অ্যালবামের সংখ্যা ৫৮, গানের সংখ্যা ১ হাজার ৬০০–এর বেশি। ঝুলিতে আছে ‘ও কন্যা’, ‘কাইন্দো না’, ‘কন্যা মন দিলা না’, ‘পরান বন্ধুয়া’ ও ‘লাল শাড়ি’র মতো সুপার হিট গান। ক্যারিয়ারে খ্যাতির চূড়ায় পৌঁছালেও সোহাগের আছে আক্ষেপ। এখন পর্যন্ত কোনো গানের মেধাস্বত্ব থেকে কানাকড়িও পাননি বলে অভিযোগ এই গায়কের। সোহাগের ক্যারিয়ারের আদ্যোপান্ত ও অজানা কথা শুনেছেন নাজমুল হক।",-1,-1,-1,-1,0,0,0,0,0,1
ওনার গান ছোট বেলায় অনেক শুনেছি।,banglatoco,"‘ও কন্যা’ গায়ক সোহাগ এখন লড়ছেন গানের মালিকানা নিয়ে ক্যারিয়ারের দুই যুগ পার করেছেন সংগীতশিল্পী শরিফুজ্জামান সোহাগ। এ সময়ে একক, মিক্সডসহ এই গায়কের অ্যালবামের সংখ্যা ৫৮, গানের সংখ্যা ১ হাজার ৬০০–এর বেশি। ঝুলিতে আছে ‘ও কন্যা’, ‘কাইন্দো না’, ‘কন্যা মন দিলা না’, ‘পরান বন্ধুয়া’ ও ‘লাল শাড়ি’র মতো সুপার হিট গান। ক্যারিয়ারে খ্যাতির চূড়ায় পৌঁছালেও সোহাগের আছে আক্ষেপ। এখন পর্যন্ত কোনো গানের মেধাস্বত্ব থেকে কানাকড়িও পাননি বলে অভিযোগ এই গায়কের। সোহাগের ক্যারিয়ারের আদ্যোপান্ত ও অজানা কথা শুনেছেন নাজমুল হক।",-1,-1,-1,-1,0,0,0,0,0,1
"শুভ কামনা রইলো, এটা তার ন্যায্য অধিকার",banglatoco,"‘ও কন্যা’ গায়ক সোহাগ এখন লড়ছেন গানের মালিকানা নিয়ে ক্যারিয়ারের দুই যুগ পার করেছেন সংগীতশিল্পী শরিফুজ্জামান সোহাগ। এ সময়ে একক, মিক্সডসহ এই গায়কের অ্যালবামের সংখ্যা ৫৮, গানের সংখ্যা ১ হাজার ৬০০–এর বেশি। ঝুলিতে আছে ‘ও কন্যা’, ‘কাইন্দো না’, ‘কন্যা মন দিলা না’, ‘পরান বন্ধুয়া’ ও ‘লাল শাড়ি’র মতো সুপার হিট গান। ক্যারিয়ারে খ্যাতির চূড়ায় পৌঁছালেও সোহাগের আছে আক্ষেপ। এখন পর্যন্ত কোনো গানের মেধাস্বত্ব থেকে কানাকড়িও পাননি বলে অভিযোগ এই গায়কের। সোহাগের ক্যারিয়ারের আদ্যোপান্ত ও অজানা কথা শুনেছেন নাজমুল হক।",-1,-1,-1,-1,0,0,0,0,0,1
তুমি চাঁদ ছুয়ে তুমি নদী হয়ে তুমি ঝড় হয়ে এসো এই হৃদয় জানি কতদিন দেখিনি যে তোমায় জানি কতদিন কাছে পাইনি তোমায় এ হৃদয় কাঁদে কাতরে,banglatoco,"‘ও কন্যা’ গায়ক সোহাগ এখন লড়ছেন গানের মালিকানা নিয়ে ক্যারিয়ারের দুই যুগ পার করেছেন সংগীতশিল্পী শরিফুজ্জামান সোহাগ। এ সময়ে একক, মিক্সডসহ এই গায়কের অ্যালবামের সংখ্যা ৫৮, গানের সংখ্যা ১ হাজার ৬০০–এর বেশি। ঝুলিতে আছে ‘ও কন্যা’, ‘কাইন্দো না’, ‘কন্যা মন দিলা না’, ‘পরান বন্ধুয়া’ ও ‘লাল শাড়ি’র মতো সুপার হিট গান। ক্যারিয়ারে খ্যাতির চূড়ায় পৌঁছালেও সোহাগের আছে আক্ষেপ। এখন পর্যন্ত কোনো গানের মেধাস্বত্ব থেকে কানাকড়িও পাননি বলে অভিযোগ এই গায়কের। সোহাগের ক্যারিয়ারের আদ্যোপান্ত ও অজানা কথা শুনেছেন নাজমুল হক।",-1,-1,-1,-1,0,0,0,0,0,1
৯০ শতকের ছেলেরাই জানে সোহাগ কতটা জনপ্রিয় ছিলো,banglatoco,"‘ও কন্যা’ গায়ক সোহাগ এখন লড়ছেন গানের মালিকানা নিয়ে ক্যারিয়ারের দুই যুগ পার করেছেন সংগীতশিল্পী শরিফুজ্জামান সোহাগ। এ সময়ে একক, মিক্সডসহ এই গায়কের অ্যালবামের সংখ্যা ৫৮, গানের সংখ্যা ১ হাজার ৬০০–এর বেশি। ঝুলিতে আছে ‘ও কন্যা’, ‘কাইন্দো না’, ‘কন্যা মন দিলা না’, ‘পরান বন্ধুয়া’ ও ‘লাল শাড়ি’র মতো সুপার হিট গান। ক্যারিয়ারে খ্যাতির চূড়ায় পৌঁছালেও সোহাগের আছে আক্ষেপ। এখন পর্যন্ত কোনো গানের মেধাস্বত্ব থেকে কানাকড়িও পাননি বলে অভিযোগ এই গায়কের। সোহাগের ক্যারিয়ারের আদ্যোপান্ত ও অজানা কথা শুনেছেন নাজমুল হক।",-1,-1,-1,-1,0,0,0,0,0,1
90 জেনারেশন এর আবেগ ও কন্যা🙂,banglatoco,"‘ও কন্যা’ গায়ক সোহাগ এখন লড়ছেন গানের মালিকানা নিয়ে ক্যারিয়ারের দুই যুগ পার করেছেন সংগীতশিল্পী শরিফুজ্জামান সোহাগ। এ সময়ে একক, মিক্সডসহ এই গায়কের অ্যালবামের সংখ্যা ৫৮, গানের সংখ্যা ১ হাজার ৬০০–এর বেশি। ঝুলিতে আছে ‘ও কন্যা’, ‘কাইন্দো না’, ‘কন্যা মন দিলা না’, ‘পরান বন্ধুয়া’ ও ‘লাল শাড়ি’র মতো সুপার হিট গান। ক্যারিয়ারে খ্যাতির চূড়ায় পৌঁছালেও সোহাগের আছে আক্ষেপ। এখন পর্যন্ত কোনো গানের মেধাস্বত্ব থেকে কানাকড়িও পাননি বলে অভিযোগ এই গায়কের। সোহাগের ক্যারিয়ারের আদ্যোপান্ত ও অজানা কথা শুনেছেন নাজমুল হক।",-1,-1,-1,-1,0,0,0,0,0,1
প্রিয় শিল্পী ❤️,banglatoco,"‘ও কন্যা’ গায়ক সোহাগ এখন লড়ছেন গানের মালিকানা নিয়ে ক্যারিয়ারের দুই যুগ পার করেছেন সংগীতশিল্পী শরিফুজ্জামান সোহাগ। এ সময়ে একক, মিক্সডসহ এই গায়কের অ্যালবামের সংখ্যা ৫৮, গানের সংখ্যা ১ হাজার ৬০০–এর বেশি। ঝুলিতে আছে ‘ও কন্যা’, ‘কাইন্দো না’, ‘কন্যা মন দিলা না’, ‘পরান বন্ধুয়া’ ও ‘লাল শাড়ি’র মতো সুপার হিট গান। ক্যারিয়ারে খ্যাতির চূড়ায় পৌঁছালেও সোহাগের আছে আক্ষেপ। এখন পর্যন্ত কোনো গানের মেধাস্বত্ব থেকে কানাকড়িও পাননি বলে অভিযোগ এই গায়কের। সোহাগের ক্যারিয়ারের আদ্যোপান্ত ও অজানা কথা শুনেছেন নাজমুল হক।",-1,-1,-1,-1,0,0,0,0,0,1
এটা ওনার পাপ্য।,banglatoco,"‘ও কন্যা’ গায়ক সোহাগ এখন লড়ছেন গানের মালিকানা নিয়ে ক্যারিয়ারের দুই যুগ পার করেছেন সংগীতশিল্পী শরিফুজ্জামান সোহাগ। এ সময়ে একক, মিক্সডসহ এই গায়কের অ্যালবামের সংখ্যা ৫৮, গানের সংখ্যা ১ হাজার ৬০০–এর বেশি। ঝুলিতে আছে ‘ও কন্যা’, ‘কাইন্দো না’, ‘কন্যা মন দিলা না’, ‘পরান বন্ধুয়া’ ও ‘লাল শাড়ি’র মতো সুপার হিট গান। ক্যারিয়ারে খ্যাতির চূড়ায় পৌঁছালেও সোহাগের আছে আক্ষেপ। এখন পর্যন্ত কোনো গানের মেধাস্বত্ব থেকে কানাকড়িও পাননি বলে অভিযোগ এই গায়কের। সোহাগের ক্যারিয়ারের আদ্যোপান্ত ও অজানা কথা শুনেছেন নাজমুল হক।",-1,-1,-1,-1,0,0,0,0,0,1
"এই গান দুটি আমার খুব পছন্দ , এক সময় খুব শুনতাম ভালো লাগে ।আজ এই পোস্টটি দেখে হতভম্ব হলাম 🙃",banglatoco,"‘ও কন্যা’ গায়ক সোহাগ এখন লড়ছেন গানের মালিকানা নিয়ে ক্যারিয়ারের দুই যুগ পার করেছেন সংগীতশিল্পী শরিফুজ্জামান সোহাগ। এ সময়ে একক, মিক্সডসহ এই গায়কের অ্যালবামের সংখ্যা ৫৮, গানের সংখ্যা ১ হাজার ৬০০–এর বেশি। ঝুলিতে আছে ‘ও কন্যা’, ‘কাইন্দো না’, ‘কন্যা মন দিলা না’, ‘পরান বন্ধুয়া’ ও ‘লাল শাড়ি’র মতো সুপার হিট গান। ক্যারিয়ারে খ্যাতির চূড়ায় পৌঁছালেও সোহাগের আছে আক্ষেপ। এখন পর্যন্ত কোনো গানের মেধাস্বত্ব থেকে কানাকড়িও পাননি বলে অভিযোগ এই গায়কের। সোহাগের ক্যারিয়ারের আদ্যোপান্ত ও অজানা কথা শুনেছেন নাজমুল হক।",-1,-1,-1,-1,0,0,0,0,0,1
সঠিক বিচারের অপেক্ষায় 🙂,banglatoco,"‘ও কন্যা’ গায়ক সোহাগ এখন লড়ছেন গানের মালিকানা নিয়ে ক্যারিয়ারের দুই যুগ পার করেছেন সংগীতশিল্পী শরিফুজ্জামান সোহাগ। এ সময়ে একক, মিক্সডসহ এই গায়কের অ্যালবামের সংখ্যা ৫৮, গানের সংখ্যা ১ হাজার ৬০০–এর বেশি। ঝুলিতে আছে ‘ও কন্যা’, ‘কাইন্দো না’, ‘কন্যা মন দিলা না’, ‘পরান বন্ধুয়া’ ও ‘লাল শাড়ি’র মতো সুপার হিট গান। ক্যারিয়ারে খ্যাতির চূড়ায় পৌঁছালেও সোহাগের আছে আক্ষেপ। এখন পর্যন্ত কোনো গানের মেধাস্বত্ব থেকে কানাকড়িও পাননি বলে অভিযোগ এই গায়কের। সোহাগের ক্যারিয়ারের আদ্যোপান্ত ও অজানা কথা শুনেছেন নাজমুল হক।",-1,-1,-1,-1,0,0,0,0,0,1
"সোহাগ ভাইয়ের 'ও কন্যা' এলবাম যখন বের হয় তখন আমি মাত্র হাইস্কুলে উঠেছি, সোহাগ ভাইয়ের অনেক গানই জনপ্রিয় গানের লিস্টে রয়েছে, দেশের বিভিন্ন জেলাতে গিয়ে সোহাগ ভাইয়ের অনেক ফ্যান চোখে পড়েছে, সোহাগ ভাই আমাদের সাতক্ষীরার গর্ব।",banglatoco,"‘ও কন্যা’ গায়ক সোহাগ এখন লড়ছেন গানের মালিকানা নিয়ে ক্যারিয়ারের দুই যুগ পার করেছেন সংগীতশিল্পী শরিফুজ্জামান সোহাগ। এ সময়ে একক, মিক্সডসহ এই গায়কের অ্যালবামের সংখ্যা ৫৮, গানের সংখ্যা ১ হাজার ৬০০–এর বেশি। ঝুলিতে আছে ‘ও কন্যা’, ‘কাইন্দো না’, ‘কন্যা মন দিলা না’, ‘পরান বন্ধুয়া’ ও ‘লাল শাড়ি’র মতো সুপার হিট গান। ক্যারিয়ারে খ্যাতির চূড়ায় পৌঁছালেও সোহাগের আছে আক্ষেপ। এখন পর্যন্ত কোনো গানের মেধাস্বত্ব থেকে কানাকড়িও পাননি বলে অভিযোগ এই গায়কের। সোহাগের ক্যারিয়ারের আদ্যোপান্ত ও অজানা কথা শুনেছেন নাজমুল হক।",-1,-1,-1,-1,0,0,0,0,0,1
ভাইয়া আপনি আমাদের সাতক্ষীরা তথা পুরো বাংলাদেশের একজন উজ্জ্বল নক্ষত্র।আপনার ন্যায্য অধিকার ফিরে পাওয়ার লড়াইয়ে জয়ী হয়েই ফিরুন।শুভ কামনা।❣,banglatoco,"‘ও কন্যা’ গায়ক সোহাগ এখন লড়ছেন গানের মালিকানা নিয়ে ক্যারিয়ারের দুই যুগ পার করেছেন সংগীতশিল্পী শরিফুজ্জামান সোহাগ। এ সময়ে একক, মিক্সডসহ এই গায়কের অ্যালবামের সংখ্যা ৫৮, গানের সংখ্যা ১ হাজার ৬০০–এর বেশি। ঝুলিতে আছে ‘ও কন্যা’, ‘কাইন্দো না’, ‘কন্যা মন দিলা না’, ‘পরান বন্ধুয়া’ ও ‘লাল শাড়ি’র মতো সুপার হিট গান। ক্যারিয়ারে খ্যাতির চূড়ায় পৌঁছালেও সোহাগের আছে আক্ষেপ। এখন পর্যন্ত কোনো গানের মেধাস্বত্ব থেকে কানাকড়িও পাননি বলে অভিযোগ এই গায়কের। সোহাগের ক্যারিয়ারের আদ্যোপান্ত ও অজানা কথা শুনেছেন নাজমুল হক।",-1,-1,-1,-1,0,0,0,0,0,1
সোহাগ ভাই আমার প্রিয় শিল্পী। উনাকে সাংবাদিক ও আইনের লোকজনের উচিত সহযোগীতা করা।,banglatoco,"‘ও কন্যা’ গায়ক সোহাগ এখন লড়ছেন গানের মালিকানা নিয়ে ক্যারিয়ারের দুই যুগ পার করেছেন সংগীতশিল্পী শরিফুজ্জামান সোহাগ। এ সময়ে একক, মিক্সডসহ এই গায়কের অ্যালবামের সংখ্যা ৫৮, গানের সংখ্যা ১ হাজার ৬০০–এর বেশি। ঝুলিতে আছে ‘ও কন্যা’, ‘কাইন্দো না’, ‘কন্যা মন দিলা না’, ‘পরান বন্ধুয়া’ ও ‘লাল শাড়ি’র মতো সুপার হিট গান। ক্যারিয়ারে খ্যাতির চূড়ায় পৌঁছালেও সোহাগের আছে আক্ষেপ। এখন পর্যন্ত কোনো গানের মেধাস্বত্ব থেকে কানাকড়িও পাননি বলে অভিযোগ এই গায়কের। সোহাগের ক্যারিয়ারের আদ্যোপান্ত ও অজানা কথা শুনেছেন নাজমুল হক।",-1,-1,-1,-1,0,0,0,0,0,1
এই গানটির মাধ্যমে শিল্পি সোহাগ ভাইকে চেনা।,banglatoco,"‘ও কন্যা’ গায়ক সোহাগ এখন লড়ছেন গানের মালিকানা নিয়ে ক্যারিয়ারের দুই যুগ পার করেছেন সংগীতশিল্পী শরিফুজ্জামান সোহাগ। এ সময়ে একক, মিক্সডসহ এই গায়কের অ্যালবামের সংখ্যা ৫৮, গানের সংখ্যা ১ হাজার ৬০০–এর বেশি। ঝুলিতে আছে ‘ও কন্যা’, ‘কাইন্দো না’, ‘কন্যা মন দিলা না’, ‘পরান বন্ধুয়া’ ও ‘লাল শাড়ি’র মতো সুপার হিট গান। ক্যারিয়ারে খ্যাতির চূড়ায় পৌঁছালেও সোহাগের আছে আক্ষেপ। এখন পর্যন্ত কোনো গানের মেধাস্বত্ব থেকে কানাকড়িও পাননি বলে অভিযোগ এই গায়কের। সোহাগের ক্যারিয়ারের আদ্যোপান্ত ও অজানা কথা শুনেছেন নাজমুল হক।",-1,-1,-1,-1,0,0,0,0,0,1
"ছোট-বেলায় যখন বাটন ফোনে মেমোরি লোডে এই গানগুলো শুনতাম,,তখন পরিচিত দের মধ্যে অনেক তর্ক-বিতর্ক হইতো এই গানগুলোর আসল শিল্পী নিয়ে",banglatoco,"‘ও কন্যা’ গায়ক সোহাগ এখন লড়ছেন গানের মালিকানা নিয়ে ক্যারিয়ারের দুই যুগ পার করেছেন সংগীতশিল্পী শরিফুজ্জামান সোহাগ। এ সময়ে একক, মিক্সডসহ এই গায়কের অ্যালবামের সংখ্যা ৫৮, গানের সংখ্যা ১ হাজার ৬০০–এর বেশি। ঝুলিতে আছে ‘ও কন্যা’, ‘কাইন্দো না’, ‘কন্যা মন দিলা না’, ‘পরান বন্ধুয়া’ ও ‘লাল শাড়ি’র মতো সুপার হিট গান। ক্যারিয়ারে খ্যাতির চূড়ায় পৌঁছালেও সোহাগের আছে আক্ষেপ। এখন পর্যন্ত কোনো গানের মেধাস্বত্ব থেকে কানাকড়িও পাননি বলে অভিযোগ এই গায়কের। সোহাগের ক্যারিয়ারের আদ্যোপান্ত ও অজানা কথা শুনেছেন নাজমুল হক।",-1,-1,-1,-1,0,0,0,0,0,1
ভালোবাসা অবিরাম প্রিয় ভাই🥰🥰,banglatoco,"‘ও কন্যা’ গায়ক সোহাগ এখন লড়ছেন গানের মালিকানা নিয়ে ক্যারিয়ারের দুই যুগ পার করেছেন সংগীতশিল্পী শরিফুজ্জামান সোহাগ। এ সময়ে একক, মিক্সডসহ এই গায়কের অ্যালবামের সংখ্যা ৫৮, গানের সংখ্যা ১ হাজার ৬০০–এর বেশি। ঝুলিতে আছে ‘ও কন্যা’, ‘কাইন্দো না’, ‘কন্যা মন দিলা না’, ‘পরান বন্ধুয়া’ ও ‘লাল শাড়ি’র মতো সুপার হিট গান। ক্যারিয়ারে খ্যাতির চূড়ায় পৌঁছালেও সোহাগের আছে আক্ষেপ। এখন পর্যন্ত কোনো গানের মেধাস্বত্ব থেকে কানাকড়িও পাননি বলে অভিযোগ এই গায়কের। সোহাগের ক্যারিয়ারের আদ্যোপান্ত ও অজানা কথা শুনেছেন নাজমুল হক।",-1,-1,-1,-1,0,0,0,0,0,1
সোহাগের গানের মালিকানা সোহাগকে দিতে হবে।,banglatoco,"‘ও কন্যা’ গায়ক সোহাগ এখন লড়ছেন গানের মালিকানা নিয়ে ক্যারিয়ারের দুই যুগ পার করেছেন সংগীতশিল্পী শরিফুজ্জামান সোহাগ। এ সময়ে একক, মিক্সডসহ এই গায়কের অ্যালবামের সংখ্যা ৫৮, গানের সংখ্যা ১ হাজার ৬০০–এর বেশি। ঝুলিতে আছে ‘ও কন্যা’, ‘কাইন্দো না’, ‘কন্যা মন দিলা না’, ‘পরান বন্ধুয়া’ ও ‘লাল শাড়ি’র মতো সুপার হিট গান। ক্যারিয়ারে খ্যাতির চূড়ায় পৌঁছালেও সোহাগের আছে আক্ষেপ। এখন পর্যন্ত কোনো গানের মেধাস্বত্ব থেকে কানাকড়িও পাননি বলে অভিযোগ এই গায়কের। সোহাগের ক্যারিয়ারের আদ্যোপান্ত ও অজানা কথা শুনেছেন নাজমুল হক।",-1,-1,-1,-1,0,0,0,0,0,1
এগিয়ে জাও 💙,banglatoco,"‘ও কন্যা’ গায়ক সোহাগ এখন লড়ছেন গানের মালিকানা নিয়ে ক্যারিয়ারের দুই যুগ পার করেছেন সংগীতশিল্পী শরিফুজ্জামান সোহাগ। এ সময়ে একক, মিক্সডসহ এই গায়কের অ্যালবামের সংখ্যা ৫৮, গানের সংখ্যা ১ হাজার ৬০০–এর বেশি। ঝুলিতে আছে ‘ও কন্যা’, ‘কাইন্দো না’, ‘কন্যা মন দিলা না’, ‘পরান বন্ধুয়া’ ও ‘লাল শাড়ি’র মতো সুপার হিট গান। ক্যারিয়ারে খ্যাতির চূড়ায় পৌঁছালেও সোহাগের আছে আক্ষেপ। এখন পর্যন্ত কোনো গানের মেধাস্বত্ব থেকে কানাকড়িও পাননি বলে অভিযোগ এই গায়কের। সোহাগের ক্যারিয়ারের আদ্যোপান্ত ও অজানা কথা শুনেছেন নাজমুল হক।",-1,-1,-1,-1,0,0,0,0,0,1
CD CHOICE এসব গান দিয়ে ইউটিউব থেকে কোটি কোটি টাকা কামিয়েছে।ওনার উচিত আইনি সহায়তা নেওয়া।,banglatoco,"‘ও কন্যা’ গায়ক সোহাগ এখন লড়ছেন গানের মালিকানা নিয়ে ক্যারিয়ারের দুই যুগ পার করেছেন সংগীতশিল্পী শরিফুজ্জামান সোহাগ। এ সময়ে একক, মিক্সডসহ এই গায়কের অ্যালবামের সংখ্যা ৫৮, গানের সংখ্যা ১ হাজার ৬০০–এর বেশি। ঝুলিতে আছে ‘ও কন্যা’, ‘কাইন্দো না’, ‘কন্যা মন দিলা না’, ‘পরান বন্ধুয়া’ ও ‘লাল শাড়ি’র মতো সুপার হিট গান। ক্যারিয়ারে খ্যাতির চূড়ায় পৌঁছালেও সোহাগের আছে আক্ষেপ। এখন পর্যন্ত কোনো গানের মেধাস্বত্ব থেকে কানাকড়িও পাননি বলে অভিযোগ এই গায়কের। সোহাগের ক্যারিয়ারের আদ্যোপান্ত ও অজানা কথা শুনেছেন নাজমুল হক।",-1,-1,-1,-1,0,0,0,0,0,1
এখনও সোহাগের গান সোনা হয় মাঝে মাঝে ....তার নিজের গানের মালিকানা তাকে ফিরিয়ে দেয়া উচিত ,banglatoco,"‘ও কন্যা’ গায়ক সোহাগ এখন লড়ছেন গানের মালিকানা নিয়ে ক্যারিয়ারের দুই যুগ পার করেছেন সংগীতশিল্পী শরিফুজ্জামান সোহাগ। এ সময়ে একক, মিক্সডসহ এই গায়কের অ্যালবামের সংখ্যা ৫৮, গানের সংখ্যা ১ হাজার ৬০০–এর বেশি। ঝুলিতে আছে ‘ও কন্যা’, ‘কাইন্দো না’, ‘কন্যা মন দিলা না’, ‘পরান বন্ধুয়া’ ও ‘লাল শাড়ি’র মতো সুপার হিট গান। ক্যারিয়ারে খ্যাতির চূড়ায় পৌঁছালেও সোহাগের আছে আক্ষেপ। এখন পর্যন্ত কোনো গানের মেধাস্বত্ব থেকে কানাকড়িও পাননি বলে অভিযোগ এই গায়কের। সোহাগের ক্যারিয়ারের আদ্যোপান্ত ও অজানা কথা শুনেছেন নাজমুল হক।",-1,-1,-1,-1,0,0,0,0,0,1
প্রাপ্পো সম্মান টুকু দেওয়া উচিত,banglatoco,"‘ও কন্যা’ গায়ক সোহাগ এখন লড়ছেন গানের মালিকানা নিয়ে ক্যারিয়ারের দুই যুগ পার করেছেন সংগীতশিল্পী শরিফুজ্জামান সোহাগ। এ সময়ে একক, মিক্সডসহ এই গায়কের অ্যালবামের সংখ্যা ৫৮, গানের সংখ্যা ১ হাজার ৬০০–এর বেশি। ঝুলিতে আছে ‘ও কন্যা’, ‘কাইন্দো না’, ‘কন্যা মন দিলা না’, ‘পরান বন্ধুয়া’ ও ‘লাল শাড়ি’র মতো সুপার হিট গান। ক্যারিয়ারে খ্যাতির চূড়ায় পৌঁছালেও সোহাগের আছে আক্ষেপ। এখন পর্যন্ত কোনো গানের মেধাস্বত্ব থেকে কানাকড়িও পাননি বলে অভিযোগ এই গায়কের। সোহাগের ক্যারিয়ারের আদ্যোপান্ত ও অজানা কথা শুনেছেন নাজমুল হক।",-1,-1,-1,-1,0,0,0,0,0,1
মেধাসত্ত্ব আইন প্রণয়ন জরুরি,banglatoco,"‘ও কন্যা’ গায়ক সোহাগ এখন লড়ছেন গানের মালিকানা নিয়ে ক্যারিয়ারের দুই যুগ পার করেছেন সংগীতশিল্পী শরিফুজ্জামান সোহাগ। এ সময়ে একক, মিক্সডসহ এই গায়কের অ্যালবামের সংখ্যা ৫৮, গানের সংখ্যা ১ হাজার ৬০০–এর বেশি। ঝুলিতে আছে ‘ও কন্যা’, ‘কাইন্দো না’, ‘কন্যা মন দিলা না’, ‘পরান বন্ধুয়া’ ও ‘লাল শাড়ি’র মতো সুপার হিট গান। ক্যারিয়ারে খ্যাতির চূড়ায় পৌঁছালেও সোহাগের আছে আক্ষেপ। এখন পর্যন্ত কোনো গানের মেধাস্বত্ব থেকে কানাকড়িও পাননি বলে অভিযোগ এই গায়কের। সোহাগের ক্যারিয়ারের আদ্যোপান্ত ও অজানা কথা শুনেছেন নাজমুল হক।",-1,-1,-1,-1,0,0,0,0,0,1
২০০০ সাল থেকে অনেক জনপ্রিয় একজন শিল্পী,banglatoco,"‘ও কন্যা’ গায়ক সোহাগ এখন লড়ছেন গানের মালিকানা নিয়ে ক্যারিয়ারের দুই যুগ পার করেছেন সংগীতশিল্পী শরিফুজ্জামান সোহাগ। এ সময়ে একক, মিক্সডসহ এই গায়কের অ্যালবামের সংখ্যা ৫৮, গানের সংখ্যা ১ হাজার ৬০০–এর বেশি। ঝুলিতে আছে ‘ও কন্যা’, ‘কাইন্দো না’, ‘কন্যা মন দিলা না’, ‘পরান বন্ধুয়া’ ও ‘লাল শাড়ি’র মতো সুপার হিট গান। ক্যারিয়ারে খ্যাতির চূড়ায় পৌঁছালেও সোহাগের আছে আক্ষেপ। এখন পর্যন্ত কোনো গানের মেধাস্বত্ব থেকে কানাকড়িও পাননি বলে অভিযোগ এই গায়কের। সোহাগের ক্যারিয়ারের আদ্যোপান্ত ও অজানা কথা শুনেছেন নাজমুল হক।",-1,-1,-1,-1,0,0,0,0,0,1
"দুঃখজনক,সোহাগের জন্য শুভকামনা। ছোট বেলায় রাস্তাঘাটে বের হলেই সোহাগের গান বাজতো।ওদের ক্রেজ কোন লেভেলের ছিল এখন কল্পনাও করা যায় না।",banglatoco,"‘ও কন্যা’ গায়ক সোহাগ এখন লড়ছেন গানের মালিকানা নিয়ে ক্যারিয়ারের দুই যুগ পার করেছেন সংগীতশিল্পী শরিফুজ্জামান সোহাগ। এ সময়ে একক, মিক্সডসহ এই গায়কের অ্যালবামের সংখ্যা ৫৮, গানের সংখ্যা ১ হাজার ৬০০–এর বেশি। ঝুলিতে আছে ‘ও কন্যা’, ‘কাইন্দো না’, ‘কন্যা মন দিলা না’, ‘পরান বন্ধুয়া’ ও ‘লাল শাড়ি’র মতো সুপার হিট গান। ক্যারিয়ারে খ্যাতির চূড়ায় পৌঁছালেও সোহাগের আছে আক্ষেপ। এখন পর্যন্ত কোনো গানের মেধাস্বত্ব থেকে কানাকড়িও পাননি বলে অভিযোগ এই গায়কের। সোহাগের ক্যারিয়ারের আদ্যোপান্ত ও অজানা কথা শুনেছেন নাজমুল হক।",-1,-1,-1,-1,0,0,0,0,0,1
ভালোবাসা প্রিয় শিল্পী 🥰💝,banglatoco,"‘ও কন্যা’ গায়ক সোহাগ এখন লড়ছেন গানের মালিকানা নিয়ে ক্যারিয়ারের দুই যুগ পার করেছেন সংগীতশিল্পী শরিফুজ্জামান সোহাগ। এ সময়ে একক, মিক্সডসহ এই গায়কের অ্যালবামের সংখ্যা ৫৮, গানের সংখ্যা ১ হাজার ৬০০–এর বেশি। ঝুলিতে আছে ‘ও কন্যা’, ‘কাইন্দো না’, ‘কন্যা মন দিলা না’, ‘পরান বন্ধুয়া’ ও ‘লাল শাড়ি’র মতো সুপার হিট গান। ক্যারিয়ারে খ্যাতির চূড়ায় পৌঁছালেও সোহাগের আছে আক্ষেপ। এখন পর্যন্ত কোনো গানের মেধাস্বত্ব থেকে কানাকড়িও পাননি বলে অভিযোগ এই গায়কের। সোহাগের ক্যারিয়ারের আদ্যোপান্ত ও অজানা কথা শুনেছেন নাজমুল হক।",-1,-1,-1,-1,0,0,0,0,0,1
এভাবেই সংবাদ মাধ্যমের উচিত আমার ভাইকে সহযোগিতা করা।ধন্যবাদ প্রথম আলো❤️,banglatoco,"‘ও কন্যা’ গায়ক সোহাগ এখন লড়ছেন গানের মালিকানা নিয়ে ক্যারিয়ারের দুই যুগ পার করেছেন সংগীতশিল্পী শরিফুজ্জামান সোহাগ। এ সময়ে একক, মিক্সডসহ এই গায়কের অ্যালবামের সংখ্যা ৫৮, গানের সংখ্যা ১ হাজার ৬০০–এর বেশি। ঝুলিতে আছে ‘ও কন্যা’, ‘কাইন্দো না’, ‘কন্যা মন দিলা না’, ‘পরান বন্ধুয়া’ ও ‘লাল শাড়ি’র মতো সুপার হিট গান। ক্যারিয়ারে খ্যাতির চূড়ায় পৌঁছালেও সোহাগের আছে আক্ষেপ। এখন পর্যন্ত কোনো গানের মেধাস্বত্ব থেকে কানাকড়িও পাননি বলে অভিযোগ এই গায়কের। সোহাগের ক্যারিয়ারের আদ্যোপান্ত ও অজানা কথা শুনেছেন নাজমুল হক।",-1,-1,-1,-1,0,0,0,0,0,1
"2004-2005 (hsc) আহ্,,দুই বছর হোস্টেল জীবনের স্মৃতি জড়িয়ে রয়েছে সোহাগের প্রতিটি গানের সাথে।",banglatoco,"‘ও কন্যা’ গায়ক সোহাগ এখন লড়ছেন গানের মালিকানা নিয়ে ক্যারিয়ারের দুই যুগ পার করেছেন সংগীতশিল্পী শরিফুজ্জামান সোহাগ। এ সময়ে একক, মিক্সডসহ এই গায়কের অ্যালবামের সংখ্যা ৫৮, গানের সংখ্যা ১ হাজার ৬০০–এর বেশি। ঝুলিতে আছে ‘ও কন্যা’, ‘কাইন্দো না’, ‘কন্যা মন দিলা না’, ‘পরান বন্ধুয়া’ ও ‘লাল শাড়ি’র মতো সুপার হিট গান। ক্যারিয়ারে খ্যাতির চূড়ায় পৌঁছালেও সোহাগের আছে আক্ষেপ। এখন পর্যন্ত কোনো গানের মেধাস্বত্ব থেকে কানাকড়িও পাননি বলে অভিযোগ এই গায়কের। সোহাগের ক্যারিয়ারের আদ্যোপান্ত ও অজানা কথা শুনেছেন নাজমুল হক।",-1,-1,-1,-1,0,0,0,0,0,1
কন্যা সোহাগ এর ।সে এই গানের প্রথম শিল্পী,banglatoco,"‘ও কন্যা’ গায়ক সোহাগ এখন লড়ছেন গানের মালিকানা নিয়ে ক্যারিয়ারের দুই যুগ পার করেছেন সংগীতশিল্পী শরিফুজ্জামান সোহাগ। এ সময়ে একক, মিক্সডসহ এই গায়কের অ্যালবামের সংখ্যা ৫৮, গানের সংখ্যা ১ হাজার ৬০০–এর বেশি। ঝুলিতে আছে ‘ও কন্যা’, ‘কাইন্দো না’, ‘কন্যা মন দিলা না’, ‘পরান বন্ধুয়া’ ও ‘লাল শাড়ি’র মতো সুপার হিট গান। ক্যারিয়ারে খ্যাতির চূড়ায় পৌঁছালেও সোহাগের আছে আক্ষেপ। এখন পর্যন্ত কোনো গানের মেধাস্বত্ব থেকে কানাকড়িও পাননি বলে অভিযোগ এই গায়কের। সোহাগের ক্যারিয়ারের আদ্যোপান্ত ও অজানা কথা শুনেছেন নাজমুল হক।",-1,-1,-1,-1,0,0,0,0,0,1
শিল্পী তার ন্যায্য অধিকার ফিরে পাক।এটাই প্রার্থনা। ❣️,banglatoco,"‘ও কন্যা’ গায়ক সোহাগ এখন লড়ছেন গানের মালিকানা নিয়ে ক্যারিয়ারের দুই যুগ পার করেছেন সংগীতশিল্পী শরিফুজ্জামান সোহাগ। এ সময়ে একক, মিক্সডসহ এই গায়কের অ্যালবামের সংখ্যা ৫৮, গানের সংখ্যা ১ হাজার ৬০০–এর বেশি। ঝুলিতে আছে ‘ও কন্যা’, ‘কাইন্দো না’, ‘কন্যা মন দিলা না’, ‘পরান বন্ধুয়া’ ও ‘লাল শাড়ি’র মতো সুপার হিট গান। ক্যারিয়ারে খ্যাতির চূড়ায় পৌঁছালেও সোহাগের আছে আক্ষেপ। এখন পর্যন্ত কোনো গানের মেধাস্বত্ব থেকে কানাকড়িও পাননি বলে অভিযোগ এই গায়কের। সোহাগের ক্যারিয়ারের আদ্যোপান্ত ও অজানা কথা শুনেছেন নাজমুল হক।",-1,-1,-1,-1,0,0,0,0,0,1
সত্যের জয় হোক,banglatoco,"‘ও কন্যা’ গায়ক সোহাগ এখন লড়ছেন গানের মালিকানা নিয়ে ক্যারিয়ারের দুই যুগ পার করেছেন সংগীতশিল্পী শরিফুজ্জামান সোহাগ। এ সময়ে একক, মিক্সডসহ এই গায়কের অ্যালবামের সংখ্যা ৫৮, গানের সংখ্যা ১ হাজার ৬০০–এর বেশি। ঝুলিতে আছে ‘ও কন্যা’, ‘কাইন্দো না’, ‘কন্যা মন দিলা না’, ‘পরান বন্ধুয়া’ ও ‘লাল শাড়ি’র মতো সুপার হিট গান। ক্যারিয়ারে খ্যাতির চূড়ায় পৌঁছালেও সোহাগের আছে আক্ষেপ। এখন পর্যন্ত কোনো গানের মেধাস্বত্ব থেকে কানাকড়িও পাননি বলে অভিযোগ এই গায়কের। সোহাগের ক্যারিয়ারের আদ্যোপান্ত ও অজানা কথা শুনেছেন নাজমুল হক।",-1,-1,-1,-1,0,0,0,0,0,1
পাশে আছি সব সময়❤️❤️❤️,banglatoco,"‘ও কন্যা’ গায়ক সোহাগ এখন লড়ছেন গানের মালিকানা নিয়ে ক্যারিয়ারের দুই যুগ পার করেছেন সংগীতশিল্পী শরিফুজ্জামান সোহাগ। এ সময়ে একক, মিক্সডসহ এই গায়কের অ্যালবামের সংখ্যা ৫৮, গানের সংখ্যা ১ হাজার ৬০০–এর বেশি। ঝুলিতে আছে ‘ও কন্যা’, ‘কাইন্দো না’, ‘কন্যা মন দিলা না’, ‘পরান বন্ধুয়া’ ও ‘লাল শাড়ি’র মতো সুপার হিট গান। ক্যারিয়ারে খ্যাতির চূড়ায় পৌঁছালেও সোহাগের আছে আক্ষেপ। এখন পর্যন্ত কোনো গানের মেধাস্বত্ব থেকে কানাকড়িও পাননি বলে অভিযোগ এই গায়কের। সোহাগের ক্যারিয়ারের আদ্যোপান্ত ও অজানা কথা শুনেছেন নাজমুল হক।",-1,-1,-1,-1,0,0,0,0,0,1
যার মুখ থেকে আগে শুনেছি তারি মালিকানা ❤️সোহাগ ভাই,banglatoco,"‘ও কন্যা’ গায়ক সোহাগ এখন লড়ছেন গানের মালিকানা নিয়ে ক্যারিয়ারের দুই যুগ পার করেছেন সংগীতশিল্পী শরিফুজ্জামান সোহাগ। এ সময়ে একক, মিক্সডসহ এই গায়কের অ্যালবামের সংখ্যা ৫৮, গানের সংখ্যা ১ হাজার ৬০০–এর বেশি। ঝুলিতে আছে ‘ও কন্যা’, ‘কাইন্দো না’, ‘কন্যা মন দিলা না’, ‘পরান বন্ধুয়া’ ও ‘লাল শাড়ি’র মতো সুপার হিট গান। ক্যারিয়ারে খ্যাতির চূড়ায় পৌঁছালেও সোহাগের আছে আক্ষেপ। এখন পর্যন্ত কোনো গানের মেধাস্বত্ব থেকে কানাকড়িও পাননি বলে অভিযোগ এই গায়কের। সোহাগের ক্যারিয়ারের আদ্যোপান্ত ও অজানা কথা শুনেছেন নাজমুল হক।",-1,-1,-1,-1,0,0,0,0,0,1
"পুরো কমেন্ট বক্স জুড়ে ৯৯% কমেন্ট ই একজন সাধারণ মানুষ ,একজন অসাধারণ গায়ক, একজন ট্যালেন্টেড মিউজিক কম্পোজার সোহাগ এর পক্ষেই। ২/৪/৫জন আগাছার কমেন্ট থাকবেই সবখানে এটা খুবই কমন এবং স্বাভাবিক। একজন শিল্পী তার প্রাপ্য টুকু ফিরে পাক এটাই দাবী 🎶❤️🇧🇩",banglatoco,"‘ও কন্যা’ গায়ক সোহাগ এখন লড়ছেন গানের মালিকানা নিয়ে ক্যারিয়ারের দুই যুগ পার করেছেন সংগীতশিল্পী শরিফুজ্জামান সোহাগ। এ সময়ে একক, মিক্সডসহ এই গায়কের অ্যালবামের সংখ্যা ৫৮, গানের সংখ্যা ১ হাজার ৬০০–এর বেশি। ঝুলিতে আছে ‘ও কন্যা’, ‘কাইন্দো না’, ‘কন্যা মন দিলা না’, ‘পরান বন্ধুয়া’ ও ‘লাল শাড়ি’র মতো সুপার হিট গান। ক্যারিয়ারে খ্যাতির চূড়ায় পৌঁছালেও সোহাগের আছে আক্ষেপ। এখন পর্যন্ত কোনো গানের মেধাস্বত্ব থেকে কানাকড়িও পাননি বলে অভিযোগ এই গায়কের। সোহাগের ক্যারিয়ারের আদ্যোপান্ত ও অজানা কথা শুনেছেন নাজমুল হক।",-1,-1,-1,-1,0,0,0,0,0,1
আমার পছন্দের শিল্পী সোহাগ ও কন্যা গানটি ব্যাপক পছন্দের,banglatoco,"‘ও কন্যা’ গায়ক সোহাগ এখন লড়ছেন গানের মালিকানা নিয়ে ক্যারিয়ারের দুই যুগ পার করেছেন সংগীতশিল্পী শরিফুজ্জামান সোহাগ। এ সময়ে একক, মিক্সডসহ এই গায়কের অ্যালবামের সংখ্যা ৫৮, গানের সংখ্যা ১ হাজার ৬০০–এর বেশি। ঝুলিতে আছে ‘ও কন্যা’, ‘কাইন্দো না’, ‘কন্যা মন দিলা না’, ‘পরান বন্ধুয়া’ ও ‘লাল শাড়ি’র মতো সুপার হিট গান। ক্যারিয়ারে খ্যাতির চূড়ায় পৌঁছালেও সোহাগের আছে আক্ষেপ। এখন পর্যন্ত কোনো গানের মেধাস্বত্ব থেকে কানাকড়িও পাননি বলে অভিযোগ এই গায়কের। সোহাগের ক্যারিয়ারের আদ্যোপান্ত ও অজানা কথা শুনেছেন নাজমুল হক।",-1,-1,-1,-1,0,0,0,0,0,1
এই অ্যালবামগুলোর গান শুনলেই আমি বলে দিতে পারব কোনটা হাসানের গান এবং কোনটা সোহাগের গান।,banglatoco,"‘ও কন্যা’ গায়ক সোহাগ এখন লড়ছেন গানের মালিকানা নিয়ে ক্যারিয়ারের দুই যুগ পার করেছেন সংগীতশিল্পী শরিফুজ্জামান সোহাগ। এ সময়ে একক, মিক্সডসহ এই গায়কের অ্যালবামের সংখ্যা ৫৮, গানের সংখ্যা ১ হাজার ৬০০–এর বেশি। ঝুলিতে আছে ‘ও কন্যা’, ‘কাইন্দো না’, ‘কন্যা মন দিলা না’, ‘পরান বন্ধুয়া’ ও ‘লাল শাড়ি’র মতো সুপার হিট গান। ক্যারিয়ারে খ্যাতির চূড়ায় পৌঁছালেও সোহাগের আছে আক্ষেপ। এখন পর্যন্ত কোনো গানের মেধাস্বত্ব থেকে কানাকড়িও পাননি বলে অভিযোগ এই গায়কের। সোহাগের ক্যারিয়ারের আদ্যোপান্ত ও অজানা কথা শুনেছেন নাজমুল হক।",-1,-1,-1,-1,0,0,0,0,0,1
"এই গানগুলো সোহাগেরই,এটাই সত্যি এবং বাস্তব",banglatoco,"‘ও কন্যা’ গায়ক সোহাগ এখন লড়ছেন গানের মালিকানা নিয়ে ক্যারিয়ারের দুই যুগ পার করেছেন সংগীতশিল্পী শরিফুজ্জামান সোহাগ। এ সময়ে একক, মিক্সডসহ এই গায়কের অ্যালবামের সংখ্যা ৫৮, গানের সংখ্যা ১ হাজার ৬০০–এর বেশি। ঝুলিতে আছে ‘ও কন্যা’, ‘কাইন্দো না’, ‘কন্যা মন দিলা না’, ‘পরান বন্ধুয়া’ ও ‘লাল শাড়ি’র মতো সুপার হিট গান। ক্যারিয়ারে খ্যাতির চূড়ায় পৌঁছালেও সোহাগের আছে আক্ষেপ। এখন পর্যন্ত কোনো গানের মেধাস্বত্ব থেকে কানাকড়িও পাননি বলে অভিযোগ এই গায়কের। সোহাগের ক্যারিয়ারের আদ্যোপান্ত ও অজানা কথা শুনেছেন নাজমুল হক।",-1,-1,-1,-1,0,0,0,0,0,1
"তার গান গুলো আকাশে বাতাসে ঝড় তুলে ছিল সেইসময়।
",banglatoco,"‘ও কন্যা’ গায়ক সোহাগ এখন লড়ছেন গানের মালিকানা নিয়ে ক্যারিয়ারের দুই যুগ পার করেছেন সংগীতশিল্পী শরিফুজ্জামান সোহাগ। এ সময়ে একক, মিক্সডসহ এই গায়কের অ্যালবামের সংখ্যা ৫৮, গানের সংখ্যা ১ হাজার ৬০০–এর বেশি। ঝুলিতে আছে ‘ও কন্যা’, ‘কাইন্দো না’, ‘কন্যা মন দিলা না’, ‘পরান বন্ধুয়া’ ও ‘লাল শাড়ি’র মতো সুপার হিট গান। ক্যারিয়ারে খ্যাতির চূড়ায় পৌঁছালেও সোহাগের আছে আক্ষেপ। এখন পর্যন্ত কোনো গানের মেধাস্বত্ব থেকে কানাকড়িও পাননি বলে অভিযোগ এই গায়কের। সোহাগের ক্যারিয়ারের আদ্যোপান্ত ও অজানা কথা শুনেছেন নাজমুল হক।",-1,-1,-1,-1,0,0,0,0,0,1
ফিরে পাক তার কষ্টো করা কাজগুলি,banglatoco,"‘ও কন্যা’ গায়ক সোহাগ এখন লড়ছেন গানের মালিকানা নিয়ে ক্যারিয়ারের দুই যুগ পার করেছেন সংগীতশিল্পী শরিফুজ্জামান সোহাগ। এ সময়ে একক, মিক্সডসহ এই গায়কের অ্যালবামের সংখ্যা ৫৮, গানের সংখ্যা ১ হাজার ৬০০–এর বেশি। ঝুলিতে আছে ‘ও কন্যা’, ‘কাইন্দো না’, ‘কন্যা মন দিলা না’, ‘পরান বন্ধুয়া’ ও ‘লাল শাড়ি’র মতো সুপার হিট গান। ক্যারিয়ারে খ্যাতির চূড়ায় পৌঁছালেও সোহাগের আছে আক্ষেপ। এখন পর্যন্ত কোনো গানের মেধাস্বত্ব থেকে কানাকড়িও পাননি বলে অভিযোগ এই গায়কের। সোহাগের ক্যারিয়ারের আদ্যোপান্ত ও অজানা কথা শুনেছেন নাজমুল হক।",-1,-1,-1,-1,0,0,0,0,0,1
"ধৈর্য ধরেন, দেখেন কি হয়",banglatoco,"‘ও কন্যা’ গায়ক সোহাগ এখন লড়ছেন গানের মালিকানা নিয়ে ক্যারিয়ারের দুই যুগ পার করেছেন সংগীতশিল্পী শরিফুজ্জামান সোহাগ। এ সময়ে একক, মিক্সডসহ এই গায়কের অ্যালবামের সংখ্যা ৫৮, গানের সংখ্যা ১ হাজার ৬০০–এর বেশি। ঝুলিতে আছে ‘ও কন্যা’, ‘কাইন্দো না’, ‘কন্যা মন দিলা না’, ‘পরান বন্ধুয়া’ ও ‘লাল শাড়ি’র মতো সুপার হিট গান। ক্যারিয়ারে খ্যাতির চূড়ায় পৌঁছালেও সোহাগের আছে আক্ষেপ। এখন পর্যন্ত কোনো গানের মেধাস্বত্ব থেকে কানাকড়িও পাননি বলে অভিযোগ এই গায়কের। সোহাগের ক্যারিয়ারের আদ্যোপান্ত ও অজানা কথা শুনেছেন নাজমুল হক।",-1,-1,-1,-1,0,0,0,0,0,1
বাংলার সম্পদ সোহাগ,banglatoco,"‘ও কন্যা’ গায়ক সোহাগ এখন লড়ছেন গানের মালিকানা নিয়ে ক্যারিয়ারের দুই যুগ পার করেছেন সংগীতশিল্পী শরিফুজ্জামান সোহাগ। এ সময়ে একক, মিক্সডসহ এই গায়কের অ্যালবামের সংখ্যা ৫৮, গানের সংখ্যা ১ হাজার ৬০০–এর বেশি। ঝুলিতে আছে ‘ও কন্যা’, ‘কাইন্দো না’, ‘কন্যা মন দিলা না’, ‘পরান বন্ধুয়া’ ও ‘লাল শাড়ি’র মতো সুপার হিট গান। ক্যারিয়ারে খ্যাতির চূড়ায় পৌঁছালেও সোহাগের আছে আক্ষেপ। এখন পর্যন্ত কোনো গানের মেধাস্বত্ব থেকে কানাকড়িও পাননি বলে অভিযোগ এই গায়কের। সোহাগের ক্যারিয়ারের আদ্যোপান্ত ও অজানা কথা শুনেছেন নাজমুল হক।",-1,-1,-1,-1,0,0,0,0,0,1
সোহাগ ভাইয়ের সকল গানের মালিকানা ফিরিয়ে দেয়া হোক,banglatoco,"‘ও কন্যা’ গায়ক সোহাগ এখন লড়ছেন গানের মালিকানা নিয়ে ক্যারিয়ারের দুই যুগ পার করেছেন সংগীতশিল্পী শরিফুজ্জামান সোহাগ। এ সময়ে একক, মিক্সডসহ এই গায়কের অ্যালবামের সংখ্যা ৫৮, গানের সংখ্যা ১ হাজার ৬০০–এর বেশি। ঝুলিতে আছে ‘ও কন্যা’, ‘কাইন্দো না’, ‘কন্যা মন দিলা না’, ‘পরান বন্ধুয়া’ ও ‘লাল শাড়ি’র মতো সুপার হিট গান। ক্যারিয়ারে খ্যাতির চূড়ায় পৌঁছালেও সোহাগের আছে আক্ষেপ। এখন পর্যন্ত কোনো গানের মেধাস্বত্ব থেকে কানাকড়িও পাননি বলে অভিযোগ এই গায়কের। সোহাগের ক্যারিয়ারের আদ্যোপান্ত ও অজানা কথা শুনেছেন নাজমুল হক।",-1,-1,-1,-1,0,0,0,0,0,1
গান তো সোহাগের।কিন্তু এত দিন কই ছিলো সোহাগ,banglatoco,"‘ও কন্যা’ গায়ক সোহাগ এখন লড়ছেন গানের মালিকানা নিয়ে ক্যারিয়ারের দুই যুগ পার করেছেন সংগীতশিল্পী শরিফুজ্জামান সোহাগ। এ সময়ে একক, মিক্সডসহ এই গায়কের অ্যালবামের সংখ্যা ৫৮, গানের সংখ্যা ১ হাজার ৬০০–এর বেশি। ঝুলিতে আছে ‘ও কন্যা’, ‘কাইন্দো না’, ‘কন্যা মন দিলা না’, ‘পরান বন্ধুয়া’ ও ‘লাল শাড়ি’র মতো সুপার হিট গান। ক্যারিয়ারে খ্যাতির চূড়ায় পৌঁছালেও সোহাগের আছে আক্ষেপ। এখন পর্যন্ত কোনো গানের মেধাস্বত্ব থেকে কানাকড়িও পাননি বলে অভিযোগ এই গায়কের। সোহাগের ক্যারিয়ারের আদ্যোপান্ত ও অজানা কথা শুনেছেন নাজমুল হক।",-1,-1,-1,-1,0,0,0,0,0,1
ছোটবেলায় সোহাগের ডাই-হার্ড ফ্যান ছিলাম। তার ম্যাক্সিমাম অ্যালবাম আমার সংগ্রহে আছে।,banglatoco,"‘ও কন্যা’ গায়ক সোহাগ এখন লড়ছেন গানের মালিকানা নিয়ে ক্যারিয়ারের দুই যুগ পার করেছেন সংগীতশিল্পী শরিফুজ্জামান সোহাগ। এ সময়ে একক, মিক্সডসহ এই গায়কের অ্যালবামের সংখ্যা ৫৮, গানের সংখ্যা ১ হাজার ৬০০–এর বেশি। ঝুলিতে আছে ‘ও কন্যা’, ‘কাইন্দো না’, ‘কন্যা মন দিলা না’, ‘পরান বন্ধুয়া’ ও ‘লাল শাড়ি’র মতো সুপার হিট গান। ক্যারিয়ারে খ্যাতির চূড়ায় পৌঁছালেও সোহাগের আছে আক্ষেপ। এখন পর্যন্ত কোনো গানের মেধাস্বত্ব থেকে কানাকড়িও পাননি বলে অভিযোগ এই গায়কের। সোহাগের ক্যারিয়ারের আদ্যোপান্ত ও অজানা কথা শুনেছেন নাজমুল হক।",-1,-1,-1,-1,0,0,0,0,0,1
বস্তি মার্কা গান আ... থু...,banglatoco,"‘ও কন্যা’ গায়ক সোহাগ এখন লড়ছেন গানের মালিকানা নিয়ে ক্যারিয়ারের দুই যুগ পার করেছেন সংগীতশিল্পী শরিফুজ্জামান সোহাগ। এ সময়ে একক, মিক্সডসহ এই গায়কের অ্যালবামের সংখ্যা ৫৮, গানের সংখ্যা ১ হাজার ৬০০–এর বেশি। ঝুলিতে আছে ‘ও কন্যা’, ‘কাইন্দো না’, ‘কন্যা মন দিলা না’, ‘পরান বন্ধুয়া’ ও ‘লাল শাড়ি’র মতো সুপার হিট গান। ক্যারিয়ারে খ্যাতির চূড়ায় পৌঁছালেও সোহাগের আছে আক্ষেপ। এখন পর্যন্ত কোনো গানের মেধাস্বত্ব থেকে কানাকড়িও পাননি বলে অভিযোগ এই গায়কের। সোহাগের ক্যারিয়ারের আদ্যোপান্ত ও অজানা কথা শুনেছেন নাজমুল হক।",-1,-1,-1,-1,1,0,0,0,0,1
শৈশবের সেই গায়ক😍,banglatoco,"‘ও কন্যা’ গায়ক সোহাগ এখন লড়ছেন গানের মালিকানা নিয়ে ক্যারিয়ারের দুই যুগ পার করেছেন সংগীতশিল্পী শরিফুজ্জামান সোহাগ। এ সময়ে একক, মিক্সডসহ এই গায়কের অ্যালবামের সংখ্যা ৫৮, গানের সংখ্যা ১ হাজার ৬০০–এর বেশি। ঝুলিতে আছে ‘ও কন্যা’, ‘কাইন্দো না’, ‘কন্যা মন দিলা না’, ‘পরান বন্ধুয়া’ ও ‘লাল শাড়ি’র মতো সুপার হিট গান। ক্যারিয়ারে খ্যাতির চূড়ায় পৌঁছালেও সোহাগের আছে আক্ষেপ। এখন পর্যন্ত কোনো গানের মেধাস্বত্ব থেকে কানাকড়িও পাননি বলে অভিযোগ এই গায়কের। সোহাগের ক্যারিয়ারের আদ্যোপান্ত ও অজানা কথা শুনেছেন নাজমুল হক।",-1,-1,-1,-1,0,0,0,0,0,1
একসময়ে নিজের ক্ষেত গান হাসানের নামে চালায় দিছে। এখন মালিকানা খুজে। হুদায় ভাইরালের ধান্দা 😂,banglatoco,"‘ও কন্যা’ গায়ক সোহাগ এখন লড়ছেন গানের মালিকানা নিয়ে ক্যারিয়ারের দুই যুগ পার করেছেন সংগীতশিল্পী শরিফুজ্জামান সোহাগ। এ সময়ে একক, মিক্সডসহ এই গায়কের অ্যালবামের সংখ্যা ৫৮, গানের সংখ্যা ১ হাজার ৬০০–এর বেশি। ঝুলিতে আছে ‘ও কন্যা’, ‘কাইন্দো না’, ‘কন্যা মন দিলা না’, ‘পরান বন্ধুয়া’ ও ‘লাল শাড়ি’র মতো সুপার হিট গান। ক্যারিয়ারে খ্যাতির চূড়ায় পৌঁছালেও সোহাগের আছে আক্ষেপ। এখন পর্যন্ত কোনো গানের মেধাস্বত্ব থেকে কানাকড়িও পাননি বলে অভিযোগ এই গায়কের। সোহাগের ক্যারিয়ারের আদ্যোপান্ত ও অজানা কথা শুনেছেন নাজমুল হক।",-1,-1,-1,-1,1,0,0,0,0,1
ওনি গানজা খেয়ে শব শেষ করে হ্যালাই ছে। ওনার ইতিহাস জানলে সবই বুঝবেন।ঐ গানের লেখক সামাদের এর থেকে!,banglatoco,"‘ও কন্যা’ গায়ক সোহাগ এখন লড়ছেন গানের মালিকানা নিয়ে ক্যারিয়ারের দুই যুগ পার করেছেন সংগীতশিল্পী শরিফুজ্জামান সোহাগ। এ সময়ে একক, মিক্সডসহ এই গায়কের অ্যালবামের সংখ্যা ৫৮, গানের সংখ্যা ১ হাজার ৬০০–এর বেশি। ঝুলিতে আছে ‘ও কন্যা’, ‘কাইন্দো না’, ‘কন্যা মন দিলা না’, ‘পরান বন্ধুয়া’ ও ‘লাল শাড়ি’র মতো সুপার হিট গান। ক্যারিয়ারে খ্যাতির চূড়ায় পৌঁছালেও সোহাগের আছে আক্ষেপ। এখন পর্যন্ত কোনো গানের মেধাস্বত্ব থেকে কানাকড়িও পাননি বলে অভিযোগ এই গায়কের। সোহাগের ক্যারিয়ারের আদ্যোপান্ত ও অজানা কথা শুনেছেন নাজমুল হক।",-1,-1,-1,-1,1,0,0,0,0,1
সোহাগ ভাইয়ের কন্ঠেই শুনেছি অনেক আগে থেকেই,banglatoco,"‘ও কন্যা’ গায়ক সোহাগ এখন লড়ছেন গানের মালিকানা নিয়ে ক্যারিয়ারের দুই যুগ পার করেছেন সংগীতশিল্পী শরিফুজ্জামান সোহাগ। এ সময়ে একক, মিক্সডসহ এই গায়কের অ্যালবামের সংখ্যা ৫৮, গানের সংখ্যা ১ হাজার ৬০০–এর বেশি। ঝুলিতে আছে ‘ও কন্যা’, ‘কাইন্দো না’, ‘কন্যা মন দিলা না’, ‘পরান বন্ধুয়া’ ও ‘লাল শাড়ি’র মতো সুপার হিট গান। ক্যারিয়ারে খ্যাতির চূড়ায় পৌঁছালেও সোহাগের আছে আক্ষেপ। এখন পর্যন্ত কোনো গানের মেধাস্বত্ব থেকে কানাকড়িও পাননি বলে অভিযোগ এই গায়কের। সোহাগের ক্যারিয়ারের আদ্যোপান্ত ও অজানা কথা শুনেছেন নাজমুল হক।",-1,-1,-1,-1,0,0,0,0,0,1
বাংলাদেশের সঙ্গীত অঙ্গনে এটা একটা কমন সমস্যা। গান একজনের গানের মালিকানা নিয়ে নেয় আরেক জন। নিজের গানের মালিকানা নিজেকেই আবার প্রমাণ করে ফিরিয়ে আনতে হয়।,banglatoco,"‘ও কন্যা’ গায়ক সোহাগ এখন লড়ছেন গানের মালিকানা নিয়ে ক্যারিয়ারের দুই যুগ পার করেছেন সংগীতশিল্পী শরিফুজ্জামান সোহাগ। এ সময়ে একক, মিক্সডসহ এই গায়কের অ্যালবামের সংখ্যা ৫৮, গানের সংখ্যা ১ হাজার ৬০০–এর বেশি। ঝুলিতে আছে ‘ও কন্যা’, ‘কাইন্দো না’, ‘কন্যা মন দিলা না’, ‘পরান বন্ধুয়া’ ও ‘লাল শাড়ি’র মতো সুপার হিট গান। ক্যারিয়ারে খ্যাতির চূড়ায় পৌঁছালেও সোহাগের আছে আক্ষেপ। এখন পর্যন্ত কোনো গানের মেধাস্বত্ব থেকে কানাকড়িও পাননি বলে অভিযোগ এই গায়কের। সোহাগের ক্যারিয়ারের আদ্যোপান্ত ও অজানা কথা শুনেছেন নাজমুল হক। এ রকম অনেক আছে",-1,-1,-1,-1,0,0,0,0,0,1
বস দোয়া রইলো!,banglatoco,"‘ও কন্যা’ গায়ক সোহাগ এখন লড়ছেন গানের মালিকানা নিয়ে ক্যারিয়ারের দুই যুগ পার করেছেন সংগীতশিল্পী শরিফুজ্জামান সোহাগ। এ সময়ে একক, মিক্সডসহ এই গায়কের অ্যালবামের সংখ্যা ৫৮, গানের সংখ্যা ১ হাজার ৬০০–এর বেশি। ঝুলিতে আছে ‘ও কন্যা’, ‘কাইন্দো না’, ‘কন্যা মন দিলা না’, ‘পরান বন্ধুয়া’ ও ‘লাল শাড়ি’র মতো সুপার হিট গান। ক্যারিয়ারে খ্যাতির চূড়ায় পৌঁছালেও সোহাগের আছে আক্ষেপ। এখন পর্যন্ত কোনো গানের মেধাস্বত্ব থেকে কানাকড়িও পাননি বলে অভিযোগ এই গায়কের। সোহাগের ক্যারিয়ারের আদ্যোপান্ত ও অজানা কথা শুনেছেন নাজমুল হক।",-1,-1,-1,-1,0,0,0,0,0,1
মেধাসত্ত্ব নিয়ে কঠোর আইন হওয়া উচিৎ,banglatoco,"‘ও কন্যা’ গায়ক সোহাগ এখন লড়ছেন গানের মালিকানা নিয়ে ক্যারিয়ারের দুই যুগ পার করেছেন সংগীতশিল্পী শরিফুজ্জামান সোহাগ। এ সময়ে একক, মিক্সডসহ এই গায়কের অ্যালবামের সংখ্যা ৫৮, গানের সংখ্যা ১ হাজার ৬০০–এর বেশি। ঝুলিতে আছে ‘ও কন্যা’, ‘কাইন্দো না’, ‘কন্যা মন দিলা না’, ‘পরান বন্ধুয়া’ ও ‘লাল শাড়ি’র মতো সুপার হিট গান। ক্যারিয়ারে খ্যাতির চূড়ায় পৌঁছালেও সোহাগের আছে আক্ষেপ। এখন পর্যন্ত কোনো গানের মেধাস্বত্ব থেকে কানাকড়িও পাননি বলে অভিযোগ এই গায়কের। সোহাগের ক্যারিয়ারের আদ্যোপান্ত ও অজানা কথা শুনেছেন নাজমুল হক।",-1,-1,-1,-1,0,0,0,0,0,1
এবার অভিবাসন ব্যয়ের প্রতি নজর দেওয়া উচিত,banglatoco,"জনশক্তি রফতানি: জাপানি প্রতিষ্ঠানের সাথে সরকারের সমঝোতা স্মারক স্বাক্ষর জাপানে দক্ষ জনশক্তি রফতানির লক্ষ্যে প্রবাসী কল্যাণ ও বৈদেশিক কর্মসংস্থান মন্ত্রণালয়ের সাথে সমঝোতা স্মারক করেছে জাপানের অনোডোরা ইউজার রান ইনকরপোরেটেড।বৃহস্পতিবার (১০ এপ্রিল) দুপুরে প্রবাসী কল্যাণ ও বৈদেশিক কর্মসংস্থান মন্ত্রণালয়ে এই সমঝোতা স্বারক হয়েছে।এতে প্রবাসী কল্যাণ ও বৈদেশিক কর্মসংস্থান মন্ত্রণালয়ের উপদেষ্টা ড. আসিফ নজরুল বলেছেন, এই সমঝোতা স্মারকের মাধ্যমে প্রবাসে দক্ষ কর্মীদের যাবার সুযোগ আরও সম্প্রসারিত হলো। এর মাধ্যমে প্রবাসে গমনেচ্ছুরা বিনামূল্যে জাপানী ভাষা ও কারিগরী বিষয়ে প্রশিক্ষণের সুয়োগ পাবে। এমনকি প্রতিষ্ঠানটি বিনা অভিবাসন ব্যয়ে জাপানে কর্মসংস্থানের ব্যবস্থা করবে।",-1,-1,-1,-1,0,0,0,0,0,1
জাপান আমাদের অকৃত্রিম বন্ধু❤️,banglatoco,"জনশক্তি রফতানি: জাপানি প্রতিষ্ঠানের সাথে সরকারের সমঝোতা স্মারক স্বাক্ষর জাপানে দক্ষ জনশক্তি রফতানির লক্ষ্যে প্রবাসী কল্যাণ ও বৈদেশিক কর্মসংস্থান মন্ত্রণালয়ের সাথে সমঝোতা স্মারক করেছে জাপানের অনোডোরা ইউজার রান ইনকরপোরেটেড।বৃহস্পতিবার (১০ এপ্রিল) দুপুরে প্রবাসী কল্যাণ ও বৈদেশিক কর্মসংস্থান মন্ত্রণালয়ে এই সমঝোতা স্বারক হয়েছে।এতে প্রবাসী কল্যাণ ও বৈদেশিক কর্মসংস্থান মন্ত্রণালয়ের উপদেষ্টা ড. আসিফ নজরুল বলেছেন, এই সমঝোতা স্মারকের মাধ্যমে প্রবাসে দক্ষ কর্মীদের যাবার সুযোগ আরও সম্প্রসারিত হলো। এর মাধ্যমে প্রবাসে গমনেচ্ছুরা বিনামূল্যে জাপানী ভাষা ও কারিগরী বিষয়ে প্রশিক্ষণের সুয়োগ পাবে। এমনকি প্রতিষ্ঠানটি বিনা অভিবাসন ব্যয়ে জাপানে কর্মসংস্থানের ব্যবস্থা করবে।",-1,-1,-1,-1,0,0,0,0,0,1
"এবছরের স্টুডেন্টদের জাপানিজ ভিসা সম্পর্কিত সমস্যার সমাধান করুন।এতো হয়রানি করানো হচ্ছে স্টুডেন্টদের,,ভিএফএস আমরা চাই না, আমাদের ভোগান্তি বাড়ছে এই ভিএফএস এর জন্য।",banglatoco,"জনশক্তি রফতানি: জাপানি প্রতিষ্ঠানের সাথে সরকারের সমঝোতা স্মারক স্বাক্ষর জাপানে দক্ষ জনশক্তি রফতানির লক্ষ্যে প্রবাসী কল্যাণ ও বৈদেশিক কর্মসংস্থান মন্ত্রণালয়ের সাথে সমঝোতা স্মারক করেছে জাপানের অনোডোরা ইউজার রান ইনকরপোরেটেড।বৃহস্পতিবার (১০ এপ্রিল) দুপুরে প্রবাসী কল্যাণ ও বৈদেশিক কর্মসংস্থান মন্ত্রণালয়ে এই সমঝোতা স্বারক হয়েছে।এতে প্রবাসী কল্যাণ ও বৈদেশিক কর্মসংস্থান মন্ত্রণালয়ের উপদেষ্টা ড. আসিফ নজরুল বলেছেন, এই সমঝোতা স্মারকের মাধ্যমে প্রবাসে দক্ষ কর্মীদের যাবার সুযোগ আরও সম্প্রসারিত হলো। এর মাধ্যমে প্রবাসে গমনেচ্ছুরা বিনামূল্যে জাপানী ভাষা ও কারিগরী বিষয়ে প্রশিক্ষণের সুয়োগ পাবে। এমনকি প্রতিষ্ঠানটি বিনা অভিবাসন ব্যয়ে জাপানে কর্মসংস্থানের ব্যবস্থা করবে।",-1,-1,-1,-1,0,0,0,0,0,1
"জাপান জনশক্তি রপ্তানি হলে ভালো হবে, সাথে কোরিয়া ও।",banglatoco,"জনশক্তি রফতানি: জাপানি প্রতিষ্ঠানের সাথে সরকারের সমঝোতা স্মারক স্বাক্ষর জাপানে দক্ষ জনশক্তি রফতানির লক্ষ্যে প্রবাসী কল্যাণ ও বৈদেশিক কর্মসংস্থান মন্ত্রণালয়ের সাথে সমঝোতা স্মারক করেছে জাপানের অনোডোরা ইউজার রান ইনকরপোরেটেড।বৃহস্পতিবার (১০ এপ্রিল) দুপুরে প্রবাসী কল্যাণ ও বৈদেশিক কর্মসংস্থান মন্ত্রণালয়ে এই সমঝোতা স্বারক হয়েছে।এতে প্রবাসী কল্যাণ ও বৈদেশিক কর্মসংস্থান মন্ত্রণালয়ের উপদেষ্টা ড. আসিফ নজরুল বলেছেন, এই সমঝোতা স্মারকের মাধ্যমে প্রবাসে দক্ষ কর্মীদের যাবার সুযোগ আরও সম্প্রসারিত হলো। এর মাধ্যমে প্রবাসে গমনেচ্ছুরা বিনামূল্যে জাপানী ভাষা ও কারিগরী বিষয়ে প্রশিক্ষণের সুয়োগ পাবে। এমনকি প্রতিষ্ঠানটি বিনা অভিবাসন ব্যয়ে জাপানে কর্মসংস্থানের ব্যবস্থা করবে।",-1,-1,-1,-1,0,0,0,0,0,1
"মানুষ রে বিদেশ পাঠানো কাজের জন্য , বিনিময়ে বৈদেশিক মুদ্রা অর্জন। এটাকেই জনশক্তি রপ্তানি বুঝায়৷",banglatoco,"জনশক্তি রফতানি: জাপানি প্রতিষ্ঠানের সাথে সরকারের সমঝোতা স্মারক স্বাক্ষর জাপানে দক্ষ জনশক্তি রফতানির লক্ষ্যে প্রবাসী কল্যাণ ও বৈদেশিক কর্মসংস্থান মন্ত্রণালয়ের সাথে সমঝোতা স্মারক করেছে জাপানের অনোডোরা ইউজার রান ইনকরপোরেটেড।বৃহস্পতিবার (১০ এপ্রিল) দুপুরে প্রবাসী কল্যাণ ও বৈদেশিক কর্মসংস্থান মন্ত্রণালয়ে এই সমঝোতা স্বারক হয়েছে।এতে প্রবাসী কল্যাণ ও বৈদেশিক কর্মসংস্থান মন্ত্রণালয়ের উপদেষ্টা ড. আসিফ নজরুল বলেছেন, এই সমঝোতা স্মারকের মাধ্যমে প্রবাসে দক্ষ কর্মীদের যাবার সুযোগ আরও সম্প্রসারিত হলো। এর মাধ্যমে প্রবাসে গমনেচ্ছুরা বিনামূল্যে জাপানী ভাষা ও কারিগরী বিষয়ে প্রশিক্ষণের সুয়োগ পাবে। এমনকি প্রতিষ্ঠানটি বিনা অভিবাসন ব্যয়ে জাপানে কর্মসংস্থানের ব্যবস্থা করবে। জন শক্তি কি অস্ত্র কিনা?",-1,-1,-1,-1,0,0,0,0,0,1
সরকারের সু- নজরের অভাবে কোরিয়ার বিশাল শ্রম বাজার আমরা হারাতে বসেছি। তার জন্য ব্যবস্থা নেয়ার জন্য সরকারের দৃষ্টি আকর্ষণ করছি.,banglatoco,"জনশক্তি রফতানি: জাপানি প্রতিষ্ঠানের সাথে সরকারের সমঝোতা স্মারক স্বাক্ষর জাপানে দক্ষ জনশক্তি রফতানির লক্ষ্যে প্রবাসী কল্যাণ ও বৈদেশিক কর্মসংস্থান মন্ত্রণালয়ের সাথে সমঝোতা স্মারক করেছে জাপানের অনোডোরা ইউজার রান ইনকরপোরেটেড।বৃহস্পতিবার (১০ এপ্রিল) দুপুরে প্রবাসী কল্যাণ ও বৈদেশিক কর্মসংস্থান মন্ত্রণালয়ে এই সমঝোতা স্বারক হয়েছে।এতে প্রবাসী কল্যাণ ও বৈদেশিক কর্মসংস্থান মন্ত্রণালয়ের উপদেষ্টা ড. আসিফ নজরুল বলেছেন, এই সমঝোতা স্মারকের মাধ্যমে প্রবাসে দক্ষ কর্মীদের যাবার সুযোগ আরও সম্প্রসারিত হলো। এর মাধ্যমে প্রবাসে গমনেচ্ছুরা বিনামূল্যে জাপানী ভাষা ও কারিগরী বিষয়ে প্রশিক্ষণের সুয়োগ পাবে। এমনকি প্রতিষ্ঠানটি বিনা অভিবাসন ব্যয়ে জাপানে কর্মসংস্থানের ব্যবস্থা করবে।",-1,-1,-1,-1,0,0,0,0,0,1
"জনশক্তি রপ্তানির ক্ষেত্রে যথাযথ প্রশিক্ষণ অত্যন্ত জরুরি। সেই সাথে শারীরিক এবং মানসিকভাবেও শক্তিশালী হতে হবে।শারীরিক এবং মানসিকভাবে দূর্বল চিত্তের মানুষজন দেশের খুব ক্ষতি করে, রেপুটেশন নষ্ট করে।",banglatoco,"জনশক্তি রফতানি: জাপানি প্রতিষ্ঠানের সাথে সরকারের সমঝোতা স্মারক স্বাক্ষর জাপানে দক্ষ জনশক্তি রফতানির লক্ষ্যে প্রবাসী কল্যাণ ও বৈদেশিক কর্মসংস্থান মন্ত্রণালয়ের সাথে সমঝোতা স্মারক করেছে জাপানের অনোডোরা ইউজার রান ইনকরপোরেটেড।বৃহস্পতিবার (১০ এপ্রিল) দুপুরে প্রবাসী কল্যাণ ও বৈদেশিক কর্মসংস্থান মন্ত্রণালয়ে এই সমঝোতা স্বারক হয়েছে।এতে প্রবাসী কল্যাণ ও বৈদেশিক কর্মসংস্থান মন্ত্রণালয়ের উপদেষ্টা ড. আসিফ নজরুল বলেছেন, এই সমঝোতা স্মারকের মাধ্যমে প্রবাসে দক্ষ কর্মীদের যাবার সুযোগ আরও সম্প্রসারিত হলো। এর মাধ্যমে প্রবাসে গমনেচ্ছুরা বিনামূল্যে জাপানী ভাষা ও কারিগরী বিষয়ে প্রশিক্ষণের সুয়োগ পাবে। এমনকি প্রতিষ্ঠানটি বিনা অভিবাসন ব্যয়ে জাপানে কর্মসংস্থানের ব্যবস্থা করবে।",-1,-1,-1,-1,0,0,0,0,0,1
ডঃ মুহাম্মদ ইউনুস দেশের স্বার্থে যতটুকু উন্নয়ন কাজ করতেছে এখন আগামী দিনে যে কোন রাজনৈতিক দল ক্ষমতায় আসলে পাঁচ বছরে পাঁচ পার্সেন্ট কাজও করতে পারবে না তারা।,banglatoco,"জনশক্তি রফতানি: জাপানি প্রতিষ্ঠানের সাথে সরকারের সমঝোতা স্মারক স্বাক্ষর জাপানে দক্ষ জনশক্তি রফতানির লক্ষ্যে প্রবাসী কল্যাণ ও বৈদেশিক কর্মসংস্থান মন্ত্রণালয়ের সাথে সমঝোতা স্মারক করেছে জাপানের অনোডোরা ইউজার রান ইনকরপোরেটেড।বৃহস্পতিবার (১০ এপ্রিল) দুপুরে প্রবাসী কল্যাণ ও বৈদেশিক কর্মসংস্থান মন্ত্রণালয়ে এই সমঝোতা স্বারক হয়েছে।এতে প্রবাসী কল্যাণ ও বৈদেশিক কর্মসংস্থান মন্ত্রণালয়ের উপদেষ্টা ড. আসিফ নজরুল বলেছেন, এই সমঝোতা স্মারকের মাধ্যমে প্রবাসে দক্ষ কর্মীদের যাবার সুযোগ আরও সম্প্রসারিত হলো। এর মাধ্যমে প্রবাসে গমনেচ্ছুরা বিনামূল্যে জাপানী ভাষা ও কারিগরী বিষয়ে প্রশিক্ষণের সুয়োগ পাবে। এমনকি প্রতিষ্ঠানটি বিনা অভিবাসন ব্যয়ে জাপানে কর্মসংস্থানের ব্যবস্থা করবে।",-1,-1,-1,-1,0,0,0,0,0,1
শুধু জাপান নয় দক্ষিণ কোরিয়া যাবার জন্য যারা রোস্টার আছে তাদের পাঠানোর ব্যাবস্থা করা হোক,banglatoco,"জনশক্তি রফতানি: জাপানি প্রতিষ্ঠানের সাথে সরকারের সমঝোতা স্মারক স্বাক্ষর জাপানে দক্ষ জনশক্তি রফতানির লক্ষ্যে প্রবাসী কল্যাণ ও বৈদেশিক কর্মসংস্থান মন্ত্রণালয়ের সাথে সমঝোতা স্মারক করেছে জাপানের অনোডোরা ইউজার রান ইনকরপোরেটেড।বৃহস্পতিবার (১০ এপ্রিল) দুপুরে প্রবাসী কল্যাণ ও বৈদেশিক কর্মসংস্থান মন্ত্রণালয়ে এই সমঝোতা স্বারক হয়েছে।এতে প্রবাসী কল্যাণ ও বৈদেশিক কর্মসংস্থান মন্ত্রণালয়ের উপদেষ্টা ড. আসিফ নজরুল বলেছেন, এই সমঝোতা স্মারকের মাধ্যমে প্রবাসে দক্ষ কর্মীদের যাবার সুযোগ আরও সম্প্রসারিত হলো। এর মাধ্যমে প্রবাসে গমনেচ্ছুরা বিনামূল্যে জাপানী ভাষা ও কারিগরী বিষয়ে প্রশিক্ষণের সুয়োগ পাবে। এমনকি প্রতিষ্ঠানটি বিনা অভিবাসন ব্যয়ে জাপানে কর্মসংস্থানের ব্যবস্থা করবে।",-1,-1,-1,-1,0,0,0,0,0,1
"ভালোবাসা রইলো,,, ইউনুস স্যারের প্রতি",banglatoco,"জনশক্তি রফতানি: জাপানি প্রতিষ্ঠানের সাথে সরকারের সমঝোতা স্মারক স্বাক্ষর জাপানে দক্ষ জনশক্তি রফতানির লক্ষ্যে প্রবাসী কল্যাণ ও বৈদেশিক কর্মসংস্থান মন্ত্রণালয়ের সাথে সমঝোতা স্মারক করেছে জাপানের অনোডোরা ইউজার রান ইনকরপোরেটেড।বৃহস্পতিবার (১০ এপ্রিল) দুপুরে প্রবাসী কল্যাণ ও বৈদেশিক কর্মসংস্থান মন্ত্রণালয়ে এই সমঝোতা স্বারক হয়েছে।এতে প্রবাসী কল্যাণ ও বৈদেশিক কর্মসংস্থান মন্ত্রণালয়ের উপদেষ্টা ড. আসিফ নজরুল বলেছেন, এই সমঝোতা স্মারকের মাধ্যমে প্রবাসে দক্ষ কর্মীদের যাবার সুযোগ আরও সম্প্রসারিত হলো। এর মাধ্যমে প্রবাসে গমনেচ্ছুরা বিনামূল্যে জাপানী ভাষা ও কারিগরী বিষয়ে প্রশিক্ষণের সুয়োগ পাবে। এমনকি প্রতিষ্ঠানটি বিনা অভিবাসন ব্যয়ে জাপানে কর্মসংস্থানের ব্যবস্থা করবে।",-1,-1,-1,-1,0,0,0,0,0,1
শুভকামনা শুভকামনা রইলো,banglatoco,"জনশক্তি রফতানি: জাপানি প্রতিষ্ঠানের সাথে সরকারের সমঝোতা স্মারক স্বাক্ষর জাপানে দক্ষ জনশক্তি রফতানির লক্ষ্যে প্রবাসী কল্যাণ ও বৈদেশিক কর্মসংস্থান মন্ত্রণালয়ের সাথে সমঝোতা স্মারক করেছে জাপানের অনোডোরা ইউজার রান ইনকরপোরেটেড।বৃহস্পতিবার (১০ এপ্রিল) দুপুরে প্রবাসী কল্যাণ ও বৈদেশিক কর্মসংস্থান মন্ত্রণালয়ে এই সমঝোতা স্বারক হয়েছে।এতে প্রবাসী কল্যাণ ও বৈদেশিক কর্মসংস্থান মন্ত্রণালয়ের উপদেষ্টা ড. আসিফ নজরুল বলেছেন, এই সমঝোতা স্মারকের মাধ্যমে প্রবাসে দক্ষ কর্মীদের যাবার সুযোগ আরও সম্প্রসারিত হলো। এর মাধ্যমে প্রবাসে গমনেচ্ছুরা বিনামূল্যে জাপানী ভাষা ও কারিগরী বিষয়ে প্রশিক্ষণের সুয়োগ পাবে। এমনকি প্রতিষ্ঠানটি বিনা অভিবাসন ব্যয়ে জাপানে কর্মসংস্থানের ব্যবস্থা করবে।",-1,-1,-1,-1,0,0,0,0,0,1
"ডঃ ইউনুস থাকলে দেশ এগিয়ে যাবে, ইনশাআল্লাহ।",banglatoco,"জনশক্তি রফতানি: জাপানি প্রতিষ্ঠানের সাথে সরকারের সমঝোতা স্মারক স্বাক্ষর জাপানে দক্ষ জনশক্তি রফতানির লক্ষ্যে প্রবাসী কল্যাণ ও বৈদেশিক কর্মসংস্থান মন্ত্রণালয়ের সাথে সমঝোতা স্মারক করেছে জাপানের অনোডোরা ইউজার রান ইনকরপোরেটেড।বৃহস্পতিবার (১০ এপ্রিল) দুপুরে প্রবাসী কল্যাণ ও বৈদেশিক কর্মসংস্থান মন্ত্রণালয়ে এই সমঝোতা স্বারক হয়েছে।এতে প্রবাসী কল্যাণ ও বৈদেশিক কর্মসংস্থান মন্ত্রণালয়ের উপদেষ্টা ড. আসিফ নজরুল বলেছেন, এই সমঝোতা স্মারকের মাধ্যমে প্রবাসে দক্ষ কর্মীদের যাবার সুযোগ আরও সম্প্রসারিত হলো। এর মাধ্যমে প্রবাসে গমনেচ্ছুরা বিনামূল্যে জাপানী ভাষা ও কারিগরী বিষয়ে প্রশিক্ষণের সুয়োগ পাবে। এমনকি প্রতিষ্ঠানটি বিনা অভিবাসন ব্যয়ে জাপানে কর্মসংস্থানের ব্যবস্থা করবে।",-1,-1,-1,-1,0,0,0,0,0,1
এভাবেই এগিয়ে যাক সকল কার্যকম,banglatoco,"জনশক্তি রফতানি: জাপানি প্রতিষ্ঠানের সাথে সরকারের সমঝোতা স্মারক স্বাক্ষর জাপানে দক্ষ জনশক্তি রফতানির লক্ষ্যে প্রবাসী কল্যাণ ও বৈদেশিক কর্মসংস্থান মন্ত্রণালয়ের সাথে সমঝোতা স্মারক করেছে জাপানের অনোডোরা ইউজার রান ইনকরপোরেটেড।বৃহস্পতিবার (১০ এপ্রিল) দুপুরে প্রবাসী কল্যাণ ও বৈদেশিক কর্মসংস্থান মন্ত্রণালয়ে এই সমঝোতা স্বারক হয়েছে।এতে প্রবাসী কল্যাণ ও বৈদেশিক কর্মসংস্থান মন্ত্রণালয়ের উপদেষ্টা ড. আসিফ নজরুল বলেছেন, এই সমঝোতা স্মারকের মাধ্যমে প্রবাসে দক্ষ কর্মীদের যাবার সুযোগ আরও সম্প্রসারিত হলো। এর মাধ্যমে প্রবাসে গমনেচ্ছুরা বিনামূল্যে জাপানী ভাষা ও কারিগরী বিষয়ে প্রশিক্ষণের সুয়োগ পাবে। এমনকি প্রতিষ্ঠানটি বিনা অভিবাসন ব্যয়ে জাপানে কর্মসংস্থানের ব্যবস্থা করবে।",-1,-1,-1,-1,0,0,0,0,0,1
ডাঃ ইউনুস এর কারণে সব কিছু করা সহজ হচ্ছে ধন্যবাদ প্রধান উপদেষ্টা,banglatoco,"জনশক্তি রফতানি: জাপানি প্রতিষ্ঠানের সাথে সরকারের সমঝোতা স্মারক স্বাক্ষর জাপানে দক্ষ জনশক্তি রফতানির লক্ষ্যে প্রবাসী কল্যাণ ও বৈদেশিক কর্মসংস্থান মন্ত্রণালয়ের সাথে সমঝোতা স্মারক করেছে জাপানের অনোডোরা ইউজার রান ইনকরপোরেটেড।বৃহস্পতিবার (১০ এপ্রিল) দুপুরে প্রবাসী কল্যাণ ও বৈদেশিক কর্মসংস্থান মন্ত্রণালয়ে এই সমঝোতা স্বারক হয়েছে।এতে প্রবাসী কল্যাণ ও বৈদেশিক কর্মসংস্থান মন্ত্রণালয়ের উপদেষ্টা ড. আসিফ নজরুল বলেছেন, এই সমঝোতা স্মারকের মাধ্যমে প্রবাসে দক্ষ কর্মীদের যাবার সুযোগ আরও সম্প্রসারিত হলো। এর মাধ্যমে প্রবাসে গমনেচ্ছুরা বিনামূল্যে জাপানী ভাষা ও কারিগরী বিষয়ে প্রশিক্ষণের সুয়োগ পাবে। এমনকি প্রতিষ্ঠানটি বিনা অভিবাসন ব্যয়ে জাপানে কর্মসংস্থানের ব্যবস্থা করবে।",-1,-1,-1,-1,0,0,0,0,0,1
জনশক্তি মন্ত্রনালয়ের সংস্কার গুরুত্বপূর্ণ।,banglatoco,"জনশক্তি রফতানি: জাপানি প্রতিষ্ঠানের সাথে সরকারের সমঝোতা স্মারক স্বাক্ষর জাপানে দক্ষ জনশক্তি রফতানির লক্ষ্যে প্রবাসী কল্যাণ ও বৈদেশিক কর্মসংস্থান মন্ত্রণালয়ের সাথে সমঝোতা স্মারক করেছে জাপানের অনোডোরা ইউজার রান ইনকরপোরেটেড।বৃহস্পতিবার (১০ এপ্রিল) দুপুরে প্রবাসী কল্যাণ ও বৈদেশিক কর্মসংস্থান মন্ত্রণালয়ে এই সমঝোতা স্বারক হয়েছে।এতে প্রবাসী কল্যাণ ও বৈদেশিক কর্মসংস্থান মন্ত্রণালয়ের উপদেষ্টা ড. আসিফ নজরুল বলেছেন, এই সমঝোতা স্মারকের মাধ্যমে প্রবাসে দক্ষ কর্মীদের যাবার সুযোগ আরও সম্প্রসারিত হলো। এর মাধ্যমে প্রবাসে গমনেচ্ছুরা বিনামূল্যে জাপানী ভাষা ও কারিগরী বিষয়ে প্রশিক্ষণের সুয়োগ পাবে। এমনকি প্রতিষ্ঠানটি বিনা অভিবাসন ব্যয়ে জাপানে কর্মসংস্থানের ব্যবস্থা করবে।",-1,-1,-1,-1,0,0,0,0,0,1
নির্বাচন দিয়ে কি লাভ যোগ্য মানুষ দেশ চালাচ্ছে আল্লাহ তাকে নেক হায়াত দান করুক,banglatoco,"জনশক্তি রফতানি: জাপানি প্রতিষ্ঠানের সাথে সরকারের সমঝোতা স্মারক স্বাক্ষর জাপানে দক্ষ জনশক্তি রফতানির লক্ষ্যে প্রবাসী কল্যাণ ও বৈদেশিক কর্মসংস্থান মন্ত্রণালয়ের সাথে সমঝোতা স্মারক করেছে জাপানের অনোডোরা ইউজার রান ইনকরপোরেটেড।বৃহস্পতিবার (১০ এপ্রিল) দুপুরে প্রবাসী কল্যাণ ও বৈদেশিক কর্মসংস্থান মন্ত্রণালয়ে এই সমঝোতা স্বারক হয়েছে।এতে প্রবাসী কল্যাণ ও বৈদেশিক কর্মসংস্থান মন্ত্রণালয়ের উপদেষ্টা ড. আসিফ নজরুল বলেছেন, এই সমঝোতা স্মারকের মাধ্যমে প্রবাসে দক্ষ কর্মীদের যাবার সুযোগ আরও সম্প্রসারিত হলো। এর মাধ্যমে প্রবাসে গমনেচ্ছুরা বিনামূল্যে জাপানী ভাষা ও কারিগরী বিষয়ে প্রশিক্ষণের সুয়োগ পাবে। এমনকি প্রতিষ্ঠানটি বিনা অভিবাসন ব্যয়ে জাপানে কর্মসংস্থানের ব্যবস্থা করবে।",-1,-1,-1,-1,0,0,0,0,0,1
অনেক অনেক শুভেচ্ছা আর শুভকামনা,banglatoco,"জনশক্তি রফতানি: জাপানি প্রতিষ্ঠানের সাথে সরকারের সমঝোতা স্মারক স্বাক্ষর জাপানে দক্ষ জনশক্তি রফতানির লক্ষ্যে প্রবাসী কল্যাণ ও বৈদেশিক কর্মসংস্থান মন্ত্রণালয়ের সাথে সমঝোতা স্মারক করেছে জাপানের অনোডোরা ইউজার রান ইনকরপোরেটেড।বৃহস্পতিবার (১০ এপ্রিল) দুপুরে প্রবাসী কল্যাণ ও বৈদেশিক কর্মসংস্থান মন্ত্রণালয়ে এই সমঝোতা স্বারক হয়েছে।এতে প্রবাসী কল্যাণ ও বৈদেশিক কর্মসংস্থান মন্ত্রণালয়ের উপদেষ্টা ড. আসিফ নজরুল বলেছেন, এই সমঝোতা স্মারকের মাধ্যমে প্রবাসে দক্ষ কর্মীদের যাবার সুযোগ আরও সম্প্রসারিত হলো। এর মাধ্যমে প্রবাসে গমনেচ্ছুরা বিনামূল্যে জাপানী ভাষা ও কারিগরী বিষয়ে প্রশিক্ষণের সুয়োগ পাবে। এমনকি প্রতিষ্ঠানটি বিনা অভিবাসন ব্যয়ে জাপানে কর্মসংস্থানের ব্যবস্থা করবে।",-1,-1,-1,-1,0,0,0,0,0,1
ইনশাআল্লাহ এক ট্রানজি বন্ধ হবে ৫ ট্রানজিট খোলা হবে 🤲🤲🤲,banglatoco,"জনশক্তি রফতানি: জাপানি প্রতিষ্ঠানের সাথে সরকারের সমঝোতা স্মারক স্বাক্ষর জাপানে দক্ষ জনশক্তি রফতানির লক্ষ্যে প্রবাসী কল্যাণ ও বৈদেশিক কর্মসংস্থান মন্ত্রণালয়ের সাথে সমঝোতা স্মারক করেছে জাপানের অনোডোরা ইউজার রান ইনকরপোরেটেড।বৃহস্পতিবার (১০ এপ্রিল) দুপুরে প্রবাসী কল্যাণ ও বৈদেশিক কর্মসংস্থান মন্ত্রণালয়ে এই সমঝোতা স্বারক হয়েছে।এতে প্রবাসী কল্যাণ ও বৈদেশিক কর্মসংস্থান মন্ত্রণালয়ের উপদেষ্টা ড. আসিফ নজরুল বলেছেন, এই সমঝোতা স্মারকের মাধ্যমে প্রবাসে দক্ষ কর্মীদের যাবার সুযোগ আরও সম্প্রসারিত হলো। এর মাধ্যমে প্রবাসে গমনেচ্ছুরা বিনামূল্যে জাপানী ভাষা ও কারিগরী বিষয়ে প্রশিক্ষণের সুয়োগ পাবে। এমনকি প্রতিষ্ঠানটি বিনা অভিবাসন ব্যয়ে জাপানে কর্মসংস্থানের ব্যবস্থা করবে।",-1,-1,-1,-1,0,0,0,0,0,1
"এসব না বলে, সরাসরি কামলা বললেই হয়।",banglatoco,"জনশক্তি রফতানি: জাপানি প্রতিষ্ঠানের সাথে সরকারের সমঝোতা স্মারক স্বাক্ষর জাপানে দক্ষ জনশক্তি রফতানির লক্ষ্যে প্রবাসী কল্যাণ ও বৈদেশিক কর্মসংস্থান মন্ত্রণালয়ের সাথে সমঝোতা স্মারক করেছে জাপানের অনোডোরা ইউজার রান ইনকরপোরেটেড।বৃহস্পতিবার (১০ এপ্রিল) দুপুরে প্রবাসী কল্যাণ ও বৈদেশিক কর্মসংস্থান মন্ত্রণালয়ে এই সমঝোতা স্বারক হয়েছে।এতে প্রবাসী কল্যাণ ও বৈদেশিক কর্মসংস্থান মন্ত্রণালয়ের উপদেষ্টা ড. আসিফ নজরুল বলেছেন, এই সমঝোতা স্মারকের মাধ্যমে প্রবাসে দক্ষ কর্মীদের যাবার সুযোগ আরও সম্প্রসারিত হলো। এর মাধ্যমে প্রবাসে গমনেচ্ছুরা বিনামূল্যে জাপানী ভাষা ও কারিগরী বিষয়ে প্রশিক্ষণের সুয়োগ পাবে। এমনকি প্রতিষ্ঠানটি বিনা অভিবাসন ব্যয়ে জাপানে কর্মসংস্থানের ব্যবস্থা করবে।",-1,-1,-1,-1,1,0,0,0,0,1
স্যালুট ইউনুস সরকার,banglatoco,"জনশক্তি রফতানি: জাপানি প্রতিষ্ঠানের সাথে সরকারের সমঝোতা স্মারক স্বাক্ষর জাপানে দক্ষ জনশক্তি রফতানির লক্ষ্যে প্রবাসী কল্যাণ ও বৈদেশিক কর্মসংস্থান মন্ত্রণালয়ের সাথে সমঝোতা স্মারক করেছে জাপানের অনোডোরা ইউজার রান ইনকরপোরেটেড।বৃহস্পতিবার (১০ এপ্রিল) দুপুরে প্রবাসী কল্যাণ ও বৈদেশিক কর্মসংস্থান মন্ত্রণালয়ে এই সমঝোতা স্বারক হয়েছে।এতে প্রবাসী কল্যাণ ও বৈদেশিক কর্মসংস্থান মন্ত্রণালয়ের উপদেষ্টা ড. আসিফ নজরুল বলেছেন, এই সমঝোতা স্মারকের মাধ্যমে প্রবাসে দক্ষ কর্মীদের যাবার সুযোগ আরও সম্প্রসারিত হলো। এর মাধ্যমে প্রবাসে গমনেচ্ছুরা বিনামূল্যে জাপানী ভাষা ও কারিগরী বিষয়ে প্রশিক্ষণের সুয়োগ পাবে। এমনকি প্রতিষ্ঠানটি বিনা অভিবাসন ব্যয়ে জাপানে কর্মসংস্থানের ব্যবস্থা করবে।",-1,-1,-1,-1,0,0,0,0,0,1
ফায়ার সার্ভিস খবর দেন...🙃,banglatoco,"বৈশাখের আগে ইলিশের বাজারে আগুন বৈশাখের আগে ইলিশের দামে আগুন। বেশিরভাগই হিমাগার কিংবা সাগরের মাছ। তারপরও, বড় আকারের মাছের দর ইচ্ছেমতো হাঁকছেন ব্যবসায়ীরা। তাদের দাবি, শখ করে ইলিশ কিনছেন উচ্চবিত্তরা। এর বাইরে সবাই দাম জিজ্ঞেস করেই দায়সারা।জানা গেলো, এসব ইলিশের আকার ১ কেজি ছাড়ালেই দাম ২ হাজার টাকার বেশি। ৮০০-৯০০ গ্রামের সাইজ মিলবে ১৭০০ টাকায়। বিক্রেতারা এসব মাছকে নদীর টাটকা ইলিশ বললেও, মূল উৎস হিমাগার কিংবা সমুদ্র।",-1,-1,-1,-1,1,0,0,0,0,1
"ভারত, আমিরাত ও সৌদি আরবে ইলিশ রপ্তানি বেশি করে ফেলেছে মনে হয়",banglatoco,"বৈশাখের আগে ইলিশের বাজারে আগুন বৈশাখের আগে ইলিশের দামে আগুন। বেশিরভাগই হিমাগার কিংবা সাগরের মাছ। তারপরও, বড় আকারের মাছের দর ইচ্ছেমতো হাঁকছেন ব্যবসায়ীরা। তাদের দাবি, শখ করে ইলিশ কিনছেন উচ্চবিত্তরা। এর বাইরে সবাই দাম জিজ্ঞেস করেই দায়সারা।জানা গেলো, এসব ইলিশের আকার ১ কেজি ছাড়ালেই দাম ২ হাজার টাকার বেশি। ৮০০-৯০০ গ্রামের সাইজ মিলবে ১৭০০ টাকায়। বিক্রেতারা এসব মাছকে নদীর টাটকা ইলিশ বললেও, মূল উৎস হিমাগার কিংবা সমুদ্র।",-1,-1,-1,-1,0,0,0,0,0,1
"আগে খুব কমে পাইছেন মনে হচ্ছে আগে তো ইলিশ মাছ বাজারে খুব কম পাওয়া যেত আর যদিও মানুষ ভালো ইলিশ মাছ পেতো
দাম ছিল অনেক",banglatoco,"বৈশাখের আগে ইলিশের বাজারে আগুন বৈশাখের আগে ইলিশের দামে আগুন। বেশিরভাগই হিমাগার কিংবা সাগরের মাছ। তারপরও, বড় আকারের মাছের দর ইচ্ছেমতো হাঁকছেন ব্যবসায়ীরা। তাদের দাবি, শখ করে ইলিশ কিনছেন উচ্চবিত্তরা। এর বাইরে সবাই দাম জিজ্ঞেস করেই দায়সারা।জানা গেলো, এসব ইলিশের আকার ১ কেজি ছাড়ালেই দাম ২ হাজার টাকার বেশি। ৮০০-৯০০ গ্রামের সাইজ মিলবে ১৭০০ টাকায়। বিক্রেতারা এসব মাছকে নদীর টাটকা ইলিশ বললেও, মূল উৎস হিমাগার কিংবা সমুদ্র।",-1,-1,-1,-1,0,0,0,0,0,1
এই ছাতার মাছ দেখলেও গা জ্বলে দেশি কৈ শিং আর বাইং এর ধারে খাছেও নাই এর স্বাধ,banglatoco,"বৈশাখের আগে ইলিশের বাজারে আগুন বৈশাখের আগে ইলিশের দামে আগুন। বেশিরভাগই হিমাগার কিংবা সাগরের মাছ। তারপরও, বড় আকারের মাছের দর ইচ্ছেমতো হাঁকছেন ব্যবসায়ীরা। তাদের দাবি, শখ করে ইলিশ কিনছেন উচ্চবিত্তরা। এর বাইরে সবাই দাম জিজ্ঞেস করেই দায়সারা।জানা গেলো, এসব ইলিশের আকার ১ কেজি ছাড়ালেই দাম ২ হাজার টাকার বেশি। ৮০০-৯০০ গ্রামের সাইজ মিলবে ১৭০০ টাকায়। বিক্রেতারা এসব মাছকে নদীর টাটকা ইলিশ বললেও, মূল উৎস হিমাগার কিংবা সমুদ্র।",-1,-1,-1,-1,1,0,0,0,0,1
"এই সরকার চূড়ান্ত ব্যার্থ। মিডিয়াতে মিথ্যা প্রোপাগাণ্ডা ছড়ায় এরা ফালতু জনপ্রিয়তার চেষ্টা করে যাচ্ছে। দেশে আইনের শাসন নাই। সবকিছুর দাম বেশি, মানুষের জীবনযাত্রার মান তলানিতে। ফেইসবুকে ১০-১৫ জন সবজায়গায় কমেন্ট পোস্ট করে যাচ্ছে, ""ইউনূস সরকার থাকুক এটা সব জনগণ চায়। এই সরকার ৫ বছর থাকলে দেশ ১০০ বছর এগিয়ে যাবে!""তোর হ্যাডা আগাবে দেশ। এটা শুধু তুই চাস, তুই চাওয়ার মানে এই না যে জনগণ চায়, শালা বাইঞ্চোদ। যত দ্রুত সম্ভব নির্বাচন দিতেই হবে।",banglatoco,"বৈশাখের আগে ইলিশের বাজারে আগুন বৈশাখের আগে ইলিশের দামে আগুন। বেশিরভাগই হিমাগার কিংবা সাগরের মাছ। তারপরও, বড় আকারের মাছের দর ইচ্ছেমতো হাঁকছেন ব্যবসায়ীরা। তাদের দাবি, শখ করে ইলিশ কিনছেন উচ্চবিত্তরা। এর বাইরে সবাই দাম জিজ্ঞেস করেই দায়সারা।জানা গেলো, এসব ইলিশের আকার ১ কেজি ছাড়ালেই দাম ২ হাজার টাকার বেশি। ৮০০-৯০০ গ্রামের সাইজ মিলবে ১৭০০ টাকায়। বিক্রেতারা এসব মাছকে নদীর টাটকা ইলিশ বললেও, মূল উৎস হিমাগার কিংবা সমুদ্র।",-1,-1,-1,-1,1,0,0,0,0,1
আগুন কে পানিতে রাখুন উপরে আনবেন না দয়া করে,banglatoco,"বৈশাখের আগে ইলিশের বাজারে আগুন বৈশাখের আগে ইলিশের দামে আগুন। বেশিরভাগই হিমাগার কিংবা সাগরের মাছ। তারপরও, বড় আকারের মাছের দর ইচ্ছেমতো হাঁকছেন ব্যবসায়ীরা। তাদের দাবি, শখ করে ইলিশ কিনছেন উচ্চবিত্তরা। এর বাইরে সবাই দাম জিজ্ঞেস করেই দায়সারা।জানা গেলো, এসব ইলিশের আকার ১ কেজি ছাড়ালেই দাম ২ হাজার টাকার বেশি। ৮০০-৯০০ গ্রামের সাইজ মিলবে ১৭০০ টাকায়। বিক্রেতারা এসব মাছকে নদীর টাটকা ইলিশ বললেও, মূল উৎস হিমাগার কিংবা সমুদ্র।",-1,-1,-1,-1,0,0,0,0,0,1
"বাঙালী হলো একটা কৃমির জাতি, বৈশাখে এই বালের ইলিশ মাছ না খেলে কি হয়। পোদে নাই তেনা মিঠা দিয়ে ভাত খাওয়ার অবস্থা হইসে",banglatoco,"বৈশাখের আগে ইলিশের বাজারে আগুন বৈশাখের আগে ইলিশের দামে আগুন। বেশিরভাগই হিমাগার কিংবা সাগরের মাছ। তারপরও, বড় আকারের মাছের দর ইচ্ছেমতো হাঁকছেন ব্যবসায়ীরা। তাদের দাবি, শখ করে ইলিশ কিনছেন উচ্চবিত্তরা। এর বাইরে সবাই দাম জিজ্ঞেস করেই দায়সারা।জানা গেলো, এসব ইলিশের আকার ১ কেজি ছাড়ালেই দাম ২ হাজার টাকার বেশি। ৮০০-৯০০ গ্রামের সাইজ মিলবে ১৭০০ টাকায়। বিক্রেতারা এসব মাছকে নদীর টাটকা ইলিশ বললেও, মূল উৎস হিমাগার কিংবা সমুদ্র।",-1,-1,-1,-1,1,0,0,0,0,1
"এত দাম খাবেন না, তাহলেই দাম কমে যাবে ।",banglatoco,"বৈশাখের আগে ইলিশের বাজারে আগুন বৈশাখের আগে ইলিশের দামে আগুন। বেশিরভাগই হিমাগার কিংবা সাগরের মাছ। তারপরও, বড় আকারের মাছের দর ইচ্ছেমতো হাঁকছেন ব্যবসায়ীরা। তাদের দাবি, শখ করে ইলিশ কিনছেন উচ্চবিত্তরা। এর বাইরে সবাই দাম জিজ্ঞেস করেই দায়সারা।জানা গেলো, এসব ইলিশের আকার ১ কেজি ছাড়ালেই দাম ২ হাজার টাকার বেশি। ৮০০-৯০০ গ্রামের সাইজ মিলবে ১৭০০ টাকায়। বিক্রেতারা এসব মাছকে নদীর টাটকা ইলিশ বললেও, মূল উৎস হিমাগার কিংবা সমুদ্র।",-1,-1,-1,-1,0,0,0,0,0,1
"ওরে বাটপারি চলছে,,,!",banglatoco,"বৈশাখের আগে ইলিশের বাজারে আগুন বৈশাখের আগে ইলিশের দামে আগুন। বেশিরভাগই হিমাগার কিংবা সাগরের মাছ। তারপরও, বড় আকারের মাছের দর ইচ্ছেমতো হাঁকছেন ব্যবসায়ীরা। তাদের দাবি, শখ করে ইলিশ কিনছেন উচ্চবিত্তরা। এর বাইরে সবাই দাম জিজ্ঞেস করেই দায়সারা।জানা গেলো, এসব ইলিশের আকার ১ কেজি ছাড়ালেই দাম ২ হাজার টাকার বেশি। ৮০০-৯০০ গ্রামের সাইজ মিলবে ১৭০০ টাকায়। বিক্রেতারা এসব মাছকে নদীর টাটকা ইলিশ বললেও, মূল উৎস হিমাগার কিংবা সমুদ্র।",-1,-1,-1,-1,1,0,0,0,0,1
"যারা কম দামে খেতে চেয়েছিল,,তারা বাজার গিয়ে চেটে আসতে পারো",banglatoco,"বৈশাখের আগে ইলিশের বাজারে আগুন বৈশাখের আগে ইলিশের দামে আগুন। বেশিরভাগই হিমাগার কিংবা সাগরের মাছ। তারপরও, বড় আকারের মাছের দর ইচ্ছেমতো হাঁকছেন ব্যবসায়ীরা। তাদের দাবি, শখ করে ইলিশ কিনছেন উচ্চবিত্তরা। এর বাইরে সবাই দাম জিজ্ঞেস করেই দায়সারা।জানা গেলো, এসব ইলিশের আকার ১ কেজি ছাড়ালেই দাম ২ হাজার টাকার বেশি। ৮০০-৯০০ গ্রামের সাইজ মিলবে ১৭০০ টাকায়। বিক্রেতারা এসব মাছকে নদীর টাটকা ইলিশ বললেও, মূল উৎস হিমাগার কিংবা সমুদ্র।",-1,-1,-1,-1,1,0,0,0,0,1
সারাবছরই থাকে🙂,banglatoco,"বৈশাখের আগে ইলিশের বাজারে আগুন বৈশাখের আগে ইলিশের দামে আগুন। বেশিরভাগই হিমাগার কিংবা সাগরের মাছ। তারপরও, বড় আকারের মাছের দর ইচ্ছেমতো হাঁকছেন ব্যবসায়ীরা। তাদের দাবি, শখ করে ইলিশ কিনছেন উচ্চবিত্তরা। এর বাইরে সবাই দাম জিজ্ঞেস করেই দায়সারা।জানা গেলো, এসব ইলিশের আকার ১ কেজি ছাড়ালেই দাম ২ হাজার টাকার বেশি। ৮০০-৯০০ গ্রামের সাইজ মিলবে ১৭০০ টাকায়। বিক্রেতারা এসব মাছকে নদীর টাটকা ইলিশ বললেও, মূল উৎস হিমাগার কিংবা সমুদ্র।",-1,-1,-1,-1,0,0,0,0,0,1
আলু ছাড়া সবকিছুর দামই বেশি।।,banglatoco,"বৈশাখের আগে ইলিশের বাজারে আগুন বৈশাখের আগে ইলিশের দামে আগুন। বেশিরভাগই হিমাগার কিংবা সাগরের মাছ। তারপরও, বড় আকারের মাছের দর ইচ্ছেমতো হাঁকছেন ব্যবসায়ীরা। তাদের দাবি, শখ করে ইলিশ কিনছেন উচ্চবিত্তরা। এর বাইরে সবাই দাম জিজ্ঞেস করেই দায়সারা।জানা গেলো, এসব ইলিশের আকার ১ কেজি ছাড়ালেই দাম ২ হাজার টাকার বেশি। ৮০০-৯০০ গ্রামের সাইজ মিলবে ১৭০০ টাকায়। বিক্রেতারা এসব মাছকে নদীর টাটকা ইলিশ বললেও, মূল উৎস হিমাগার কিংবা সমুদ্র।",-1,-1,-1,-1,0,0,0,0,0,1
সব বিএনপি জামাতের ষড়যন্ত্র,banglatoco,"বৈশাখের আগে ইলিশের বাজারে আগুন বৈশাখের আগে ইলিশের দামে আগুন। বেশিরভাগই হিমাগার কিংবা সাগরের মাছ। তারপরও, বড় আকারের মাছের দর ইচ্ছেমতো হাঁকছেন ব্যবসায়ীরা। তাদের দাবি, শখ করে ইলিশ কিনছেন উচ্চবিত্তরা। এর বাইরে সবাই দাম জিজ্ঞেস করেই দায়সারা।জানা গেলো, এসব ইলিশের আকার ১ কেজি ছাড়ালেই দাম ২ হাজার টাকার বেশি। ৮০০-৯০০ গ্রামের সাইজ মিলবে ১৭০০ টাকায়। বিক্রেতারা এসব মাছকে নদীর টাটকা ইলিশ বললেও, মূল উৎস হিমাগার কিংবা সমুদ্র।",-1,-1,-1,-1,1,0,0,0,0,1
যে বা যারা এই আগুন ধরানোর সাথে জড়িত সবাইকে আইনের আওতায় আনা হোক,banglatoco,"বৈশাখের আগে ইলিশের বাজারে আগুন বৈশাখের আগে ইলিশের দামে আগুন। বেশিরভাগই হিমাগার কিংবা সাগরের মাছ। তারপরও, বড় আকারের মাছের দর ইচ্ছেমতো হাঁকছেন ব্যবসায়ীরা। তাদের দাবি, শখ করে ইলিশ কিনছেন উচ্চবিত্তরা। এর বাইরে সবাই দাম জিজ্ঞেস করেই দায়সারা।জানা গেলো, এসব ইলিশের আকার ১ কেজি ছাড়ালেই দাম ২ হাজার টাকার বেশি। ৮০০-৯০০ গ্রামের সাইজ মিলবে ১৭০০ টাকায়। বিক্রেতারা এসব মাছকে নদীর টাটকা ইলিশ বললেও, মূল উৎস হিমাগার কিংবা সমুদ্র।",-1,-1,-1,-1,0,0,0,0,0,1
বড় ইলিশ আজকের বাজার ২৬০০ টাকা কেজি শ্রীপুর সকালের বাজার,banglatoco,"বৈশাখের আগে ইলিশের বাজারে আগুন বৈশাখের আগে ইলিশের দামে আগুন। বেশিরভাগই হিমাগার কিংবা সাগরের মাছ। তারপরও, বড় আকারের মাছের দর ইচ্ছেমতো হাঁকছেন ব্যবসায়ীরা। তাদের দাবি, শখ করে ইলিশ কিনছেন উচ্চবিত্তরা। এর বাইরে সবাই দাম জিজ্ঞেস করেই দায়সারা।জানা গেলো, এসব ইলিশের আকার ১ কেজি ছাড়ালেই দাম ২ হাজার টাকার বেশি। ৮০০-৯০০ গ্রামের সাইজ মিলবে ১৭০০ টাকায়। বিক্রেতারা এসব মাছকে নদীর টাটকা ইলিশ বললেও, মূল উৎস হিমাগার কিংবা সমুদ্র।",-1,-1,-1,-1,0,0,0,0,0,1
কবে ঠান্ডা ছিলো,banglatoco,"বৈশাখের আগে ইলিশের বাজারে আগুন বৈশাখের আগে ইলিশের দামে আগুন। বেশিরভাগই হিমাগার কিংবা সাগরের মাছ। তারপরও, বড় আকারের মাছের দর ইচ্ছেমতো হাঁকছেন ব্যবসায়ীরা। তাদের দাবি, শখ করে ইলিশ কিনছেন উচ্চবিত্তরা। এর বাইরে সবাই দাম জিজ্ঞেস করেই দায়সারা।জানা গেলো, এসব ইলিশের আকার ১ কেজি ছাড়ালেই দাম ২ হাজার টাকার বেশি। ৮০০-৯০০ গ্রামের সাইজ মিলবে ১৭০০ টাকায়। বিক্রেতারা এসব মাছকে নদীর টাটকা ইলিশ বললেও, মূল উৎস হিমাগার কিংবা সমুদ্র।",-1,-1,-1,-1,0,0,0,0,0,1
হিন্দুদের কালচার মুসলমানরা পালন করে,banglatoco,"বৈশাখের আগে ইলিশের বাজারে আগুন বৈশাখের আগে ইলিশের দামে আগুন। বেশিরভাগই হিমাগার কিংবা সাগরের মাছ। তারপরও, বড় আকারের মাছের দর ইচ্ছেমতো হাঁকছেন ব্যবসায়ীরা। তাদের দাবি, শখ করে ইলিশ কিনছেন উচ্চবিত্তরা। এর বাইরে সবাই দাম জিজ্ঞেস করেই দায়সারা।জানা গেলো, এসব ইলিশের আকার ১ কেজি ছাড়ালেই দাম ২ হাজার টাকার বেশি। ৮০০-৯০০ গ্রামের সাইজ মিলবে ১৭০০ টাকায়। বিক্রেতারা এসব মাছকে নদীর টাটকা ইলিশ বললেও, মূল উৎস হিমাগার কিংবা সমুদ্র।",-1,-1,-1,-1,1,0,0,0,0,1
"ভাগিস আগেই বেশি করে কিনে রাখছিলাম গো,,🐸🐸",banglatoco,"বৈশাখের আগে ইলিশের বাজারে আগুন বৈশাখের আগে ইলিশের দামে আগুন। বেশিরভাগই হিমাগার কিংবা সাগরের মাছ। তারপরও, বড় আকারের মাছের দর ইচ্ছেমতো হাঁকছেন ব্যবসায়ীরা। তাদের দাবি, শখ করে ইলিশ কিনছেন উচ্চবিত্তরা। এর বাইরে সবাই দাম জিজ্ঞেস করেই দায়সারা।জানা গেলো, এসব ইলিশের আকার ১ কেজি ছাড়ালেই দাম ২ হাজার টাকার বেশি। ৮০০-৯০০ গ্রামের সাইজ মিলবে ১৭০০ টাকায়। বিক্রেতারা এসব মাছকে নদীর টাটকা ইলিশ বললেও, মূল উৎস হিমাগার কিংবা সমুদ্র।",-1,-1,-1,-1,0,0,0,0,0,1
যেগুলা মুসলিম গুলা পহেলা বৈশাখ পালন করবে তারাই প্রকৃত পক্ষে ফিলিস্তিন এর শত্রু🙂,banglatoco,"বৈশাখের আগে ইলিশের বাজারে আগুন বৈশাখের আগে ইলিশের দামে আগুন। বেশিরভাগই হিমাগার কিংবা সাগরের মাছ। তারপরও, বড় আকারের মাছের দর ইচ্ছেমতো হাঁকছেন ব্যবসায়ীরা। তাদের দাবি, শখ করে ইলিশ কিনছেন উচ্চবিত্তরা। এর বাইরে সবাই দাম জিজ্ঞেস করেই দায়সারা।জানা গেলো, এসব ইলিশের আকার ১ কেজি ছাড়ালেই দাম ২ হাজার টাকার বেশি। ৮০০-৯০০ গ্রামের সাইজ মিলবে ১৭০০ টাকায়। বিক্রেতারা এসব মাছকে নদীর টাটকা ইলিশ বললেও, মূল উৎস হিমাগার কিংবা সমুদ্র।",-1,-1,-1,-1,1,0,0,0,0,1
এ আর নতুন কি?ইলিশের বাজারে তো সারাবছরই আগুন! বাঙ্গালির জাতীয় মাছ এই ইলিশ অথচ কজন বাঙালিই বা স্বাচ্ছন্দ্যে এই ইলিশ কিনতে পারে আর খেতে পারে?🙂,banglatoco,"বৈশাখের আগে ইলিশের বাজারে আগুন বৈশাখের আগে ইলিশের দামে আগুন। বেশিরভাগই হিমাগার কিংবা সাগরের মাছ। তারপরও, বড় আকারের মাছের দর ইচ্ছেমতো হাঁকছেন ব্যবসায়ীরা। তাদের দাবি, শখ করে ইলিশ কিনছেন উচ্চবিত্তরা। এর বাইরে সবাই দাম জিজ্ঞেস করেই দায়সারা।জানা গেলো, এসব ইলিশের আকার ১ কেজি ছাড়ালেই দাম ২ হাজার টাকার বেশি। ৮০০-৯০০ গ্রামের সাইজ মিলবে ১৭০০ টাকায়। বিক্রেতারা এসব মাছকে নদীর টাটকা ইলিশ বললেও, মূল উৎস হিমাগার কিংবা সমুদ্র।",-1,-1,-1,-1,0,0,0,0,0,1
"অনেক পা চাটা আছে, যারা এসব শেয়ার করে না, অথচ ইউনুস কাশ দিলেও সেটাকে পারমাণবিক ভোমার মত প্রচার করে। এরাই নতুন বাংলাদেশের চাটা চাটির লোক",banglatoco,"বৈশাখের আগে ইলিশের বাজারে আগুন বৈশাখের আগে ইলিশের দামে আগুন। বেশিরভাগই হিমাগার কিংবা সাগরের মাছ। তারপরও, বড় আকারের মাছের দর ইচ্ছেমতো হাঁকছেন ব্যবসায়ীরা। তাদের দাবি, শখ করে ইলিশ কিনছেন উচ্চবিত্তরা। এর বাইরে সবাই দাম জিজ্ঞেস করেই দায়সারা।জানা গেলো, এসব ইলিশের আকার ১ কেজি ছাড়ালেই দাম ২ হাজার টাকার বেশি। ৮০০-৯০০ গ্রামের সাইজ মিলবে ১৭০০ টাকায়। বিক্রেতারা এসব মাছকে নদীর টাটকা ইলিশ বললেও, মূল উৎস হিমাগার কিংবা সমুদ্র।",-1,-1,-1,-1,1,0,0,0,0,1
এবার ইলিশের দাম দেখে মনে হচ্ছে বৈশাখ মাসে আর ইলিশ খাওয়া লাগবো না।।,banglatoco,"বৈশাখের আগে ইলিশের বাজারে আগুন বৈশাখের আগে ইলিশের দামে আগুন। বেশিরভাগই হিমাগার কিংবা সাগরের মাছ। তারপরও, বড় আকারের মাছের দর ইচ্ছেমতো হাঁকছেন ব্যবসায়ীরা। তাদের দাবি, শখ করে ইলিশ কিনছেন উচ্চবিত্তরা। এর বাইরে সবাই দাম জিজ্ঞেস করেই দায়সারা।জানা গেলো, এসব ইলিশের আকার ১ কেজি ছাড়ালেই দাম ২ হাজার টাকার বেশি। ৮০০-৯০০ গ্রামের সাইজ মিলবে ১৭০০ টাকায়। বিক্রেতারা এসব মাছকে নদীর টাটকা ইলিশ বললেও, মূল উৎস হিমাগার কিংবা সমুদ্র।",-1,-1,-1,-1,0,0,0,0,0,1
আগে বাঙ্গালি ইলিশ খাবে তারপর রপ্তানি করবো সবাই বলেন আমিন🤲🤲🤲,banglatoco,"বৈশাখের আগে ইলিশের বাজারে আগুন বৈশাখের আগে ইলিশের দামে আগুন। বেশিরভাগই হিমাগার কিংবা সাগরের মাছ। তারপরও, বড় আকারের মাছের দর ইচ্ছেমতো হাঁকছেন ব্যবসায়ীরা। তাদের দাবি, শখ করে ইলিশ কিনছেন উচ্চবিত্তরা। এর বাইরে সবাই দাম জিজ্ঞেস করেই দায়সারা।জানা গেলো, এসব ইলিশের আকার ১ কেজি ছাড়ালেই দাম ২ হাজার টাকার বেশি। ৮০০-৯০০ গ্রামের সাইজ মিলবে ১৭০০ টাকায়। বিক্রেতারা এসব মাছকে নদীর টাটকা ইলিশ বললেও, মূল উৎস হিমাগার কিংবা সমুদ্র।",-1,-1,-1,-1,1,0,0,0,0,1
বড় সাইজের ইলিশের কেজি ৪০০০ টাকা,banglatoco,"বৈশাখের আগে ইলিশের বাজারে আগুন বৈশাখের আগে ইলিশের দামে আগুন। বেশিরভাগই হিমাগার কিংবা সাগরের মাছ। তারপরও, বড় আকারের মাছের দর ইচ্ছেমতো হাঁকছেন ব্যবসায়ীরা। তাদের দাবি, শখ করে ইলিশ কিনছেন উচ্চবিত্তরা। এর বাইরে সবাই দাম জিজ্ঞেস করেই দায়সারা।জানা গেলো, এসব ইলিশের আকার ১ কেজি ছাড়ালেই দাম ২ হাজার টাকার বেশি। ৮০০-৯০০ গ্রামের সাইজ মিলবে ১৭০০ টাকায়। বিক্রেতারা এসব মাছকে নদীর টাটকা ইলিশ বললেও, মূল উৎস হিমাগার কিংবা সমুদ্র।",-1,-1,-1,-1,0,0,0,0,0,1
"বাটপার ইনুচ,,,ও,,,বাটপার উপদেষ্টা আসপ নরজুল কই শা,লারা কয় ইলিশ ৩০০ টাকা কেজি,,,দেশের মানুষ আগে খাবে,,,,বাইনচোদেরা দেহি এহন ইলিশ ভারতে পাঠায়,,,",banglatoco,"বৈশাখের আগে ইলিশের বাজারে আগুন বৈশাখের আগে ইলিশের দামে আগুন। বেশিরভাগই হিমাগার কিংবা সাগরের মাছ। তারপরও, বড় আকারের মাছের দর ইচ্ছেমতো হাঁকছেন ব্যবসায়ীরা। তাদের দাবি, শখ করে ইলিশ কিনছেন উচ্চবিত্তরা। এর বাইরে সবাই দাম জিজ্ঞেস করেই দায়সারা।জানা গেলো, এসব ইলিশের আকার ১ কেজি ছাড়ালেই দাম ২ হাজার টাকার বেশি। ৮০০-৯০০ গ্রামের সাইজ মিলবে ১৭০০ টাকায়। বিক্রেতারা এসব মাছকে নদীর টাটকা ইলিশ বললেও, মূল উৎস হিমাগার কিংবা সমুদ্র।",-1,-1,-1,-1,1,0,0,0,0,1
বোমা মেরে ধ্বংস করে দেয়া হোক 😄,banglatoco,"বৈশাখের আগে ইলিশের বাজারে আগুন বৈশাখের আগে ইলিশের দামে আগুন। বেশিরভাগই হিমাগার কিংবা সাগরের মাছ। তারপরও, বড় আকারের মাছের দর ইচ্ছেমতো হাঁকছেন ব্যবসায়ীরা। তাদের দাবি, শখ করে ইলিশ কিনছেন উচ্চবিত্তরা। এর বাইরে সবাই দাম জিজ্ঞেস করেই দায়সারা।জানা গেলো, এসব ইলিশের আকার ১ কেজি ছাড়ালেই দাম ২ হাজার টাকার বেশি। ৮০০-৯০০ গ্রামের সাইজ মিলবে ১৭০০ টাকায়। বিক্রেতারা এসব মাছকে নদীর টাটকা ইলিশ বললেও, মূল উৎস হিমাগার কিংবা সমুদ্র।",-1,-1,-1,-1,1,0,0,0,0,1
এখন না সব হুজুর রা গদীতে এখন কেনো এমন,banglatoco,"বৈশাখের আগে ইলিশের বাজারে আগুন বৈশাখের আগে ইলিশের দামে আগুন। বেশিরভাগই হিমাগার কিংবা সাগরের মাছ। তারপরও, বড় আকারের মাছের দর ইচ্ছেমতো হাঁকছেন ব্যবসায়ীরা। তাদের দাবি, শখ করে ইলিশ কিনছেন উচ্চবিত্তরা। এর বাইরে সবাই দাম জিজ্ঞেস করেই দায়সারা।জানা গেলো, এসব ইলিশের আকার ১ কেজি ছাড়ালেই দাম ২ হাজার টাকার বেশি। ৮০০-৯০০ গ্রামের সাইজ মিলবে ১৭০০ টাকায়। বিক্রেতারা এসব মাছকে নদীর টাটকা ইলিশ বললেও, মূল উৎস হিমাগার কিংবা সমুদ্র।",-1,-1,-1,-1,1,0,0,0,0,1
এইটা নতুন কিছু না। কোনোদিন শুনলাম না পহেলা বৈশাখে ইলিশ মাছের দাম কমেছে।,banglatoco,"বৈশাখের আগে ইলিশের বাজারে আগুন বৈশাখের আগে ইলিশের দামে আগুন। বেশিরভাগই হিমাগার কিংবা সাগরের মাছ। তারপরও, বড় আকারের মাছের দর ইচ্ছেমতো হাঁকছেন ব্যবসায়ীরা। তাদের দাবি, শখ করে ইলিশ কিনছেন উচ্চবিত্তরা। এর বাইরে সবাই দাম জিজ্ঞেস করেই দায়সারা।জানা গেলো, এসব ইলিশের আকার ১ কেজি ছাড়ালেই দাম ২ হাজার টাকার বেশি। ৮০০-৯০০ গ্রামের সাইজ মিলবে ১৭০০ টাকায়। বিক্রেতারা এসব মাছকে নদীর টাটকা ইলিশ বললেও, মূল উৎস হিমাগার কিংবা সমুদ্র।",-1,-1,-1,-1,0,0,0,0,0,1
"সব ইলিশ লাল মেধাবীদের পু*ট*কিতে ঢুকে গেছে তাই একটু দাম বাড়তি 🥴🐕
",banglatoco,"বৈশাখের আগে ইলিশের বাজারে আগুন বৈশাখের আগে ইলিশের দামে আগুন। বেশিরভাগই হিমাগার কিংবা সাগরের মাছ। তারপরও, বড় আকারের মাছের দর ইচ্ছেমতো হাঁকছেন ব্যবসায়ীরা। তাদের দাবি, শখ করে ইলিশ কিনছেন উচ্চবিত্তরা। এর বাইরে সবাই দাম জিজ্ঞেস করেই দায়সারা।জানা গেলো, এসব ইলিশের আকার ১ কেজি ছাড়ালেই দাম ২ হাজার টাকার বেশি। ৮০০-৯০০ গ্রামের সাইজ মিলবে ১৭০০ টাকায়। বিক্রেতারা এসব মাছকে নদীর টাটকা ইলিশ বললেও, মূল উৎস হিমাগার কিংবা সমুদ্র।",-1,-1,-1,-1,1,0,0,0,0,1
কবে আগুন ছাড়া ছিলো?,banglatoco,"বৈশাখের আগে ইলিশের বাজারে আগুন বৈশাখের আগে ইলিশের দামে আগুন। বেশিরভাগই হিমাগার কিংবা সাগরের মাছ। তারপরও, বড় আকারের মাছের দর ইচ্ছেমতো হাঁকছেন ব্যবসায়ীরা। তাদের দাবি, শখ করে ইলিশ কিনছেন উচ্চবিত্তরা। এর বাইরে সবাই দাম জিজ্ঞেস করেই দায়সারা।জানা গেলো, এসব ইলিশের আকার ১ কেজি ছাড়ালেই দাম ২ হাজার টাকার বেশি। ৮০০-৯০০ গ্রামের সাইজ মিলবে ১৭০০ টাকায়। বিক্রেতারা এসব মাছকে নদীর টাটকা ইলিশ বললেও, মূল উৎস হিমাগার কিংবা সমুদ্র।",-1,-1,-1,-1,0,0,0,0,0,1
এখন ইলিশ বাজারে নাই ।এই মুহুর্তে ইলিশ সব প্রজননের জন্যে চলে গেছে ।,banglatoco,"বৈশাখের আগে ইলিশের বাজারে আগুন বৈশাখের আগে ইলিশের দামে আগুন। বেশিরভাগই হিমাগার কিংবা সাগরের মাছ। তারপরও, বড় আকারের মাছের দর ইচ্ছেমতো হাঁকছেন ব্যবসায়ীরা। তাদের দাবি, শখ করে ইলিশ কিনছেন উচ্চবিত্তরা। এর বাইরে সবাই দাম জিজ্ঞেস করেই দায়সারা।জানা গেলো, এসব ইলিশের আকার ১ কেজি ছাড়ালেই দাম ২ হাজার টাকার বেশি। ৮০০-৯০০ গ্রামের সাইজ মিলবে ১৭০০ টাকায়। বিক্রেতারা এসব মাছকে নদীর টাটকা ইলিশ বললেও, মূল উৎস হিমাগার কিংবা সমুদ্র।",-1,-1,-1,-1,0,0,0,0,0,1
চু দে দেই এমন ফাগুন খাওয়ার দরকার পরে এম বৈশাখ 🖕🫵,banglatoco,"বৈশাখের আগে ইলিশের বাজারে আগুন বৈশাখের আগে ইলিশের দামে আগুন। বেশিরভাগই হিমাগার কিংবা সাগরের মাছ। তারপরও, বড় আকারের মাছের দর ইচ্ছেমতো হাঁকছেন ব্যবসায়ীরা। তাদের দাবি, শখ করে ইলিশ কিনছেন উচ্চবিত্তরা। এর বাইরে সবাই দাম জিজ্ঞেস করেই দায়সারা।জানা গেলো, এসব ইলিশের আকার ১ কেজি ছাড়ালেই দাম ২ হাজার টাকার বেশি। ৮০০-৯০০ গ্রামের সাইজ মিলবে ১৭০০ টাকায়। বিক্রেতারা এসব মাছকে নদীর টাটকা ইলিশ বললেও, মূল উৎস হিমাগার কিংবা সমুদ্র।",-1,-1,-1,-1,1,0,0,0,0,1
ঐ ভাই কেউ ফয়ার সার্ভিস খবর দেন ইলিশ এর পুটকিত আগুন লাগছে।,banglatoco,"বৈশাখের আগে ইলিশের বাজারে আগুন বৈশাখের আগে ইলিশের দামে আগুন। বেশিরভাগই হিমাগার কিংবা সাগরের মাছ। তারপরও, বড় আকারের মাছের দর ইচ্ছেমতো হাঁকছেন ব্যবসায়ীরা। তাদের দাবি, শখ করে ইলিশ কিনছেন উচ্চবিত্তরা। এর বাইরে সবাই দাম জিজ্ঞেস করেই দায়সারা।জানা গেলো, এসব ইলিশের আকার ১ কেজি ছাড়ালেই দাম ২ হাজার টাকার বেশি। ৮০০-৯০০ গ্রামের সাইজ মিলবে ১৭০০ টাকায়। বিক্রেতারা এসব মাছকে নদীর টাটকা ইলিশ বললেও, মূল উৎস হিমাগার কিংবা সমুদ্র।",-1,-1,-1,-1,1,0,0,0,0,1
বৈশাখ ছাড়া ইলিশ না খাওয়া বোকা স দা গুলোর জন্য ভালো হয়েছে আর বাড়ুক দাম,banglatoco,"বৈশাখের আগে ইলিশের বাজারে আগুন বৈশাখের আগে ইলিশের দামে আগুন। বেশিরভাগই হিমাগার কিংবা সাগরের মাছ। তারপরও, বড় আকারের মাছের দর ইচ্ছেমতো হাঁকছেন ব্যবসায়ীরা। তাদের দাবি, শখ করে ইলিশ কিনছেন উচ্চবিত্তরা। এর বাইরে সবাই দাম জিজ্ঞেস করেই দায়সারা।জানা গেলো, এসব ইলিশের আকার ১ কেজি ছাড়ালেই দাম ২ হাজার টাকার বেশি। ৮০০-৯০০ গ্রামের সাইজ মিলবে ১৭০০ টাকায়। বিক্রেতারা এসব মাছকে নদীর টাটকা ইলিশ বললেও, মূল উৎস হিমাগার কিংবা সমুদ্র।",-1,-1,-1,-1,1,0,0,0,0,1
"দেশের মায়েরে চু**দি* আর ইলিশ মাছ,,",banglatoco,"বৈশাখের আগে ইলিশের বাজারে আগুন বৈশাখের আগে ইলিশের দামে আগুন। বেশিরভাগই হিমাগার কিংবা সাগরের মাছ। তারপরও, বড় আকারের মাছের দর ইচ্ছেমতো হাঁকছেন ব্যবসায়ীরা। তাদের দাবি, শখ করে ইলিশ কিনছেন উচ্চবিত্তরা। এর বাইরে সবাই দাম জিজ্ঞেস করেই দায়সারা।জানা গেলো, এসব ইলিশের আকার ১ কেজি ছাড়ালেই দাম ২ হাজার টাকার বেশি। ৮০০-৯০০ গ্রামের সাইজ মিলবে ১৭০০ টাকায়। বিক্রেতারা এসব মাছকে নদীর টাটকা ইলিশ বললেও, মূল উৎস হিমাগার কিংবা সমুদ্র।",-1,-1,-1,-1,1,0,0,0,0,1
ইলিশ না খাইলেও চলবে আমাদের,banglatoco,"বৈশাখের আগে ইলিশের বাজারে আগুন বৈশাখের আগে ইলিশের দামে আগুন। বেশিরভাগই হিমাগার কিংবা সাগরের মাছ। তারপরও, বড় আকারের মাছের দর ইচ্ছেমতো হাঁকছেন ব্যবসায়ীরা। তাদের দাবি, শখ করে ইলিশ কিনছেন উচ্চবিত্তরা। এর বাইরে সবাই দাম জিজ্ঞেস করেই দায়সারা।জানা গেলো, এসব ইলিশের আকার ১ কেজি ছাড়ালেই দাম ২ হাজার টাকার বেশি। ৮০০-৯০০ গ্রামের সাইজ মিলবে ১৭০০ টাকায়। বিক্রেতারা এসব মাছকে নদীর টাটকা ইলিশ বললেও, মূল উৎস হিমাগার কিংবা সমুদ্র।",-1,-1,-1,-1,0,0,0,0,0,1
সমস্যা নাই এবার ইলিশের বদলি সমন্বয়েকদের খায়া ফালামু,banglatoco,"বৈশাখের আগে ইলিশের বাজারে আগুন বৈশাখের আগে ইলিশের দামে আগুন। বেশিরভাগই হিমাগার কিংবা সাগরের মাছ। তারপরও, বড় আকারের মাছের দর ইচ্ছেমতো হাঁকছেন ব্যবসায়ীরা। তাদের দাবি, শখ করে ইলিশ কিনছেন উচ্চবিত্তরা। এর বাইরে সবাই দাম জিজ্ঞেস করেই দায়সারা।জানা গেলো, এসব ইলিশের আকার ১ কেজি ছাড়ালেই দাম ২ হাজার টাকার বেশি। ৮০০-৯০০ গ্রামের সাইজ মিলবে ১৭০০ টাকায়। বিক্রেতারা এসব মাছকে নদীর টাটকা ইলিশ বললেও, মূল উৎস হিমাগার কিংবা সমুদ্র।",-1,-1,-1,-1,1,0,0,0,0,1
কাকী কই। এই সরকার নাকি ইলিশ সবাইকে পানির দামে খাওয়াবে। ৮ মাস তো হয়ে গেলো। যেই লাউ সেই কদু,banglatoco,"বৈশাখের আগে ইলিশের বাজারে আগুন বৈশাখের আগে ইলিশের দামে আগুন। বেশিরভাগই হিমাগার কিংবা সাগরের মাছ। তারপরও, বড় আকারের মাছের দর ইচ্ছেমতো হাঁকছেন ব্যবসায়ীরা। তাদের দাবি, শখ করে ইলিশ কিনছেন উচ্চবিত্তরা। এর বাইরে সবাই দাম জিজ্ঞেস করেই দায়সারা।জানা গেলো, এসব ইলিশের আকার ১ কেজি ছাড়ালেই দাম ২ হাজার টাকার বেশি। ৮০০-৯০০ গ্রামের সাইজ মিলবে ১৭০০ টাকায়। বিক্রেতারা এসব মাছকে নদীর টাটকা ইলিশ বললেও, মূল উৎস হিমাগার কিংবা সমুদ্র।",-1,-1,-1,-1,1,0,0,0,0,1
ইলিশ গরীবের সাধ্যের বাহিরে 😔,banglatoco,"বৈশাখের আগে ইলিশের বাজারে আগুন বৈশাখের আগে ইলিশের দামে আগুন। বেশিরভাগই হিমাগার কিংবা সাগরের মাছ। তারপরও, বড় আকারের মাছের দর ইচ্ছেমতো হাঁকছেন ব্যবসায়ীরা। তাদের দাবি, শখ করে ইলিশ কিনছেন উচ্চবিত্তরা। এর বাইরে সবাই দাম জিজ্ঞেস করেই দায়সারা।জানা গেলো, এসব ইলিশের আকার ১ কেজি ছাড়ালেই দাম ২ হাজার টাকার বেশি। ৮০০-৯০০ গ্রামের সাইজ মিলবে ১৭০০ টাকায়। বিক্রেতারা এসব মাছকে নদীর টাটকা ইলিশ বললেও, মূল উৎস হিমাগার কিংবা সমুদ্র।",-1,-1,-1,-1,0,0,0,0,0,1
এই বেডি কইছে এবার যেনো কেউ ১লা বৈশাখে পান্তা ইলিশ না খায়!!! সাংবাদিক সুদানের পুতেরা ঐ বেডিরে প্রশ্ন করার সাহস পায় না!!!,banglatoco,"বৈশাখের আগে ইলিশের বাজারে আগুন বৈশাখের আগে ইলিশের দামে আগুন। বেশিরভাগই হিমাগার কিংবা সাগরের মাছ। তারপরও, বড় আকারের মাছের দর ইচ্ছেমতো হাঁকছেন ব্যবসায়ীরা। তাদের দাবি, শখ করে ইলিশ কিনছেন উচ্চবিত্তরা। এর বাইরে সবাই দাম জিজ্ঞেস করেই দায়সারা।জানা গেলো, এসব ইলিশের আকার ১ কেজি ছাড়ালেই দাম ২ হাজার টাকার বেশি। ৮০০-৯০০ গ্রামের সাইজ মিলবে ১৭০০ টাকায়। বিক্রেতারা এসব মাছকে নদীর টাটকা ইলিশ বললেও, মূল উৎস হিমাগার কিংবা সমুদ্র।",-1,-1,-1,-1,1,0,0,0,0,1
তাহলে ইলিশের দাম নিয়ন্ত্রণে আনতে হবে । যদি না আনতে পারে তাহলে আমরা পাঙ্গাস আর পান্তা ভাত দিয়ে বৈশাখী পালন করব,banglatoco,"বৈশাখের আগে ইলিশের বাজারে আগুন বৈশাখের আগে ইলিশের দামে আগুন। বেশিরভাগই হিমাগার কিংবা সাগরের মাছ। তারপরও, বড় আকারের মাছের দর ইচ্ছেমতো হাঁকছেন ব্যবসায়ীরা। তাদের দাবি, শখ করে ইলিশ কিনছেন উচ্চবিত্তরা। এর বাইরে সবাই দাম জিজ্ঞেস করেই দায়সারা।জানা গেলো, এসব ইলিশের আকার ১ কেজি ছাড়ালেই দাম ২ হাজার টাকার বেশি। ৮০০-৯০০ গ্রামের সাইজ মিলবে ১৭০০ টাকায়। বিক্রেতারা এসব মাছকে নদীর টাটকা ইলিশ বললেও, মূল উৎস হিমাগার কিংবা সমুদ্র।",-1,-1,-1,-1,0,0,0,0,0,1
সাও*য়ার বাংলাদেশ,banglatoco,"বৈশাখের আগে ইলিশের বাজারে আগুন বৈশাখের আগে ইলিশের দামে আগুন। বেশিরভাগই হিমাগার কিংবা সাগরের মাছ। তারপরও, বড় আকারের মাছের দর ইচ্ছেমতো হাঁকছেন ব্যবসায়ীরা। তাদের দাবি, শখ করে ইলিশ কিনছেন উচ্চবিত্তরা। এর বাইরে সবাই দাম জিজ্ঞেস করেই দায়সারা।জানা গেলো, এসব ইলিশের আকার ১ কেজি ছাড়ালেই দাম ২ হাজার টাকার বেশি। ৮০০-৯০০ গ্রামের সাইজ মিলবে ১৭০০ টাকায়। বিক্রেতারা এসব মাছকে নদীর টাটকা ইলিশ বললেও, মূল উৎস হিমাগার কিংবা সমুদ্র।",-1,-1,-1,-1,1,0,0,0,0,1
ইলিশ মাছ গরীবের জন্য না,banglatoco,"বৈশাখের আগে ইলিশের বাজারে আগুন বৈশাখের আগে ইলিশের দামে আগুন। বেশিরভাগই হিমাগার কিংবা সাগরের মাছ। তারপরও, বড় আকারের মাছের দর ইচ্ছেমতো হাঁকছেন ব্যবসায়ীরা। তাদের দাবি, শখ করে ইলিশ কিনছেন উচ্চবিত্তরা। এর বাইরে সবাই দাম জিজ্ঞেস করেই দায়সারা।জানা গেলো, এসব ইলিশের আকার ১ কেজি ছাড়ালেই দাম ২ হাজার টাকার বেশি। ৮০০-৯০০ গ্রামের সাইজ মিলবে ১৭০০ টাকায়। বিক্রেতারা এসব মাছকে নদীর টাটকা ইলিশ বললেও, মূল উৎস হিমাগার কিংবা সমুদ্র।",-1,-1,-1,-1,0,0,0,0,0,1
হাসিনা তো খুব খারাপ ছিল ইলিশের দাম বাড়িয়ে রেখেছিল এখন শালারা শালীরা কি করছে,banglatoco,"বৈশাখের আগে ইলিশের বাজারে আগুন বৈশাখের আগে ইলিশের দামে আগুন। বেশিরভাগই হিমাগার কিংবা সাগরের মাছ। তারপরও, বড় আকারের মাছের দর ইচ্ছেমতো হাঁকছেন ব্যবসায়ীরা। তাদের দাবি, শখ করে ইলিশ কিনছেন উচ্চবিত্তরা। এর বাইরে সবাই দাম জিজ্ঞেস করেই দায়সারা।জানা গেলো, এসব ইলিশের আকার ১ কেজি ছাড়ালেই দাম ২ হাজার টাকার বেশি। ৮০০-৯০০ গ্রামের সাইজ মিলবে ১৭০০ টাকায়। বিক্রেতারা এসব মাছকে নদীর টাটকা ইলিশ বললেও, মূল উৎস হিমাগার কিংবা সমুদ্র।",-1,-1,-1,-1,1,0,0,0,0,1
ইলিশ মন্ত্রী নাকি জনগণকে সস্তায় ইলিশ খাওয়াবে 🐸😂,banglatoco,"বৈশাখের আগে ইলিশের বাজারে আগুন বৈশাখের আগে ইলিশের দামে আগুন। বেশিরভাগই হিমাগার কিংবা সাগরের মাছ। তারপরও, বড় আকারের মাছের দর ইচ্ছেমতো হাঁকছেন ব্যবসায়ীরা। তাদের দাবি, শখ করে ইলিশ কিনছেন উচ্চবিত্তরা। এর বাইরে সবাই দাম জিজ্ঞেস করেই দায়সারা।জানা গেলো, এসব ইলিশের আকার ১ কেজি ছাড়ালেই দাম ২ হাজার টাকার বেশি। ৮০০-৯০০ গ্রামের সাইজ মিলবে ১৭০০ টাকায়। বিক্রেতারা এসব মাছকে নদীর টাটকা ইলিশ বললেও, মূল উৎস হিমাগার কিংবা সমুদ্র।",-1,-1,-1,-1,1,0,0,0,0,1
সত্যি কী আগুন লাগছে 🥺,banglatoco,"বৈশাখের আগে ইলিশের বাজারে আগুন বৈশাখের আগে ইলিশের দামে আগুন। বেশিরভাগই হিমাগার কিংবা সাগরের মাছ। তারপরও, বড় আকারের মাছের দর ইচ্ছেমতো হাঁকছেন ব্যবসায়ীরা। তাদের দাবি, শখ করে ইলিশ কিনছেন উচ্চবিত্তরা। এর বাইরে সবাই দাম জিজ্ঞেস করেই দায়সারা।জানা গেলো, এসব ইলিশের আকার ১ কেজি ছাড়ালেই দাম ২ হাজার টাকার বেশি। ৮০০-৯০০ গ্রামের সাইজ মিলবে ১৭০০ টাকায়। বিক্রেতারা এসব মাছকে নদীর টাটকা ইলিশ বললেও, মূল উৎস হিমাগার কিংবা সমুদ্র।",-1,-1,-1,-1,0,0,0,0,0,1
এই পোস্ট কইরা আগুন আরো ভালো কইরা লাগাইছেন!,banglatoco,"বৈশাখের আগে ইলিশের বাজারে আগুন বৈশাখের আগে ইলিশের দামে আগুন। বেশিরভাগই হিমাগার কিংবা সাগরের মাছ। তারপরও, বড় আকারের মাছের দর ইচ্ছেমতো হাঁকছেন ব্যবসায়ীরা। তাদের দাবি, শখ করে ইলিশ কিনছেন উচ্চবিত্তরা। এর বাইরে সবাই দাম জিজ্ঞেস করেই দায়সারা।জানা গেলো, এসব ইলিশের আকার ১ কেজি ছাড়ালেই দাম ২ হাজার টাকার বেশি। ৮০০-৯০০ গ্রামের সাইজ মিলবে ১৭০০ টাকায়। বিক্রেতারা এসব মাছকে নদীর টাটকা ইলিশ বললেও, মূল উৎস হিমাগার কিংবা সমুদ্র।",-1,-1,-1,-1,1,0,0,0,0,1
ইলিশ এর বিকল্প কি,banglatoco,"বৈশাখের আগে ইলিশের বাজারে আগুন বৈশাখের আগে ইলিশের দামে আগুন। বেশিরভাগই হিমাগার কিংবা সাগরের মাছ। তারপরও, বড় আকারের মাছের দর ইচ্ছেমতো হাঁকছেন ব্যবসায়ীরা। তাদের দাবি, শখ করে ইলিশ কিনছেন উচ্চবিত্তরা। এর বাইরে সবাই দাম জিজ্ঞেস করেই দায়সারা।জানা গেলো, এসব ইলিশের আকার ১ কেজি ছাড়ালেই দাম ২ হাজার টাকার বেশি। ৮০০-৯০০ গ্রামের সাইজ মিলবে ১৭০০ টাকায়। বিক্রেতারা এসব মাছকে নদীর টাটকা ইলিশ বললেও, মূল উৎস হিমাগার কিংবা সমুদ্র।",-1,-1,-1,-1,0,0,0,0,0,1
ইউনুস সাহেব কে আরো ৫ বছর ক্ষমতায় দেখতে চাই।,banglatoco,"বৈশাখের আগে ইলিশের বাজারে আগুন বৈশাখের আগে ইলিশের দামে আগুন। বেশিরভাগই হিমাগার কিংবা সাগরের মাছ। তারপরও, বড় আকারের মাছের দর ইচ্ছেমতো হাঁকছেন ব্যবসায়ীরা। তাদের দাবি, শখ করে ইলিশ কিনছেন উচ্চবিত্তরা। এর বাইরে সবাই দাম জিজ্ঞেস করেই দায়সারা।জানা গেলো, এসব ইলিশের আকার ১ কেজি ছাড়ালেই দাম ২ হাজার টাকার বেশি। ৮০০-৯০০ গ্রামের সাইজ মিলবে ১৭০০ টাকায়। বিক্রেতারা এসব মাছকে নদীর টাটকা ইলিশ বললেও, মূল উৎস হিমাগার কিংবা সমুদ্র।",-1,-1,-1,-1,0,0,0,0,0,1
এই নিয়ে আমি ভাবিনা আমি পাঙ্গাশ খাই 😐,banglatoco,"বৈশাখের আগে ইলিশের বাজারে আগুন বৈশাখের আগে ইলিশের দামে আগুন। বেশিরভাগই হিমাগার কিংবা সাগরের মাছ। তারপরও, বড় আকারের মাছের দর ইচ্ছেমতো হাঁকছেন ব্যবসায়ীরা। তাদের দাবি, শখ করে ইলিশ কিনছেন উচ্চবিত্তরা। এর বাইরে সবাই দাম জিজ্ঞেস করেই দায়সারা।জানা গেলো, এসব ইলিশের আকার ১ কেজি ছাড়ালেই দাম ২ হাজার টাকার বেশি। ৮০০-৯০০ গ্রামের সাইজ মিলবে ১৭০০ টাকায়। বিক্রেতারা এসব মাছকে নদীর টাটকা ইলিশ বললেও, মূল উৎস হিমাগার কিংবা সমুদ্র।",-1,-1,-1,-1,0,0,0,0,0,1
"আমিরের বুকে কি যেন লেখা এটা নিয়ে কেউতো কিছু বলে না,,শুধু সাকিবের দেখলেই জ্বলে",banglatoco,"আইপিএল না পিএসএল—পাকিস্তানের আমির বেছে নিলেন ভারতের আইপিএল আইপিএল খেলার ইচ্ছার কথা আগেই জানিয়েছেন মোহাম্মদ আমির। আগামী বছর ব্রিটিশ পাসপোর্ট পাওয়ার আশা করছেন তিনি। সেই সুবাদে আইপিএলের সামনের আসরে একজন ব্রিটিশ হিসেবে খেলার সুযোগ থাকবে তাঁর।ধরা যাক, আমিরকে আইপিএলের কোনো এক দল কিনেও নিল। তখন যদি একই সময়ে আইপিএল, পিএসএল দুটি টুর্নামেন্টই হয়, তাহলে কোন লিগে খেলবেন আমির?কোয়েটা গ্ল্যাডিয়েটরসের পডকাস্ট শোতে কোয়েটার হয়ে পিএসএল খেলা আমিরকে এই প্রশ্নটি করা হয়েছিল। সেই প্রশ্নের উত্তরে পাকিস্তানের বাঁহাতি পেসার কোনো দ্বিধাদ্বন্দ্ব ছাড়াই আইপিএলকে বেছে নিয়েছেন। আমিরের জবাবটা এ রকম—‘সত্যি বলতে, যদি সুযোগ পাই, অবশ্যই আমি আইপিএল খেলতে চাইব। আমি খোলাখুলিভাবেই বলছি। তবে যদি সুযোগ না পাই, তাহলে পিএসএলই খেলব।",-1,-1,-1,-1,1,0,0,0,0,1
ভারত কে অনুসরণ করা তার উচিত হয়নাই,banglatoco,"আইপিএল না পিএসএল—পাকিস্তানের আমির বেছে নিলেন ভারতের আইপিএল আইপিএল খেলার ইচ্ছার কথা আগেই জানিয়েছেন মোহাম্মদ আমির। আগামী বছর ব্রিটিশ পাসপোর্ট পাওয়ার আশা করছেন তিনি। সেই সুবাদে আইপিএলের সামনের আসরে একজন ব্রিটিশ হিসেবে খেলার সুযোগ থাকবে তাঁর।ধরা যাক, আমিরকে আইপিএলের কোনো এক দল কিনেও নিল। তখন যদি একই সময়ে আইপিএল, পিএসএল দুটি টুর্নামেন্টই হয়, তাহলে কোন লিগে খেলবেন আমির?কোয়েটা গ্ল্যাডিয়েটরসের পডকাস্ট শোতে কোয়েটার হয়ে পিএসএল খেলা আমিরকে এই প্রশ্নটি করা হয়েছিল। সেই প্রশ্নের উত্তরে পাকিস্তানের বাঁহাতি পেসার কোনো দ্বিধাদ্বন্দ্ব ছাড়াই আইপিএলকে বেছে নিয়েছেন। আমিরের জবাবটা এ রকম—‘সত্যি বলতে, যদি সুযোগ পাই, অবশ্যই আমি আইপিএল খেলতে চাইব। আমি খোলাখুলিভাবেই বলছি। তবে যদি সুযোগ না পাই, তাহলে পিএসএলই খেলব।",-1,-1,-1,-1,0,0,0,0,0,1
রাজাকারের কাছে পিএসএল সেরা,banglatoco,"আইপিএল না পিএসএল—পাকিস্তানের আমির বেছে নিলেন ভারতের আইপিএল আইপিএল খেলার ইচ্ছার কথা আগেই জানিয়েছেন মোহাম্মদ আমির। আগামী বছর ব্রিটিশ পাসপোর্ট পাওয়ার আশা করছেন তিনি। সেই সুবাদে আইপিএলের সামনের আসরে একজন ব্রিটিশ হিসেবে খেলার সুযোগ থাকবে তাঁর।ধরা যাক, আমিরকে আইপিএলের কোনো এক দল কিনেও নিল। তখন যদি একই সময়ে আইপিএল, পিএসএল দুটি টুর্নামেন্টই হয়, তাহলে কোন লিগে খেলবেন আমির?কোয়েটা গ্ল্যাডিয়েটরসের পডকাস্ট শোতে কোয়েটার হয়ে পিএসএল খেলা আমিরকে এই প্রশ্নটি করা হয়েছিল। সেই প্রশ্নের উত্তরে পাকিস্তানের বাঁহাতি পেসার কোনো দ্বিধাদ্বন্দ্ব ছাড়াই আইপিএলকে বেছে নিয়েছেন। আমিরের জবাবটা এ রকম—‘সত্যি বলতে, যদি সুযোগ পাই, অবশ্যই আমি আইপিএল খেলতে চাইব। আমি খোলাখুলিভাবেই বলছি। তবে যদি সুযোগ না পাই, তাহলে পিএসএলই খেলব।",-1,-1,-1,-1,1,0,0,0,0,1
এই অসৎ জুয়ারির সকল লীগই খারাপ,banglatoco,"আইপিএল না পিএসএল—পাকিস্তানের আমির বেছে নিলেন ভারতের আইপিএল আইপিএল খেলার ইচ্ছার কথা আগেই জানিয়েছেন মোহাম্মদ আমির। আগামী বছর ব্রিটিশ পাসপোর্ট পাওয়ার আশা করছেন তিনি। সেই সুবাদে আইপিএলের সামনের আসরে একজন ব্রিটিশ হিসেবে খেলার সুযোগ থাকবে তাঁর।ধরা যাক, আমিরকে আইপিএলের কোনো এক দল কিনেও নিল। তখন যদি একই সময়ে আইপিএল, পিএসএল দুটি টুর্নামেন্টই হয়, তাহলে কোন লিগে খেলবেন আমির?কোয়েটা গ্ল্যাডিয়েটরসের পডকাস্ট শোতে কোয়েটার হয়ে পিএসএল খেলা আমিরকে এই প্রশ্নটি করা হয়েছিল। সেই প্রশ্নের উত্তরে পাকিস্তানের বাঁহাতি পেসার কোনো দ্বিধাদ্বন্দ্ব ছাড়াই আইপিএলকে বেছে নিয়েছেন। আমিরের জবাবটা এ রকম—‘সত্যি বলতে, যদি সুযোগ পাই, অবশ্যই আমি আইপিএল খেলতে চাইব। আমি খোলাখুলিভাবেই বলছি। তবে যদি সুযোগ না পাই, তাহলে পিএসএলই খেলব। রাজাকারের কাছে পিএসএল সেরা",-1,-1,-1,-1,1,0,0,0,0,1
কন্ডম দুর্ঘটনায় দৌলতদিয়া জন্মানো ঠিকই মোদির মালের ফসল🙄🥴🤪😂,banglatoco,"আইপিএল না পিএসএল—পাকিস্তানের আমির বেছে নিলেন ভারতের আইপিএল আইপিএল খেলার ইচ্ছার কথা আগেই জানিয়েছেন মোহাম্মদ আমির। আগামী বছর ব্রিটিশ পাসপোর্ট পাওয়ার আশা করছেন তিনি। সেই সুবাদে আইপিএলের সামনের আসরে একজন ব্রিটিশ হিসেবে খেলার সুযোগ থাকবে তাঁর।ধরা যাক, আমিরকে আইপিএলের কোনো এক দল কিনেও নিল। তখন যদি একই সময়ে আইপিএল, পিএসএল দুটি টুর্নামেন্টই হয়, তাহলে কোন লিগে খেলবেন আমির?কোয়েটা গ্ল্যাডিয়েটরসের পডকাস্ট শোতে কোয়েটার হয়ে পিএসএল খেলা আমিরকে এই প্রশ্নটি করা হয়েছিল। সেই প্রশ্নের উত্তরে পাকিস্তানের বাঁহাতি পেসার কোনো দ্বিধাদ্বন্দ্ব ছাড়াই আইপিএলকে বেছে নিয়েছেন। আমিরের জবাবটা এ রকম—‘সত্যি বলতে, যদি সুযোগ পাই, অবশ্যই আমি আইপিএল খেলতে চাইব। আমি খোলাখুলিভাবেই বলছি। তবে যদি সুযোগ না পাই, তাহলে পিএসএলই খেলব। রাজাকারের কাছে পিএসএল সেরা",-1,-1,-1,-1,1,0,0,0,0,1
আইপিএল এর একটা প্লেয়ার র টাকা দিয়া পিসিএল আর বিপিএল এক সিজন চালিয়ে নিতে পারবে..27কোটি ..এটাই বাস্তব,banglatoco,"আইপিএল না পিএসএল—পাকিস্তানের আমির বেছে নিলেন ভারতের আইপিএল আইপিএল খেলার ইচ্ছার কথা আগেই জানিয়েছেন মোহাম্মদ আমির। আগামী বছর ব্রিটিশ পাসপোর্ট পাওয়ার আশা করছেন তিনি। সেই সুবাদে আইপিএলের সামনের আসরে একজন ব্রিটিশ হিসেবে খেলার সুযোগ থাকবে তাঁর।ধরা যাক, আমিরকে আইপিএলের কোনো এক দল কিনেও নিল। তখন যদি একই সময়ে আইপিএল, পিএসএল দুটি টুর্নামেন্টই হয়, তাহলে কোন লিগে খেলবেন আমির?কোয়েটা গ্ল্যাডিয়েটরসের পডকাস্ট শোতে কোয়েটার হয়ে পিএসএল খেলা আমিরকে এই প্রশ্নটি করা হয়েছিল। সেই প্রশ্নের উত্তরে পাকিস্তানের বাঁহাতি পেসার কোনো দ্বিধাদ্বন্দ্ব ছাড়াই আইপিএলকে বেছে নিয়েছেন। আমিরের জবাবটা এ রকম—‘সত্যি বলতে, যদি সুযোগ পাই, অবশ্যই আমি আইপিএল খেলতে চাইব। আমি খোলাখুলিভাবেই বলছি। তবে যদি সুযোগ না পাই, তাহলে পিএসএলই খেলব।",-1,-1,-1,-1,1,0,0,0,0,1
সালে আসলি গাদ্দার।,banglatoco,"আইপিএল না পিএসএল—পাকিস্তানের আমির বেছে নিলেন ভারতের আইপিএল আইপিএল খেলার ইচ্ছার কথা আগেই জানিয়েছেন মোহাম্মদ আমির। আগামী বছর ব্রিটিশ পাসপোর্ট পাওয়ার আশা করছেন তিনি। সেই সুবাদে আইপিএলের সামনের আসরে একজন ব্রিটিশ হিসেবে খেলার সুযোগ থাকবে তাঁর।ধরা যাক, আমিরকে আইপিএলের কোনো এক দল কিনেও নিল। তখন যদি একই সময়ে আইপিএল, পিএসএল দুটি টুর্নামেন্টই হয়, তাহলে কোন লিগে খেলবেন আমির?কোয়েটা গ্ল্যাডিয়েটরসের পডকাস্ট শোতে কোয়েটার হয়ে পিএসএল খেলা আমিরকে এই প্রশ্নটি করা হয়েছিল। সেই প্রশ্নের উত্তরে পাকিস্তানের বাঁহাতি পেসার কোনো দ্বিধাদ্বন্দ্ব ছাড়াই আইপিএলকে বেছে নিয়েছেন। আমিরের জবাবটা এ রকম—‘সত্যি বলতে, যদি সুযোগ পাই, অবশ্যই আমি আইপিএল খেলতে চাইব। আমি খোলাখুলিভাবেই বলছি। তবে যদি সুযোগ না পাই, তাহলে পিএসএলই খেলব।",-1,-1,-1,-1,1,0,0,0,0,1
"পাকিদের লজ্জা শরম বলতে কিছু নেই। ওদের দেশকে আইপিএল খেলায় ব্যান করা হয়েছে, আর ও নিজের নাগরিকতা চেঞ্জ করে সেই আইপিএল খেলতে চাই, এই জুয়াড়িটার লজ্জা বলে কিছু নেই।",banglatoco,"আইপিএল না পিএসএল—পাকিস্তানের আমির বেছে নিলেন ভারতের আইপিএল আইপিএল খেলার ইচ্ছার কথা আগেই জানিয়েছেন মোহাম্মদ আমির। আগামী বছর ব্রিটিশ পাসপোর্ট পাওয়ার আশা করছেন তিনি। সেই সুবাদে আইপিএলের সামনের আসরে একজন ব্রিটিশ হিসেবে খেলার সুযোগ থাকবে তাঁর।ধরা যাক, আমিরকে আইপিএলের কোনো এক দল কিনেও নিল। তখন যদি একই সময়ে আইপিএল, পিএসএল দুটি টুর্নামেন্টই হয়, তাহলে কোন লিগে খেলবেন আমির?কোয়েটা গ্ল্যাডিয়েটরসের পডকাস্ট শোতে কোয়েটার হয়ে পিএসএল খেলা আমিরকে এই প্রশ্নটি করা হয়েছিল। সেই প্রশ্নের উত্তরে পাকিস্তানের বাঁহাতি পেসার কোনো দ্বিধাদ্বন্দ্ব ছাড়াই আইপিএলকে বেছে নিয়েছেন। আমিরের জবাবটা এ রকম—‘সত্যি বলতে, যদি সুযোগ পাই, অবশ্যই আমি আইপিএল খেলতে চাইব। আমি খোলাখুলিভাবেই বলছি। তবে যদি সুযোগ না পাই, তাহলে পিএসএলই খেলব।",-1,-1,-1,-1,1,0,0,0,0,1
জুয়াড়ী জুয়াকে চিনে!ফিক্সার!,banglatoco,"আইপিএল না পিএসএল—পাকিস্তানের আমির বেছে নিলেন ভারতের আইপিএল আইপিএল খেলার ইচ্ছার কথা আগেই জানিয়েছেন মোহাম্মদ আমির। আগামী বছর ব্রিটিশ পাসপোর্ট পাওয়ার আশা করছেন তিনি। সেই সুবাদে আইপিএলের সামনের আসরে একজন ব্রিটিশ হিসেবে খেলার সুযোগ থাকবে তাঁর।ধরা যাক, আমিরকে আইপিএলের কোনো এক দল কিনেও নিল। তখন যদি একই সময়ে আইপিএল, পিএসএল দুটি টুর্নামেন্টই হয়, তাহলে কোন লিগে খেলবেন আমির?কোয়েটা গ্ল্যাডিয়েটরসের পডকাস্ট শোতে কোয়েটার হয়ে পিএসএল খেলা আমিরকে এই প্রশ্নটি করা হয়েছিল। সেই প্রশ্নের উত্তরে পাকিস্তানের বাঁহাতি পেসার কোনো দ্বিধাদ্বন্দ্ব ছাড়াই আইপিএলকে বেছে নিয়েছেন। আমিরের জবাবটা এ রকম—‘সত্যি বলতে, যদি সুযোগ পাই, অবশ্যই আমি আইপিএল খেলতে চাইব। আমি খোলাখুলিভাবেই বলছি। তবে যদি সুযোগ না পাই, তাহলে পিএসএলই খেলব।",-1,-1,-1,-1,1,0,0,0,0,1
"Good job,, আমির",banglatoco,"আইপিএল না পিএসএল—পাকিস্তানের আমির বেছে নিলেন ভারতের আইপিএল আইপিএল খেলার ইচ্ছার কথা আগেই জানিয়েছেন মোহাম্মদ আমির। আগামী বছর ব্রিটিশ পাসপোর্ট পাওয়ার আশা করছেন তিনি। সেই সুবাদে আইপিএলের সামনের আসরে একজন ব্রিটিশ হিসেবে খেলার সুযোগ থাকবে তাঁর।ধরা যাক, আমিরকে আইপিএলের কোনো এক দল কিনেও নিল। তখন যদি একই সময়ে আইপিএল, পিএসএল দুটি টুর্নামেন্টই হয়, তাহলে কোন লিগে খেলবেন আমির?কোয়েটা গ্ল্যাডিয়েটরসের পডকাস্ট শোতে কোয়েটার হয়ে পিএসএল খেলা আমিরকে এই প্রশ্নটি করা হয়েছিল। সেই প্রশ্নের উত্তরে পাকিস্তানের বাঁহাতি পেসার কোনো দ্বিধাদ্বন্দ্ব ছাড়াই আইপিএলকে বেছে নিয়েছেন। আমিরের জবাবটা এ রকম—‘সত্যি বলতে, যদি সুযোগ পাই, অবশ্যই আমি আইপিএল খেলতে চাইব। আমি খোলাখুলিভাবেই বলছি। তবে যদি সুযোগ না পাই, তাহলে পিএসএলই খেলব।",-1,-1,-1,-1,0,0,0,0,0,1
এবার আমিরের খবর আছে।পাকিস্তান পন্থী বাংলাদেশীরা এবার তার গুষ্টি পিন্ডি ধুয়ে দিবে,banglatoco,"আইপিএল না পিএসএল—পাকিস্তানের আমির বেছে নিলেন ভারতের আইপিএল আইপিএল খেলার ইচ্ছার কথা আগেই জানিয়েছেন মোহাম্মদ আমির। আগামী বছর ব্রিটিশ পাসপোর্ট পাওয়ার আশা করছেন তিনি। সেই সুবাদে আইপিএলের সামনের আসরে একজন ব্রিটিশ হিসেবে খেলার সুযোগ থাকবে তাঁর।ধরা যাক, আমিরকে আইপিএলের কোনো এক দল কিনেও নিল। তখন যদি একই সময়ে আইপিএল, পিএসএল দুটি টুর্নামেন্টই হয়, তাহলে কোন লিগে খেলবেন আমির?কোয়েটা গ্ল্যাডিয়েটরসের পডকাস্ট শোতে কোয়েটার হয়ে পিএসএল খেলা আমিরকে এই প্রশ্নটি করা হয়েছিল। সেই প্রশ্নের উত্তরে পাকিস্তানের বাঁহাতি পেসার কোনো দ্বিধাদ্বন্দ্ব ছাড়াই আইপিএলকে বেছে নিয়েছেন। আমিরের জবাবটা এ রকম—‘সত্যি বলতে, যদি সুযোগ পাই, অবশ্যই আমি আইপিএল খেলতে চাইব। আমি খোলাখুলিভাবেই বলছি। তবে যদি সুযোগ না পাই, তাহলে পিএসএলই খেলব।",-1,-1,-1,-1,1,0,0,0,0,1
এটাই স্বাভাবিক,banglatoco,"আইপিএল না পিএসএল—পাকিস্তানের আমির বেছে নিলেন ভারতের আইপিএল আইপিএল খেলার ইচ্ছার কথা আগেই জানিয়েছেন মোহাম্মদ আমির। আগামী বছর ব্রিটিশ পাসপোর্ট পাওয়ার আশা করছেন তিনি। সেই সুবাদে আইপিএলের সামনের আসরে একজন ব্রিটিশ হিসেবে খেলার সুযোগ থাকবে তাঁর।ধরা যাক, আমিরকে আইপিএলের কোনো এক দল কিনেও নিল। তখন যদি একই সময়ে আইপিএল, পিএসএল দুটি টুর্নামেন্টই হয়, তাহলে কোন লিগে খেলবেন আমির?কোয়েটা গ্ল্যাডিয়েটরসের পডকাস্ট শোতে কোয়েটার হয়ে পিএসএল খেলা আমিরকে এই প্রশ্নটি করা হয়েছিল। সেই প্রশ্নের উত্তরে পাকিস্তানের বাঁহাতি পেসার কোনো দ্বিধাদ্বন্দ্ব ছাড়াই আইপিএলকে বেছে নিয়েছেন। আমিরের জবাবটা এ রকম—‘সত্যি বলতে, যদি সুযোগ পাই, অবশ্যই আমি আইপিএল খেলতে চাইব। আমি খোলাখুলিভাবেই বলছি। তবে যদি সুযোগ না পাই, তাহলে পিএসএলই খেলব।",-1,-1,-1,-1,0,0,0,0,0,1
এটাই বাস্তব,banglatoco,"আইপিএল না পিএসএল—পাকিস্তানের আমির বেছে নিলেন ভারতের আইপিএল আইপিএল খেলার ইচ্ছার কথা আগেই জানিয়েছেন মোহাম্মদ আমির। আগামী বছর ব্রিটিশ পাসপোর্ট পাওয়ার আশা করছেন তিনি। সেই সুবাদে আইপিএলের সামনের আসরে একজন ব্রিটিশ হিসেবে খেলার সুযোগ থাকবে তাঁর।ধরা যাক, আমিরকে আইপিএলের কোনো এক দল কিনেও নিল। তখন যদি একই সময়ে আইপিএল, পিএসএল দুটি টুর্নামেন্টই হয়, তাহলে কোন লিগে খেলবেন আমির?কোয়েটা গ্ল্যাডিয়েটরসের পডকাস্ট শোতে কোয়েটার হয়ে পিএসএল খেলা আমিরকে এই প্রশ্নটি করা হয়েছিল। সেই প্রশ্নের উত্তরে পাকিস্তানের বাঁহাতি পেসার কোনো দ্বিধাদ্বন্দ্ব ছাড়াই আইপিএলকে বেছে নিয়েছেন। আমিরের জবাবটা এ রকম—‘সত্যি বলতে, যদি সুযোগ পাই, অবশ্যই আমি আইপিএল খেলতে চাইব। আমি খোলাখুলিভাবেই বলছি। তবে যদি সুযোগ না পাই, তাহলে পিএসএলই খেলব।",-1,-1,-1,-1,0,0,0,0,0,1
"ব্যর্থতা মানে শেষ না, বরং নতুন করে শুরু করার সুযোগ। শিখুন, উন্নতি করুন এবং এগিয়ে যান!",banglatoco,"আইপিএল না পিএসএল—পাকিস্তানের আমির বেছে নিলেন ভারতের আইপিএল আইপিএল খেলার ইচ্ছার কথা আগেই জানিয়েছেন মোহাম্মদ আমির। আগামী বছর ব্রিটিশ পাসপোর্ট পাওয়ার আশা করছেন তিনি। সেই সুবাদে আইপিএলের সামনের আসরে একজন ব্রিটিশ হিসেবে খেলার সুযোগ থাকবে তাঁর।ধরা যাক, আমিরকে আইপিএলের কোনো এক দল কিনেও নিল। তখন যদি একই সময়ে আইপিএল, পিএসএল দুটি টুর্নামেন্টই হয়, তাহলে কোন লিগে খেলবেন আমির?কোয়েটা গ্ল্যাডিয়েটরসের পডকাস্ট শোতে কোয়েটার হয়ে পিএসএল খেলা আমিরকে এই প্রশ্নটি করা হয়েছিল। সেই প্রশ্নের উত্তরে পাকিস্তানের বাঁহাতি পেসার কোনো দ্বিধাদ্বন্দ্ব ছাড়াই আইপিএলকে বেছে নিয়েছেন। আমিরের জবাবটা এ রকম—‘সত্যি বলতে, যদি সুযোগ পাই, অবশ্যই আমি আইপিএল খেলতে চাইব। আমি খোলাখুলিভাবেই বলছি। তবে যদি সুযোগ না পাই, তাহলে পিএসএলই খেলব।",-1,-1,-1,-1,0,0,0,0,0,1
নিজের ভালো পা**গলও বুঝে...,banglatoco,"আইপিএল না পিএসএল—পাকিস্তানের আমির বেছে নিলেন ভারতের আইপিএল আইপিএল খেলার ইচ্ছার কথা আগেই জানিয়েছেন মোহাম্মদ আমির। আগামী বছর ব্রিটিশ পাসপোর্ট পাওয়ার আশা করছেন তিনি। সেই সুবাদে আইপিএলের সামনের আসরে একজন ব্রিটিশ হিসেবে খেলার সুযোগ থাকবে তাঁর।ধরা যাক, আমিরকে আইপিএলের কোনো এক দল কিনেও নিল। তখন যদি একই সময়ে আইপিএল, পিএসএল দুটি টুর্নামেন্টই হয়, তাহলে কোন লিগে খেলবেন আমির?কোয়েটা গ্ল্যাডিয়েটরসের পডকাস্ট শোতে কোয়েটার হয়ে পিএসএল খেলা আমিরকে এই প্রশ্নটি করা হয়েছিল। সেই প্রশ্নের উত্তরে পাকিস্তানের বাঁহাতি পেসার কোনো দ্বিধাদ্বন্দ্ব ছাড়াই আইপিএলকে বেছে নিয়েছেন। আমিরের জবাবটা এ রকম—‘সত্যি বলতে, যদি সুযোগ পাই, অবশ্যই আমি আইপিএল খেলতে চাইব। আমি খোলাখুলিভাবেই বলছি। তবে যদি সুযোগ না পাই, তাহলে পিএসএলই খেলব।",-1,-1,-1,-1,0,0,0,0,0,1
পাকিস্তানিরা গাদ্দার।,banglatoco,"আইপিএল না পিএসএল—পাকিস্তানের আমির বেছে নিলেন ভারতের আইপিএল আইপিএল খেলার ইচ্ছার কথা আগেই জানিয়েছেন মোহাম্মদ আমির। আগামী বছর ব্রিটিশ পাসপোর্ট পাওয়ার আশা করছেন তিনি। সেই সুবাদে আইপিএলের সামনের আসরে একজন ব্রিটিশ হিসেবে খেলার সুযোগ থাকবে তাঁর।ধরা যাক, আমিরকে আইপিএলের কোনো এক দল কিনেও নিল। তখন যদি একই সময়ে আইপিএল, পিএসএল দুটি টুর্নামেন্টই হয়, তাহলে কোন লিগে খেলবেন আমির?কোয়েটা গ্ল্যাডিয়েটরসের পডকাস্ট শোতে কোয়েটার হয়ে পিএসএল খেলা আমিরকে এই প্রশ্নটি করা হয়েছিল। সেই প্রশ্নের উত্তরে পাকিস্তানের বাঁহাতি পেসার কোনো দ্বিধাদ্বন্দ্ব ছাড়াই আইপিএলকে বেছে নিয়েছেন। আমিরের জবাবটা এ রকম—‘সত্যি বলতে, যদি সুযোগ পাই, অবশ্যই আমি আইপিএল খেলতে চাইব। আমি খোলাখুলিভাবেই বলছি। তবে যদি সুযোগ না পাই, তাহলে পিএসএলই খেলব।",-1,-1,-1,-1,1,0,0,0,0,1
ঠিকই বলছে কিংমির,banglatoco,"আইপিএল না পিএসএল—পাকিস্তানের আমির বেছে নিলেন ভারতের আইপিএল আইপিএল খেলার ইচ্ছার কথা আগেই জানিয়েছেন মোহাম্মদ আমির। আগামী বছর ব্রিটিশ পাসপোর্ট পাওয়ার আশা করছেন তিনি। সেই সুবাদে আইপিএলের সামনের আসরে একজন ব্রিটিশ হিসেবে খেলার সুযোগ থাকবে তাঁর।ধরা যাক, আমিরকে আইপিএলের কোনো এক দল কিনেও নিল। তখন যদি একই সময়ে আইপিএল, পিএসএল দুটি টুর্নামেন্টই হয়, তাহলে কোন লিগে খেলবেন আমির?কোয়েটা গ্ল্যাডিয়েটরসের পডকাস্ট শোতে কোয়েটার হয়ে পিএসএল খেলা আমিরকে এই প্রশ্নটি করা হয়েছিল। সেই প্রশ্নের উত্তরে পাকিস্তানের বাঁহাতি পেসার কোনো দ্বিধাদ্বন্দ্ব ছাড়াই আইপিএলকে বেছে নিয়েছেন। আমিরের জবাবটা এ রকম—‘সত্যি বলতে, যদি সুযোগ পাই, অবশ্যই আমি আইপিএল খেলতে চাইব। আমি খোলাখুলিভাবেই বলছি। তবে যদি সুযোগ না পাই, তাহলে পিএসএলই খেলব।",-1,-1,-1,-1,0,0,0,0,0,1
শয়তান ট্রাম্প,banglatoco,"গোসলে পানি ব্যবহারের সীমা তুলে নির্বাহী আদেশ ট্রাম্পের দ্বিতীয় মেয়াদে গত ২০ জানুয়ারি যুক্তরাষ্ট্রের প্রেসিডেন্টের দায়িত্ব নেওয়ার পর থেকে একের পর এক নির্বাহী আদেশ জারি করে যাচ্ছেন ডোনাল্ড ট্রাম্প। স্থানীয় সময় গত বুধবার ব্যতিক্রমী এক নির্বাহী আদেশ জারি করেছেন তিনি। নির্বাহী আদেশের মাধ্যমে গোসলের সময় পানির চাপের যে সীমা বেঁধে দেওয়া ছিল, তা প্রত্যাহার করে নিয়েছেন ট্রাম্প।হোয়াইট হাউসের ওভাল অফিসে এই নির্বাহী আদেশ জারির সময় ট্রাম্প সাংবাদিকদের বলেন, ‘আমার ক্ষেত্রে আমি সুন্দরভাবে গোসল করতে চাই। আমার দারুণ চুলগুলোর যত্ন নিতে চাই। কিন্তু চুল ভেজার জন্য আমাকে পানির নিচে ১৫ মিনিট অপেক্ষা করতে হয়। পানি পড়ে ফোঁটায় ফোঁটায়। এটা হাস্যকর।’পানি সংরক্ষণে মার্কিন যে নীতি, সে অনুযায়ী গোসলের ক্ষেত্রে প্রতি মিনিটে আড়াই গ্যালন করে পানি বের হতো। ট্রাম্পের নির্বাহী আদেশের কারণে এই সীমা এখন আর থাকবে না।",-1,-1,-1,-1,1,0,0,0,0,1
ডোনাল ডেরাম দেখছি পুরাই উলটা,banglatoco,"গোসলে পানি ব্যবহারের সীমা তুলে নির্বাহী আদেশ ট্রাম্পের দ্বিতীয় মেয়াদে গত ২০ জানুয়ারি যুক্তরাষ্ট্রের প্রেসিডেন্টের দায়িত্ব নেওয়ার পর থেকে একের পর এক নির্বাহী আদেশ জারি করে যাচ্ছেন ডোনাল্ড ট্রাম্প। স্থানীয় সময় গত বুধবার ব্যতিক্রমী এক নির্বাহী আদেশ জারি করেছেন তিনি। নির্বাহী আদেশের মাধ্যমে গোসলের সময় পানির চাপের যে সীমা বেঁধে দেওয়া ছিল, তা প্রত্যাহার করে নিয়েছেন ট্রাম্প।হোয়াইট হাউসের ওভাল অফিসে এই নির্বাহী আদেশ জারির সময় ট্রাম্প সাংবাদিকদের বলেন, ‘আমার ক্ষেত্রে আমি সুন্দরভাবে গোসল করতে চাই। আমার দারুণ চুলগুলোর যত্ন নিতে চাই। কিন্তু চুল ভেজার জন্য আমাকে পানির নিচে ১৫ মিনিট অপেক্ষা করতে হয়। পানি পড়ে ফোঁটায় ফোঁটায়। এটা হাস্যকর।’পানি সংরক্ষণে মার্কিন যে নীতি, সে অনুযায়ী গোসলের ক্ষেত্রে প্রতি মিনিটে আড়াই গ্যালন করে পানি বের হতো। ট্রাম্পের নির্বাহী আদেশের কারণে এই সীমা এখন আর থাকবে না।",-1,-1,-1,-1,1,0,0,0,0,1
উন্নত দেশের উন্নত পা%গল,banglatoco,"গোসলে পানি ব্যবহারের সীমা তুলে নির্বাহী আদেশ ট্রাম্পের দ্বিতীয় মেয়াদে গত ২০ জানুয়ারি যুক্তরাষ্ট্রের প্রেসিডেন্টের দায়িত্ব নেওয়ার পর থেকে একের পর এক নির্বাহী আদেশ জারি করে যাচ্ছেন ডোনাল্ড ট্রাম্প। স্থানীয় সময় গত বুধবার ব্যতিক্রমী এক নির্বাহী আদেশ জারি করেছেন তিনি। নির্বাহী আদেশের মাধ্যমে গোসলের সময় পানির চাপের যে সীমা বেঁধে দেওয়া ছিল, তা প্রত্যাহার করে নিয়েছেন ট্রাম্প।হোয়াইট হাউসের ওভাল অফিসে এই নির্বাহী আদেশ জারির সময় ট্রাম্প সাংবাদিকদের বলেন, ‘আমার ক্ষেত্রে আমি সুন্দরভাবে গোসল করতে চাই। আমার দারুণ চুলগুলোর যত্ন নিতে চাই। কিন্তু চুল ভেজার জন্য আমাকে পানির নিচে ১৫ মিনিট অপেক্ষা করতে হয়। পানি পড়ে ফোঁটায় ফোঁটায়। এটা হাস্যকর।’পানি সংরক্ষণে মার্কিন যে নীতি, সে অনুযায়ী গোসলের ক্ষেত্রে প্রতি মিনিটে আড়াই গ্যালন করে পানি বের হতো। ট্রাম্পের নির্বাহী আদেশের কারণে এই সীমা এখন আর থাকবে না।",-1,-1,-1,-1,1,0,0,0,0,1
বাকি রইল সহবাস,banglatoco,"গোসলে পানি ব্যবহারের সীমা তুলে নির্বাহী আদেশ ট্রাম্পের দ্বিতীয় মেয়াদে গত ২০ জানুয়ারি যুক্তরাষ্ট্রের প্রেসিডেন্টের দায়িত্ব নেওয়ার পর থেকে একের পর এক নির্বাহী আদেশ জারি করে যাচ্ছেন ডোনাল্ড ট্রাম্প। স্থানীয় সময় গত বুধবার ব্যতিক্রমী এক নির্বাহী আদেশ জারি করেছেন তিনি। নির্বাহী আদেশের মাধ্যমে গোসলের সময় পানির চাপের যে সীমা বেঁধে দেওয়া ছিল, তা প্রত্যাহার করে নিয়েছেন ট্রাম্প।হোয়াইট হাউসের ওভাল অফিসে এই নির্বাহী আদেশ জারির সময় ট্রাম্প সাংবাদিকদের বলেন, ‘আমার ক্ষেত্রে আমি সুন্দরভাবে গোসল করতে চাই। আমার দারুণ চুলগুলোর যত্ন নিতে চাই। কিন্তু চুল ভেজার জন্য আমাকে পানির নিচে ১৫ মিনিট অপেক্ষা করতে হয়। পানি পড়ে ফোঁটায় ফোঁটায়। এটা হাস্যকর।’পানি সংরক্ষণে মার্কিন যে নীতি, সে অনুযায়ী গোসলের ক্ষেত্রে প্রতি মিনিটে আড়াই গ্যালন করে পানি বের হতো। ট্রাম্পের নির্বাহী আদেশের কারণে এই সীমা এখন আর থাকবে না। এই বাস নিয়া আপনার চিন্তা কিসের?ভাই❤️",-1,-1,-1,-1,1,0,0,0,0,1
হাগুতে সীমা পেরিয়ে গেলে কি হবে?,banglatoco,"গোসলে পানি ব্যবহারের সীমা তুলে নির্বাহী আদেশ ট্রাম্পের দ্বিতীয় মেয়াদে গত ২০ জানুয়ারি যুক্তরাষ্ট্রের প্রেসিডেন্টের দায়িত্ব নেওয়ার পর থেকে একের পর এক নির্বাহী আদেশ জারি করে যাচ্ছেন ডোনাল্ড ট্রাম্প। স্থানীয় সময় গত বুধবার ব্যতিক্রমী এক নির্বাহী আদেশ জারি করেছেন তিনি। নির্বাহী আদেশের মাধ্যমে গোসলের সময় পানির চাপের যে সীমা বেঁধে দেওয়া ছিল, তা প্রত্যাহার করে নিয়েছেন ট্রাম্প।হোয়াইট হাউসের ওভাল অফিসে এই নির্বাহী আদেশ জারির সময় ট্রাম্প সাংবাদিকদের বলেন, ‘আমার ক্ষেত্রে আমি সুন্দরভাবে গোসল করতে চাই। আমার দারুণ চুলগুলোর যত্ন নিতে চাই। কিন্তু চুল ভেজার জন্য আমাকে পানির নিচে ১৫ মিনিট অপেক্ষা করতে হয়। পানি পড়ে ফোঁটায় ফোঁটায়। এটা হাস্যকর।’পানি সংরক্ষণে মার্কিন যে নীতি, সে অনুযায়ী গোসলের ক্ষেত্রে প্রতি মিনিটে আড়াই গ্যালন করে পানি বের হতো। ট্রাম্পের নির্বাহী আদেশের কারণে এই সীমা এখন আর থাকবে না।",-1,-1,-1,-1,1,0,0,0,0,1
এই পাগল কখন কি করে আল্লাহ্ তায়ালা ছাড়া কেউ জানে না😆🙃😃😄,banglatoco,"গোসলে পানি ব্যবহারের সীমা তুলে নির্বাহী আদেশ ট্রাম্পের দ্বিতীয় মেয়াদে গত ২০ জানুয়ারি যুক্তরাষ্ট্রের প্রেসিডেন্টের দায়িত্ব নেওয়ার পর থেকে একের পর এক নির্বাহী আদেশ জারি করে যাচ্ছেন ডোনাল্ড ট্রাম্প। স্থানীয় সময় গত বুধবার ব্যতিক্রমী এক নির্বাহী আদেশ জারি করেছেন তিনি। নির্বাহী আদেশের মাধ্যমে গোসলের সময় পানির চাপের যে সীমা বেঁধে দেওয়া ছিল, তা প্রত্যাহার করে নিয়েছেন ট্রাম্প।হোয়াইট হাউসের ওভাল অফিসে এই নির্বাহী আদেশ জারির সময় ট্রাম্প সাংবাদিকদের বলেন, ‘আমার ক্ষেত্রে আমি সুন্দরভাবে গোসল করতে চাই। আমার দারুণ চুলগুলোর যত্ন নিতে চাই। কিন্তু চুল ভেজার জন্য আমাকে পানির নিচে ১৫ মিনিট অপেক্ষা করতে হয়। পানি পড়ে ফোঁটায় ফোঁটায়। এটা হাস্যকর।’পানি সংরক্ষণে মার্কিন যে নীতি, সে অনুযায়ী গোসলের ক্ষেত্রে প্রতি মিনিটে আড়াই গ্যালন করে পানি বের হতো। ট্রাম্পের নির্বাহী আদেশের কারণে এই সীমা এখন আর থাকবে না।",-1,-1,-1,-1,1,0,0,0,0,1
আমাদের পাবনা হাসপাতালে পাঠিয়ে দেন,banglatoco,"গোসলে পানি ব্যবহারের সীমা তুলে নির্বাহী আদেশ ট্রাম্পের দ্বিতীয় মেয়াদে গত ২০ জানুয়ারি যুক্তরাষ্ট্রের প্রেসিডেন্টের দায়িত্ব নেওয়ার পর থেকে একের পর এক নির্বাহী আদেশ জারি করে যাচ্ছেন ডোনাল্ড ট্রাম্প। স্থানীয় সময় গত বুধবার ব্যতিক্রমী এক নির্বাহী আদেশ জারি করেছেন তিনি। নির্বাহী আদেশের মাধ্যমে গোসলের সময় পানির চাপের যে সীমা বেঁধে দেওয়া ছিল, তা প্রত্যাহার করে নিয়েছেন ট্রাম্প।হোয়াইট হাউসের ওভাল অফিসে এই নির্বাহী আদেশ জারির সময় ট্রাম্প সাংবাদিকদের বলেন, ‘আমার ক্ষেত্রে আমি সুন্দরভাবে গোসল করতে চাই। আমার দারুণ চুলগুলোর যত্ন নিতে চাই। কিন্তু চুল ভেজার জন্য আমাকে পানির নিচে ১৫ মিনিট অপেক্ষা করতে হয়। পানি পড়ে ফোঁটায় ফোঁটায়। এটা হাস্যকর।’পানি সংরক্ষণে মার্কিন যে নীতি, সে অনুযায়ী গোসলের ক্ষেত্রে প্রতি মিনিটে আড়াই গ্যালন করে পানি বের হতো। ট্রাম্পের নির্বাহী আদেশের কারণে এই সীমা এখন আর থাকবে না।",-1,-1,-1,-1,1,0,0,0,0,1
উনি বিশ্বের উন্নতম শক্তিধর দেশের প্রেসিডেন্ট,banglatoco,"গোসলে পানি ব্যবহারের সীমা তুলে নির্বাহী আদেশ ট্রাম্পের দ্বিতীয় মেয়াদে গত ২০ জানুয়ারি যুক্তরাষ্ট্রের প্রেসিডেন্টের দায়িত্ব নেওয়ার পর থেকে একের পর এক নির্বাহী আদেশ জারি করে যাচ্ছেন ডোনাল্ড ট্রাম্প। স্থানীয় সময় গত বুধবার ব্যতিক্রমী এক নির্বাহী আদেশ জারি করেছেন তিনি। নির্বাহী আদেশের মাধ্যমে গোসলের সময় পানির চাপের যে সীমা বেঁধে দেওয়া ছিল, তা প্রত্যাহার করে নিয়েছেন ট্রাম্প।হোয়াইট হাউসের ওভাল অফিসে এই নির্বাহী আদেশ জারির সময় ট্রাম্প সাংবাদিকদের বলেন, ‘আমার ক্ষেত্রে আমি সুন্দরভাবে গোসল করতে চাই। আমার দারুণ চুলগুলোর যত্ন নিতে চাই। কিন্তু চুল ভেজার জন্য আমাকে পানির নিচে ১৫ মিনিট অপেক্ষা করতে হয়। পানি পড়ে ফোঁটায় ফোঁটায়। এটা হাস্যকর।’পানি সংরক্ষণে মার্কিন যে নীতি, সে অনুযায়ী গোসলের ক্ষেত্রে প্রতি মিনিটে আড়াই গ্যালন করে পানি বের হতো। ট্রাম্পের নির্বাহী আদেশের কারণে এই সীমা এখন আর থাকবে না।",-1,-1,-1,-1,0,0,0,0,0,1
ওরে দেখলে বুঝা যায় সে ১৫ দিন গোছল করে না,banglatoco,"গোসলে পানি ব্যবহারের সীমা তুলে নির্বাহী আদেশ ট্রাম্পের দ্বিতীয় মেয়াদে গত ২০ জানুয়ারি যুক্তরাষ্ট্রের প্রেসিডেন্টের দায়িত্ব নেওয়ার পর থেকে একের পর এক নির্বাহী আদেশ জারি করে যাচ্ছেন ডোনাল্ড ট্রাম্প। স্থানীয় সময় গত বুধবার ব্যতিক্রমী এক নির্বাহী আদেশ জারি করেছেন তিনি। নির্বাহী আদেশের মাধ্যমে গোসলের সময় পানির চাপের যে সীমা বেঁধে দেওয়া ছিল, তা প্রত্যাহার করে নিয়েছেন ট্রাম্প।হোয়াইট হাউসের ওভাল অফিসে এই নির্বাহী আদেশ জারির সময় ট্রাম্প সাংবাদিকদের বলেন, ‘আমার ক্ষেত্রে আমি সুন্দরভাবে গোসল করতে চাই। আমার দারুণ চুলগুলোর যত্ন নিতে চাই। কিন্তু চুল ভেজার জন্য আমাকে পানির নিচে ১৫ মিনিট অপেক্ষা করতে হয়। পানি পড়ে ফোঁটায় ফোঁটায়। এটা হাস্যকর।’পানি সংরক্ষণে মার্কিন যে নীতি, সে অনুযায়ী গোসলের ক্ষেত্রে প্রতি মিনিটে আড়াই গ্যালন করে পানি বের হতো। ট্রাম্পের নির্বাহী আদেশের কারণে এই সীমা এখন আর থাকবে না।",-1,-1,-1,-1,1,0,0,0,0,1
কি একটা অবস্থা,banglatoco,"গোসলে পানি ব্যবহারের সীমা তুলে নির্বাহী আদেশ ট্রাম্পের দ্বিতীয় মেয়াদে গত ২০ জানুয়ারি যুক্তরাষ্ট্রের প্রেসিডেন্টের দায়িত্ব নেওয়ার পর থেকে একের পর এক নির্বাহী আদেশ জারি করে যাচ্ছেন ডোনাল্ড ট্রাম্প। স্থানীয় সময় গত বুধবার ব্যতিক্রমী এক নির্বাহী আদেশ জারি করেছেন তিনি। নির্বাহী আদেশের মাধ্যমে গোসলের সময় পানির চাপের যে সীমা বেঁধে দেওয়া ছিল, তা প্রত্যাহার করে নিয়েছেন ট্রাম্প।হোয়াইট হাউসের ওভাল অফিসে এই নির্বাহী আদেশ জারির সময় ট্রাম্প সাংবাদিকদের বলেন, ‘আমার ক্ষেত্রে আমি সুন্দরভাবে গোসল করতে চাই। আমার দারুণ চুলগুলোর যত্ন নিতে চাই। কিন্তু চুল ভেজার জন্য আমাকে পানির নিচে ১৫ মিনিট অপেক্ষা করতে হয়। পানি পড়ে ফোঁটায় ফোঁটায়। এটা হাস্যকর।’পানি সংরক্ষণে মার্কিন যে নীতি, সে অনুযায়ী গোসলের ক্ষেত্রে প্রতি মিনিটে আড়াই গ্যালন করে পানি বের হতো। ট্রাম্পের নির্বাহী আদেশের কারণে এই সীমা এখন আর থাকবে না।",-1,-1,-1,-1,0,0,0,0,0,1
পাগলের সুখ বেশি পানিতে,banglatoco,"গোসলে পানি ব্যবহারের সীমা তুলে নির্বাহী আদেশ ট্রাম্পের দ্বিতীয় মেয়াদে গত ২০ জানুয়ারি যুক্তরাষ্ট্রের প্রেসিডেন্টের দায়িত্ব নেওয়ার পর থেকে একের পর এক নির্বাহী আদেশ জারি করে যাচ্ছেন ডোনাল্ড ট্রাম্প। স্থানীয় সময় গত বুধবার ব্যতিক্রমী এক নির্বাহী আদেশ জারি করেছেন তিনি। নির্বাহী আদেশের মাধ্যমে গোসলের সময় পানির চাপের যে সীমা বেঁধে দেওয়া ছিল, তা প্রত্যাহার করে নিয়েছেন ট্রাম্প।হোয়াইট হাউসের ওভাল অফিসে এই নির্বাহী আদেশ জারির সময় ট্রাম্প সাংবাদিকদের বলেন, ‘আমার ক্ষেত্রে আমি সুন্দরভাবে গোসল করতে চাই। আমার দারুণ চুলগুলোর যত্ন নিতে চাই। কিন্তু চুল ভেজার জন্য আমাকে পানির নিচে ১৫ মিনিট অপেক্ষা করতে হয়। পানি পড়ে ফোঁটায় ফোঁটায়। এটা হাস্যকর।’পানি সংরক্ষণে মার্কিন যে নীতি, সে অনুযায়ী গোসলের ক্ষেত্রে প্রতি মিনিটে আড়াই গ্যালন করে পানি বের হতো। ট্রাম্পের নির্বাহী আদেশের কারণে এই সীমা এখন আর থাকবে না।",-1,-1,-1,-1,1,0,0,0,0,1
পাগলা,banglatoco,"গোসলে পানি ব্যবহারের সীমা তুলে নির্বাহী আদেশ ট্রাম্পের দ্বিতীয় মেয়াদে গত ২০ জানুয়ারি যুক্তরাষ্ট্রের প্রেসিডেন্টের দায়িত্ব নেওয়ার পর থেকে একের পর এক নির্বাহী আদেশ জারি করে যাচ্ছেন ডোনাল্ড ট্রাম্প। স্থানীয় সময় গত বুধবার ব্যতিক্রমী এক নির্বাহী আদেশ জারি করেছেন তিনি। নির্বাহী আদেশের মাধ্যমে গোসলের সময় পানির চাপের যে সীমা বেঁধে দেওয়া ছিল, তা প্রত্যাহার করে নিয়েছেন ট্রাম্প।হোয়াইট হাউসের ওভাল অফিসে এই নির্বাহী আদেশ জারির সময় ট্রাম্প সাংবাদিকদের বলেন, ‘আমার ক্ষেত্রে আমি সুন্দরভাবে গোসল করতে চাই। আমার দারুণ চুলগুলোর যত্ন নিতে চাই। কিন্তু চুল ভেজার জন্য আমাকে পানির নিচে ১৫ মিনিট অপেক্ষা করতে হয়। পানি পড়ে ফোঁটায় ফোঁটায়। এটা হাস্যকর।’পানি সংরক্ষণে মার্কিন যে নীতি, সে অনুযায়ী গোসলের ক্ষেত্রে প্রতি মিনিটে আড়াই গ্যালন করে পানি বের হতো। ট্রাম্পের নির্বাহী আদেশের কারণে এই সীমা এখন আর থাকবে না।",-1,-1,-1,-1,1,0,0,0,0,1
বিশ্বের ঐতিহাসিক উন্মাদ।,banglatoco,"গোসলে পানি ব্যবহারের সীমা তুলে নির্বাহী আদেশ ট্রাম্পের দ্বিতীয় মেয়াদে গত ২০ জানুয়ারি যুক্তরাষ্ট্রের প্রেসিডেন্টের দায়িত্ব নেওয়ার পর থেকে একের পর এক নির্বাহী আদেশ জারি করে যাচ্ছেন ডোনাল্ড ট্রাম্প। স্থানীয় সময় গত বুধবার ব্যতিক্রমী এক নির্বাহী আদেশ জারি করেছেন তিনি। নির্বাহী আদেশের মাধ্যমে গোসলের সময় পানির চাপের যে সীমা বেঁধে দেওয়া ছিল, তা প্রত্যাহার করে নিয়েছেন ট্রাম্প।হোয়াইট হাউসের ওভাল অফিসে এই নির্বাহী আদেশ জারির সময় ট্রাম্প সাংবাদিকদের বলেন, ‘আমার ক্ষেত্রে আমি সুন্দরভাবে গোসল করতে চাই। আমার দারুণ চুলগুলোর যত্ন নিতে চাই। কিন্তু চুল ভেজার জন্য আমাকে পানির নিচে ১৫ মিনিট অপেক্ষা করতে হয়। পানি পড়ে ফোঁটায় ফোঁটায়। এটা হাস্যকর।’পানি সংরক্ষণে মার্কিন যে নীতি, সে অনুযায়ী গোসলের ক্ষেত্রে প্রতি মিনিটে আড়াই গ্যালন করে পানি বের হতো। ট্রাম্পের নির্বাহী আদেশের কারণে এই সীমা এখন আর থাকবে না।",-1,-1,-1,-1,1,0,0,0,0,1
শালা একটা আস্ত শুয়োরের বাচ্চা,banglatoco,"গোসলে পানি ব্যবহারের সীমা তুলে নির্বাহী আদেশ ট্রাম্পের দ্বিতীয় মেয়াদে গত ২০ জানুয়ারি যুক্তরাষ্ট্রের প্রেসিডেন্টের দায়িত্ব নেওয়ার পর থেকে একের পর এক নির্বাহী আদেশ জারি করে যাচ্ছেন ডোনাল্ড ট্রাম্প। স্থানীয় সময় গত বুধবার ব্যতিক্রমী এক নির্বাহী আদেশ জারি করেছেন তিনি। নির্বাহী আদেশের মাধ্যমে গোসলের সময় পানির চাপের যে সীমা বেঁধে দেওয়া ছিল, তা প্রত্যাহার করে নিয়েছেন ট্রাম্প।হোয়াইট হাউসের ওভাল অফিসে এই নির্বাহী আদেশ জারির সময় ট্রাম্প সাংবাদিকদের বলেন, ‘আমার ক্ষেত্রে আমি সুন্দরভাবে গোসল করতে চাই। আমার দারুণ চুলগুলোর যত্ন নিতে চাই। কিন্তু চুল ভেজার জন্য আমাকে পানির নিচে ১৫ মিনিট অপেক্ষা করতে হয়। পানি পড়ে ফোঁটায় ফোঁটায়। এটা হাস্যকর।’পানি সংরক্ষণে মার্কিন যে নীতি, সে অনুযায়ী গোসলের ক্ষেত্রে প্রতি মিনিটে আড়াই গ্যালন করে পানি বের হতো। ট্রাম্পের নির্বাহী আদেশের কারণে এই সীমা এখন আর থাকবে না।",-1,-1,-1,-1,1,0,0,0,0,1
শালা মনে হয় পায়খানা করার পর পানি দিয়ে ধুয়ে ফেলেনা মন হয়,banglatoco,"গোসলে পানি ব্যবহারের সীমা তুলে নির্বাহী আদেশ ট্রাম্পের দ্বিতীয় মেয়াদে গত ২০ জানুয়ারি যুক্তরাষ্ট্রের প্রেসিডেন্টের দায়িত্ব নেওয়ার পর থেকে একের পর এক নির্বাহী আদেশ জারি করে যাচ্ছেন ডোনাল্ড ট্রাম্প। স্থানীয় সময় গত বুধবার ব্যতিক্রমী এক নির্বাহী আদেশ জারি করেছেন তিনি। নির্বাহী আদেশের মাধ্যমে গোসলের সময় পানির চাপের যে সীমা বেঁধে দেওয়া ছিল, তা প্রত্যাহার করে নিয়েছেন ট্রাম্প।হোয়াইট হাউসের ওভাল অফিসে এই নির্বাহী আদেশ জারির সময় ট্রাম্প সাংবাদিকদের বলেন, ‘আমার ক্ষেত্রে আমি সুন্দরভাবে গোসল করতে চাই। আমার দারুণ চুলগুলোর যত্ন নিতে চাই। কিন্তু চুল ভেজার জন্য আমাকে পানির নিচে ১৫ মিনিট অপেক্ষা করতে হয়। পানি পড়ে ফোঁটায় ফোঁটায়। এটা হাস্যকর।’পানি সংরক্ষণে মার্কিন যে নীতি, সে অনুযায়ী গোসলের ক্ষেত্রে প্রতি মিনিটে আড়াই গ্যালন করে পানি বের হতো। ট্রাম্পের নির্বাহী আদেশের কারণে এই সীমা এখন আর থাকবে না।",-1,-1,-1,-1,1,0,0,0,0,1
মাথার তার কয়টা কাটা কে জানে।🤔🤔,banglatoco,"গোসলে পানি ব্যবহারের সীমা তুলে নির্বাহী আদেশ ট্রাম্পের দ্বিতীয় মেয়াদে গত ২০ জানুয়ারি যুক্তরাষ্ট্রের প্রেসিডেন্টের দায়িত্ব নেওয়ার পর থেকে একের পর এক নির্বাহী আদেশ জারি করে যাচ্ছেন ডোনাল্ড ট্রাম্প। স্থানীয় সময় গত বুধবার ব্যতিক্রমী এক নির্বাহী আদেশ জারি করেছেন তিনি। নির্বাহী আদেশের মাধ্যমে গোসলের সময় পানির চাপের যে সীমা বেঁধে দেওয়া ছিল, তা প্রত্যাহার করে নিয়েছেন ট্রাম্প।হোয়াইট হাউসের ওভাল অফিসে এই নির্বাহী আদেশ জারির সময় ট্রাম্প সাংবাদিকদের বলেন, ‘আমার ক্ষেত্রে আমি সুন্দরভাবে গোসল করতে চাই। আমার দারুণ চুলগুলোর যত্ন নিতে চাই। কিন্তু চুল ভেজার জন্য আমাকে পানির নিচে ১৫ মিনিট অপেক্ষা করতে হয়। পানি পড়ে ফোঁটায় ফোঁটায়। এটা হাস্যকর।’পানি সংরক্ষণে মার্কিন যে নীতি, সে অনুযায়ী গোসলের ক্ষেত্রে প্রতি মিনিটে আড়াই গ্যালন করে পানি বের হতো। ট্রাম্পের নির্বাহী আদেশের কারণে এই সীমা এখন আর থাকবে না।",-1,-1,-1,-1,1,0,0,0,0,1
"কাম সারছে, হাগাতেও পানি নেয়না এখন গোসলেও পানি নিবেনা। শুভকামনা নব মার্কিন দম্পতিদের জন্য😂",banglatoco,"গোসলে পানি ব্যবহারের সীমা তুলে নির্বাহী আদেশ ট্রাম্পের দ্বিতীয় মেয়াদে গত ২০ জানুয়ারি যুক্তরাষ্ট্রের প্রেসিডেন্টের দায়িত্ব নেওয়ার পর থেকে একের পর এক নির্বাহী আদেশ জারি করে যাচ্ছেন ডোনাল্ড ট্রাম্প। স্থানীয় সময় গত বুধবার ব্যতিক্রমী এক নির্বাহী আদেশ জারি করেছেন তিনি। নির্বাহী আদেশের মাধ্যমে গোসলের সময় পানির চাপের যে সীমা বেঁধে দেওয়া ছিল, তা প্রত্যাহার করে নিয়েছেন ট্রাম্প।হোয়াইট হাউসের ওভাল অফিসে এই নির্বাহী আদেশ জারির সময় ট্রাম্প সাংবাদিকদের বলেন, ‘আমার ক্ষেত্রে আমি সুন্দরভাবে গোসল করতে চাই। আমার দারুণ চুলগুলোর যত্ন নিতে চাই। কিন্তু চুল ভেজার জন্য আমাকে পানির নিচে ১৫ মিনিট অপেক্ষা করতে হয়। পানি পড়ে ফোঁটায় ফোঁটায়। এটা হাস্যকর।’পানি সংরক্ষণে মার্কিন যে নীতি, সে অনুযায়ী গোসলের ক্ষেত্রে প্রতি মিনিটে আড়াই গ্যালন করে পানি বের হতো। ট্রাম্পের নির্বাহী আদেশের কারণে এই সীমা এখন আর থাকবে না।",-1,-1,-1,-1,1,0,0,0,0,1
হ্লার পুত আস্ত পাগল,banglatoco,"গোসলে পানি ব্যবহারের সীমা তুলে নির্বাহী আদেশ ট্রাম্পের দ্বিতীয় মেয়াদে গত ২০ জানুয়ারি যুক্তরাষ্ট্রের প্রেসিডেন্টের দায়িত্ব নেওয়ার পর থেকে একের পর এক নির্বাহী আদেশ জারি করে যাচ্ছেন ডোনাল্ড ট্রাম্প। স্থানীয় সময় গত বুধবার ব্যতিক্রমী এক নির্বাহী আদেশ জারি করেছেন তিনি। নির্বাহী আদেশের মাধ্যমে গোসলের সময় পানির চাপের যে সীমা বেঁধে দেওয়া ছিল, তা প্রত্যাহার করে নিয়েছেন ট্রাম্প।হোয়াইট হাউসের ওভাল অফিসে এই নির্বাহী আদেশ জারির সময় ট্রাম্প সাংবাদিকদের বলেন, ‘আমার ক্ষেত্রে আমি সুন্দরভাবে গোসল করতে চাই। আমার দারুণ চুলগুলোর যত্ন নিতে চাই। কিন্তু চুল ভেজার জন্য আমাকে পানির নিচে ১৫ মিনিট অপেক্ষা করতে হয়। পানি পড়ে ফোঁটায় ফোঁটায়। এটা হাস্যকর।’পানি সংরক্ষণে মার্কিন যে নীতি, সে অনুযায়ী গোসলের ক্ষেত্রে প্রতি মিনিটে আড়াই গ্যালন করে পানি বের হতো। ট্রাম্পের নির্বাহী আদেশের কারণে এই সীমা এখন আর থাকবে না।",-1,-1,-1,-1,1,0,0,0,0,1
তারা আবার প্রিডম এর কথা বলে,banglatoco,"গোসলে পানি ব্যবহারের সীমা তুলে নির্বাহী আদেশ ট্রাম্পের দ্বিতীয় মেয়াদে গত ২০ জানুয়ারি যুক্তরাষ্ট্রের প্রেসিডেন্টের দায়িত্ব নেওয়ার পর থেকে একের পর এক নির্বাহী আদেশ জারি করে যাচ্ছেন ডোনাল্ড ট্রাম্প। স্থানীয় সময় গত বুধবার ব্যতিক্রমী এক নির্বাহী আদেশ জারি করেছেন তিনি। নির্বাহী আদেশের মাধ্যমে গোসলের সময় পানির চাপের যে সীমা বেঁধে দেওয়া ছিল, তা প্রত্যাহার করে নিয়েছেন ট্রাম্প।হোয়াইট হাউসের ওভাল অফিসে এই নির্বাহী আদেশ জারির সময় ট্রাম্প সাংবাদিকদের বলেন, ‘আমার ক্ষেত্রে আমি সুন্দরভাবে গোসল করতে চাই। আমার দারুণ চুলগুলোর যত্ন নিতে চাই। কিন্তু চুল ভেজার জন্য আমাকে পানির নিচে ১৫ মিনিট অপেক্ষা করতে হয়। পানি পড়ে ফোঁটায় ফোঁটায়। এটা হাস্যকর।’পানি সংরক্ষণে মার্কিন যে নীতি, সে অনুযায়ী গোসলের ক্ষেত্রে প্রতি মিনিটে আড়াই গ্যালন করে পানি বের হতো। ট্রাম্পের নির্বাহী আদেশের কারণে এই সীমা এখন আর থাকবে না।",-1,-1,-1,-1,1,0,0,0,0,1
সভ্য দেশে অসভ্য প্রসিডেন্ট।???,banglatoco,"গোসলে পানি ব্যবহারের সীমা তুলে নির্বাহী আদেশ ট্রাম্পের দ্বিতীয় মেয়াদে গত ২০ জানুয়ারি যুক্তরাষ্ট্রের প্রেসিডেন্টের দায়িত্ব নেওয়ার পর থেকে একের পর এক নির্বাহী আদেশ জারি করে যাচ্ছেন ডোনাল্ড ট্রাম্প। স্থানীয় সময় গত বুধবার ব্যতিক্রমী এক নির্বাহী আদেশ জারি করেছেন তিনি। নির্বাহী আদেশের মাধ্যমে গোসলের সময় পানির চাপের যে সীমা বেঁধে দেওয়া ছিল, তা প্রত্যাহার করে নিয়েছেন ট্রাম্প।হোয়াইট হাউসের ওভাল অফিসে এই নির্বাহী আদেশ জারির সময় ট্রাম্প সাংবাদিকদের বলেন, ‘আমার ক্ষেত্রে আমি সুন্দরভাবে গোসল করতে চাই। আমার দারুণ চুলগুলোর যত্ন নিতে চাই। কিন্তু চুল ভেজার জন্য আমাকে পানির নিচে ১৫ মিনিট অপেক্ষা করতে হয়। পানি পড়ে ফোঁটায় ফোঁটায়। এটা হাস্যকর।’পানি সংরক্ষণে মার্কিন যে নীতি, সে অনুযায়ী গোসলের ক্ষেত্রে প্রতি মিনিটে আড়াই গ্যালন করে পানি বের হতো। ট্রাম্পের নির্বাহী আদেশের কারণে এই সীমা এখন আর থাকবে না।",-1,-1,-1,-1,1,0,0,0,0,1
"এই বদমায়েশের কারনে গাঁজা আজ মৃত্যু পুরী। মনে হয় হ্লা পাগল হয়ে মরবে,ওর মাথায় মনে হচ্ছে গন্ডগোল শুরু হয়ে গেছে।",banglatoco,"গোসলে পানি ব্যবহারের সীমা তুলে নির্বাহী আদেশ ট্রাম্পের দ্বিতীয় মেয়াদে গত ২০ জানুয়ারি যুক্তরাষ্ট্রের প্রেসিডেন্টের দায়িত্ব নেওয়ার পর থেকে একের পর এক নির্বাহী আদেশ জারি করে যাচ্ছেন ডোনাল্ড ট্রাম্প। স্থানীয় সময় গত বুধবার ব্যতিক্রমী এক নির্বাহী আদেশ জারি করেছেন তিনি। নির্বাহী আদেশের মাধ্যমে গোসলের সময় পানির চাপের যে সীমা বেঁধে দেওয়া ছিল, তা প্রত্যাহার করে নিয়েছেন ট্রাম্প।হোয়াইট হাউসের ওভাল অফিসে এই নির্বাহী আদেশ জারির সময় ট্রাম্প সাংবাদিকদের বলেন, ‘আমার ক্ষেত্রে আমি সুন্দরভাবে গোসল করতে চাই। আমার দারুণ চুলগুলোর যত্ন নিতে চাই। কিন্তু চুল ভেজার জন্য আমাকে পানির নিচে ১৫ মিনিট অপেক্ষা করতে হয়। পানি পড়ে ফোঁটায় ফোঁটায়। এটা হাস্যকর।’পানি সংরক্ষণে মার্কিন যে নীতি, সে অনুযায়ী গোসলের ক্ষেত্রে প্রতি মিনিটে আড়াই গ্যালন করে পানি বের হতো। ট্রাম্পের নির্বাহী আদেশের কারণে এই সীমা এখন আর থাকবে না।",-1,-1,-1,-1,1,0,0,0,0,1
শালা যদি পাবনা এনে একটা দিন রাখা যাইতো,banglatoco,"গোসলে পানি ব্যবহারের সীমা তুলে নির্বাহী আদেশ ট্রাম্পের দ্বিতীয় মেয়াদে গত ২০ জানুয়ারি যুক্তরাষ্ট্রের প্রেসিডেন্টের দায়িত্ব নেওয়ার পর থেকে একের পর এক নির্বাহী আদেশ জারি করে যাচ্ছেন ডোনাল্ড ট্রাম্প। স্থানীয় সময় গত বুধবার ব্যতিক্রমী এক নির্বাহী আদেশ জারি করেছেন তিনি। নির্বাহী আদেশের মাধ্যমে গোসলের সময় পানির চাপের যে সীমা বেঁধে দেওয়া ছিল, তা প্রত্যাহার করে নিয়েছেন ট্রাম্প।হোয়াইট হাউসের ওভাল অফিসে এই নির্বাহী আদেশ জারির সময় ট্রাম্প সাংবাদিকদের বলেন, ‘আমার ক্ষেত্রে আমি সুন্দরভাবে গোসল করতে চাই। আমার দারুণ চুলগুলোর যত্ন নিতে চাই। কিন্তু চুল ভেজার জন্য আমাকে পানির নিচে ১৫ মিনিট অপেক্ষা করতে হয়। পানি পড়ে ফোঁটায় ফোঁটায়। এটা হাস্যকর।’পানি সংরক্ষণে মার্কিন যে নীতি, সে অনুযায়ী গোসলের ক্ষেত্রে প্রতি মিনিটে আড়াই গ্যালন করে পানি বের হতো। ট্রাম্পের নির্বাহী আদেশের কারণে এই সীমা এখন আর থাকবে না।",-1,-1,-1,-1,1,0,0,0,0,1
"কিছুদিন পর বলবে,, টয়লেটে পায়খানা করার সময় কোন প্রকার আওয়াজ হতে পারবেনা,,এ ধরনের নির্বাহী আদেশ ও নিয়ে আসতে পারে এ লাল কুtta,",banglatoco,"গোসলে পানি ব্যবহারের সীমা তুলে নির্বাহী আদেশ ট্রাম্পের দ্বিতীয় মেয়াদে গত ২০ জানুয়ারি যুক্তরাষ্ট্রের প্রেসিডেন্টের দায়িত্ব নেওয়ার পর থেকে একের পর এক নির্বাহী আদেশ জারি করে যাচ্ছেন ডোনাল্ড ট্রাম্প। স্থানীয় সময় গত বুধবার ব্যতিক্রমী এক নির্বাহী আদেশ জারি করেছেন তিনি। নির্বাহী আদেশের মাধ্যমে গোসলের সময় পানির চাপের যে সীমা বেঁধে দেওয়া ছিল, তা প্রত্যাহার করে নিয়েছেন ট্রাম্প।হোয়াইট হাউসের ওভাল অফিসে এই নির্বাহী আদেশ জারির সময় ট্রাম্প সাংবাদিকদের বলেন, ‘আমার ক্ষেত্রে আমি সুন্দরভাবে গোসল করতে চাই। আমার দারুণ চুলগুলোর যত্ন নিতে চাই। কিন্তু চুল ভেজার জন্য আমাকে পানির নিচে ১৫ মিনিট অপেক্ষা করতে হয়। পানি পড়ে ফোঁটায় ফোঁটায়। এটা হাস্যকর।’পানি সংরক্ষণে মার্কিন যে নীতি, সে অনুযায়ী গোসলের ক্ষেত্রে প্রতি মিনিটে আড়াই গ্যালন করে পানি বের হতো। ট্রাম্পের নির্বাহী আদেশের কারণে এই সীমা এখন আর থাকবে না।",-1,-1,-1,-1,1,0,0,0,0,1
টেরাম মানে বিনোদন,banglatoco,"গোসলে পানি ব্যবহারের সীমা তুলে নির্বাহী আদেশ ট্রাম্পের দ্বিতীয় মেয়াদে গত ২০ জানুয়ারি যুক্তরাষ্ট্রের প্রেসিডেন্টের দায়িত্ব নেওয়ার পর থেকে একের পর এক নির্বাহী আদেশ জারি করে যাচ্ছেন ডোনাল্ড ট্রাম্প। স্থানীয় সময় গত বুধবার ব্যতিক্রমী এক নির্বাহী আদেশ জারি করেছেন তিনি। নির্বাহী আদেশের মাধ্যমে গোসলের সময় পানির চাপের যে সীমা বেঁধে দেওয়া ছিল, তা প্রত্যাহার করে নিয়েছেন ট্রাম্প।হোয়াইট হাউসের ওভাল অফিসে এই নির্বাহী আদেশ জারির সময় ট্রাম্প সাংবাদিকদের বলেন, ‘আমার ক্ষেত্রে আমি সুন্দরভাবে গোসল করতে চাই। আমার দারুণ চুলগুলোর যত্ন নিতে চাই। কিন্তু চুল ভেজার জন্য আমাকে পানির নিচে ১৫ মিনিট অপেক্ষা করতে হয়। পানি পড়ে ফোঁটায় ফোঁটায়। এটা হাস্যকর।’পানি সংরক্ষণে মার্কিন যে নীতি, সে অনুযায়ী গোসলের ক্ষেত্রে প্রতি মিনিটে আড়াই গ্যালন করে পানি বের হতো। ট্রাম্পের নির্বাহী আদেশের কারণে এই সীমা এখন আর থাকবে না।",-1,-1,-1,-1,1,0,0,0,0,1
এই সালারে ভোট দিসে কারা।,banglatoco,"গোসলে পানি ব্যবহারের সীমা তুলে নির্বাহী আদেশ ট্রাম্পের দ্বিতীয় মেয়াদে গত ২০ জানুয়ারি যুক্তরাষ্ট্রের প্রেসিডেন্টের দায়িত্ব নেওয়ার পর থেকে একের পর এক নির্বাহী আদেশ জারি করে যাচ্ছেন ডোনাল্ড ট্রাম্প। স্থানীয় সময় গত বুধবার ব্যতিক্রমী এক নির্বাহী আদেশ জারি করেছেন তিনি। নির্বাহী আদেশের মাধ্যমে গোসলের সময় পানির চাপের যে সীমা বেঁধে দেওয়া ছিল, তা প্রত্যাহার করে নিয়েছেন ট্রাম্প।হোয়াইট হাউসের ওভাল অফিসে এই নির্বাহী আদেশ জারির সময় ট্রাম্প সাংবাদিকদের বলেন, ‘আমার ক্ষেত্রে আমি সুন্দরভাবে গোসল করতে চাই। আমার দারুণ চুলগুলোর যত্ন নিতে চাই। কিন্তু চুল ভেজার জন্য আমাকে পানির নিচে ১৫ মিনিট অপেক্ষা করতে হয়। পানি পড়ে ফোঁটায় ফোঁটায়। এটা হাস্যকর।’পানি সংরক্ষণে মার্কিন যে নীতি, সে অনুযায়ী গোসলের ক্ষেত্রে প্রতি মিনিটে আড়াই গ্যালন করে পানি বের হতো। ট্রাম্পের নির্বাহী আদেশের কারণে এই সীমা এখন আর থাকবে না।",-1,-1,-1,-1,1,0,0,0,0,1
একটা উম্মাদকে আমেরিকার জনগণ ক্ষমতায় বসিয়েছে আর এর খেশারত সে দেশের জনগণকই দিতে হবে,banglatoco,"গোসলে পানি ব্যবহারের সীমা তুলে নির্বাহী আদেশ ট্রাম্পের দ্বিতীয় মেয়াদে গত ২০ জানুয়ারি যুক্তরাষ্ট্রের প্রেসিডেন্টের দায়িত্ব নেওয়ার পর থেকে একের পর এক নির্বাহী আদেশ জারি করে যাচ্ছেন ডোনাল্ড ট্রাম্প। স্থানীয় সময় গত বুধবার ব্যতিক্রমী এক নির্বাহী আদেশ জারি করেছেন তিনি। নির্বাহী আদেশের মাধ্যমে গোসলের সময় পানির চাপের যে সীমা বেঁধে দেওয়া ছিল, তা প্রত্যাহার করে নিয়েছেন ট্রাম্প।হোয়াইট হাউসের ওভাল অফিসে এই নির্বাহী আদেশ জারির সময় ট্রাম্প সাংবাদিকদের বলেন, ‘আমার ক্ষেত্রে আমি সুন্দরভাবে গোসল করতে চাই। আমার দারুণ চুলগুলোর যত্ন নিতে চাই। কিন্তু চুল ভেজার জন্য আমাকে পানির নিচে ১৫ মিনিট অপেক্ষা করতে হয়। পানি পড়ে ফোঁটায় ফোঁটায়। এটা হাস্যকর।’পানি সংরক্ষণে মার্কিন যে নীতি, সে অনুযায়ী গোসলের ক্ষেত্রে প্রতি মিনিটে আড়াই গ্যালন করে পানি বের হতো। ট্রাম্পের নির্বাহী আদেশের কারণে এই সীমা এখন আর থাকবে না।",-1,-1,-1,-1,1,0,0,0,0,1
"গাজাখুরী খবর,ফেইক,,",banglatoco,"গোসলে পানি ব্যবহারের সীমা তুলে নির্বাহী আদেশ ট্রাম্পের দ্বিতীয় মেয়াদে গত ২০ জানুয়ারি যুক্তরাষ্ট্রের প্রেসিডেন্টের দায়িত্ব নেওয়ার পর থেকে একের পর এক নির্বাহী আদেশ জারি করে যাচ্ছেন ডোনাল্ড ট্রাম্প। স্থানীয় সময় গত বুধবার ব্যতিক্রমী এক নির্বাহী আদেশ জারি করেছেন তিনি। নির্বাহী আদেশের মাধ্যমে গোসলের সময় পানির চাপের যে সীমা বেঁধে দেওয়া ছিল, তা প্রত্যাহার করে নিয়েছেন ট্রাম্প।হোয়াইট হাউসের ওভাল অফিসে এই নির্বাহী আদেশ জারির সময় ট্রাম্প সাংবাদিকদের বলেন, ‘আমার ক্ষেত্রে আমি সুন্দরভাবে গোসল করতে চাই। আমার দারুণ চুলগুলোর যত্ন নিতে চাই। কিন্তু চুল ভেজার জন্য আমাকে পানির নিচে ১৫ মিনিট অপেক্ষা করতে হয়। পানি পড়ে ফোঁটায় ফোঁটায়। এটা হাস্যকর।’পানি সংরক্ষণে মার্কিন যে নীতি, সে অনুযায়ী গোসলের ক্ষেত্রে প্রতি মিনিটে আড়াই গ্যালন করে পানি বের হতো। ট্রাম্পের নির্বাহী আদেশের কারণে এই সীমা এখন আর থাকবে না।",-1,-1,-1,-1,1,0,0,0,0,1
সবচেয়ে উন্নতমানের পাগল উন্নত দেশে🤣,banglatoco,"গোসলে পানি ব্যবহারের সীমা তুলে নির্বাহী আদেশ ট্রাম্পের দ্বিতীয় মেয়াদে গত ২০ জানুয়ারি যুক্তরাষ্ট্রের প্রেসিডেন্টের দায়িত্ব নেওয়ার পর থেকে একের পর এক নির্বাহী আদেশ জারি করে যাচ্ছেন ডোনাল্ড ট্রাম্প। স্থানীয় সময় গত বুধবার ব্যতিক্রমী এক নির্বাহী আদেশ জারি করেছেন তিনি। নির্বাহী আদেশের মাধ্যমে গোসলের সময় পানির চাপের যে সীমা বেঁধে দেওয়া ছিল, তা প্রত্যাহার করে নিয়েছেন ট্রাম্প।হোয়াইট হাউসের ওভাল অফিসে এই নির্বাহী আদেশ জারির সময় ট্রাম্প সাংবাদিকদের বলেন, ‘আমার ক্ষেত্রে আমি সুন্দরভাবে গোসল করতে চাই। আমার দারুণ চুলগুলোর যত্ন নিতে চাই। কিন্তু চুল ভেজার জন্য আমাকে পানির নিচে ১৫ মিনিট অপেক্ষা করতে হয়। পানি পড়ে ফোঁটায় ফোঁটায়। এটা হাস্যকর।’পানি সংরক্ষণে মার্কিন যে নীতি, সে অনুযায়ী গোসলের ক্ষেত্রে প্রতি মিনিটে আড়াই গ্যালন করে পানি বের হতো। ট্রাম্পের নির্বাহী আদেশের কারণে এই সীমা এখন আর থাকবে না।",-1,-1,-1,-1,1,0,0,0,0,1
শালার সব কিছুই উলটা। চুলের সিথি করছে তাও উলটা সাইডে।,banglatoco,"গোসলে পানি ব্যবহারের সীমা তুলে নির্বাহী আদেশ ট্রাম্পের দ্বিতীয় মেয়াদে গত ২০ জানুয়ারি যুক্তরাষ্ট্রের প্রেসিডেন্টের দায়িত্ব নেওয়ার পর থেকে একের পর এক নির্বাহী আদেশ জারি করে যাচ্ছেন ডোনাল্ড ট্রাম্প। স্থানীয় সময় গত বুধবার ব্যতিক্রমী এক নির্বাহী আদেশ জারি করেছেন তিনি। নির্বাহী আদেশের মাধ্যমে গোসলের সময় পানির চাপের যে সীমা বেঁধে দেওয়া ছিল, তা প্রত্যাহার করে নিয়েছেন ট্রাম্প।হোয়াইট হাউসের ওভাল অফিসে এই নির্বাহী আদেশ জারির সময় ট্রাম্প সাংবাদিকদের বলেন, ‘আমার ক্ষেত্রে আমি সুন্দরভাবে গোসল করতে চাই। আমার দারুণ চুলগুলোর যত্ন নিতে চাই। কিন্তু চুল ভেজার জন্য আমাকে পানির নিচে ১৫ মিনিট অপেক্ষা করতে হয়। পানি পড়ে ফোঁটায় ফোঁটায়। এটা হাস্যকর।’পানি সংরক্ষণে মার্কিন যে নীতি, সে অনুযায়ী গোসলের ক্ষেত্রে প্রতি মিনিটে আড়াই গ্যালন করে পানি বের হতো। ট্রাম্পের নির্বাহী আদেশের কারণে এই সীমা এখন আর থাকবে না।",-1,-1,-1,-1,1,0,0,0,0,1
পুরোটায় ক্ষ্যাপা,banglatoco,"গোসলে পানি ব্যবহারের সীমা তুলে নির্বাহী আদেশ ট্রাম্পের দ্বিতীয় মেয়াদে গত ২০ জানুয়ারি যুক্তরাষ্ট্রের প্রেসিডেন্টের দায়িত্ব নেওয়ার পর থেকে একের পর এক নির্বাহী আদেশ জারি করে যাচ্ছেন ডোনাল্ড ট্রাম্প। স্থানীয় সময় গত বুধবার ব্যতিক্রমী এক নির্বাহী আদেশ জারি করেছেন তিনি। নির্বাহী আদেশের মাধ্যমে গোসলের সময় পানির চাপের যে সীমা বেঁধে দেওয়া ছিল, তা প্রত্যাহার করে নিয়েছেন ট্রাম্প।হোয়াইট হাউসের ওভাল অফিসে এই নির্বাহী আদেশ জারির সময় ট্রাম্প সাংবাদিকদের বলেন, ‘আমার ক্ষেত্রে আমি সুন্দরভাবে গোসল করতে চাই। আমার দারুণ চুলগুলোর যত্ন নিতে চাই। কিন্তু চুল ভেজার জন্য আমাকে পানির নিচে ১৫ মিনিট অপেক্ষা করতে হয়। পানি পড়ে ফোঁটায় ফোঁটায়। এটা হাস্যকর।’পানি সংরক্ষণে মার্কিন যে নীতি, সে অনুযায়ী গোসলের ক্ষেত্রে প্রতি মিনিটে আড়াই গ্যালন করে পানি বের হতো। ট্রাম্পের নির্বাহী আদেশের কারণে এই সীমা এখন আর থাকবে না।",-1,-1,-1,-1,1,0,0,0,0,1
পাগল ছাগল ক্ষমতায় বসে আছে,banglatoco,"গোসলে পানি ব্যবহারের সীমা তুলে নির্বাহী আদেশ ট্রাম্পের দ্বিতীয় মেয়াদে গত ২০ জানুয়ারি যুক্তরাষ্ট্রের প্রেসিডেন্টের দায়িত্ব নেওয়ার পর থেকে একের পর এক নির্বাহী আদেশ জারি করে যাচ্ছেন ডোনাল্ড ট্রাম্প। স্থানীয় সময় গত বুধবার ব্যতিক্রমী এক নির্বাহী আদেশ জারি করেছেন তিনি। নির্বাহী আদেশের মাধ্যমে গোসলের সময় পানির চাপের যে সীমা বেঁধে দেওয়া ছিল, তা প্রত্যাহার করে নিয়েছেন ট্রাম্প।হোয়াইট হাউসের ওভাল অফিসে এই নির্বাহী আদেশ জারির সময় ট্রাম্প সাংবাদিকদের বলেন, ‘আমার ক্ষেত্রে আমি সুন্দরভাবে গোসল করতে চাই। আমার দারুণ চুলগুলোর যত্ন নিতে চাই। কিন্তু চুল ভেজার জন্য আমাকে পানির নিচে ১৫ মিনিট অপেক্ষা করতে হয়। পানি পড়ে ফোঁটায় ফোঁটায়। এটা হাস্যকর।’পানি সংরক্ষণে মার্কিন যে নীতি, সে অনুযায়ী গোসলের ক্ষেত্রে প্রতি মিনিটে আড়াই গ্যালন করে পানি বের হতো। ট্রাম্পের নির্বাহী আদেশের কারণে এই সীমা এখন আর থাকবে না।",-1,-1,-1,-1,1,0,0,0,0,1
আমি আগেই বলেছিলাম একটা পাগলা কুকুর আসছে ক্ষমতায় না জানি পৃথিবীটাতে কোন গ্যাঞ্জাম লাগায়,banglatoco,"গোসলে পানি ব্যবহারের সীমা তুলে নির্বাহী আদেশ ট্রাম্পের দ্বিতীয় মেয়াদে গত ২০ জানুয়ারি যুক্তরাষ্ট্রের প্রেসিডেন্টের দায়িত্ব নেওয়ার পর থেকে একের পর এক নির্বাহী আদেশ জারি করে যাচ্ছেন ডোনাল্ড ট্রাম্প। স্থানীয় সময় গত বুধবার ব্যতিক্রমী এক নির্বাহী আদেশ জারি করেছেন তিনি। নির্বাহী আদেশের মাধ্যমে গোসলের সময় পানির চাপের যে সীমা বেঁধে দেওয়া ছিল, তা প্রত্যাহার করে নিয়েছেন ট্রাম্প।হোয়াইট হাউসের ওভাল অফিসে এই নির্বাহী আদেশ জারির সময় ট্রাম্প সাংবাদিকদের বলেন, ‘আমার ক্ষেত্রে আমি সুন্দরভাবে গোসল করতে চাই। আমার দারুণ চুলগুলোর যত্ন নিতে চাই। কিন্তু চুল ভেজার জন্য আমাকে পানির নিচে ১৫ মিনিট অপেক্ষা করতে হয়। পানি পড়ে ফোঁটায় ফোঁটায়। এটা হাস্যকর।’পানি সংরক্ষণে মার্কিন যে নীতি, সে অনুযায়ী গোসলের ক্ষেত্রে প্রতি মিনিটে আড়াই গ্যালন করে পানি বের হতো। ট্রাম্পের নির্বাহী আদেশের কারণে এই সীমা এখন আর থাকবে না।",-1,-1,-1,-1,1,0,0,0,0,1
তাহলে তো সবার আগে আপনার ভাতার শাকিব খানেরই বিচার করা লাগবে 🤣🤣🤣,banglatoco,"পরকীয়া করলে পাথর নিক্ষেপ করে মারা হয়, এমন আইন করব : অপু বিশ্বাস ইংল্যান্ডের ওয়ানডে ও টি-টোয়েন্টি দলের অধিনায়ক হিসেবে নিযুক্ত হয়েছেন ব্যাটার হ্যারি ব্রুক। সদ্য পদত্যাগ করা জস বাটলারের স্থলাভিষিক্ত হলেন ২৬ বছর বয়সী এই ক্রিকেটার।
আজ সোমবার (৭ এপ্রিল) তাকে আনুষ্ঠানিকভাবে নতুন অধিনায়ক হিসেবে ঘোষণা করে ইংল্যান্ড অ্যান্ড ওয়েলস ক্রিকেট বোর্ড (ইসিবি)।",-1,-1,-1,-1,1,0,0,0,0,1
তোমাদের ঘর থেকে শুরু করা হোক,banglatoco,"পরকীয়া করলে পাথর নিক্ষেপ করে মারা হয়, এমন আইন করব : অপু বিশ্বাস ইংল্যান্ডের ওয়ানডে ও টি-টোয়েন্টি দলের অধিনায়ক হিসেবে নিযুক্ত হয়েছেন ব্যাটার হ্যারি ব্রুক। সদ্য পদত্যাগ করা জস বাটলারের স্থলাভিষিক্ত হলেন ২৬ বছর বয়সী এই ক্রিকেটার।
আজ সোমবার (৭ এপ্রিল) তাকে আনুষ্ঠানিকভাবে নতুন অধিনায়ক হিসেবে ঘোষণা করে ইংল্যান্ড অ্যান্ড ওয়েলস ক্রিকেট বোর্ড (ইসিবি)।",-1,-1,-1,-1,0,0,0,0,0,1
আমিও বিশ্বাস আপুর সাথে একমত,banglatoco,"পরকীয়া করলে পাথর নিক্ষেপ করে মারা হয়, এমন আইন করব : অপু বিশ্বাস ইংল্যান্ডের ওয়ানডে ও টি-টোয়েন্টি দলের অধিনায়ক হিসেবে নিযুক্ত হয়েছেন ব্যাটার হ্যারি ব্রুক। সদ্য পদত্যাগ করা জস বাটলারের স্থলাভিষিক্ত হলেন ২৬ বছর বয়সী এই ক্রিকেটার।
আজ সোমবার (৭ এপ্রিল) তাকে আনুষ্ঠানিকভাবে নতুন অধিনায়ক হিসেবে ঘোষণা করে ইংল্যান্ড অ্যান্ড ওয়েলস ক্রিকেট বোর্ড (ইসিবি)।",-1,-1,-1,-1,0,0,0,0,0,1
যারা বিয়া ছাড়া নষ্টামী করে।আধুনিক সমাজ তাকে নাম দিয়েছে প্রেম ভালোবাসা।তাদের সম্পর্কে আপনার মতামত কি?,banglatoco,"পরকীয়া করলে পাথর নিক্ষেপ করে মারা হয়, এমন আইন করব : অপু বিশ্বাস ইংল্যান্ডের ওয়ানডে ও টি-টোয়েন্টি দলের অধিনায়ক হিসেবে নিযুক্ত হয়েছেন ব্যাটার হ্যারি ব্রুক। সদ্য পদত্যাগ করা জস বাটলারের স্থলাভিষিক্ত হলেন ২৬ বছর বয়সী এই ক্রিকেটার।
আজ সোমবার (৭ এপ্রিল) তাকে আনুষ্ঠানিকভাবে নতুন অধিনায়ক হিসেবে ঘোষণা করে ইংল্যান্ড অ্যান্ড ওয়েলস ক্রিকেট বোর্ড (ইসিবি)। আমিও বিশ্বাস আপুর সাথে একমত",-1,-1,-1,-1,1,0,0,0,0,1
বিয়ে না করে বাচ্চার মা হলে সেটা করবেন,banglatoco,"পরকীয়া করলে পাথর নিক্ষেপ করে মারা হয়, এমন আইন করব : অপু বিশ্বাস ইংল্যান্ডের ওয়ানডে ও টি-টোয়েন্টি দলের অধিনায়ক হিসেবে নিযুক্ত হয়েছেন ব্যাটার হ্যারি ব্রুক। সদ্য পদত্যাগ করা জস বাটলারের স্থলাভিষিক্ত হলেন ২৬ বছর বয়সী এই ক্রিকেটার।
আজ সোমবার (৭ এপ্রিল) তাকে আনুষ্ঠানিকভাবে নতুন অধিনায়ক হিসেবে ঘোষণা করে ইংল্যান্ড অ্যান্ড ওয়েলস ক্রিকেট বোর্ড (ইসিবি)।",-1,-1,-1,-1,1,0,0,0,0,1
"ঠিক, আসলেই পরকীয়ার আইনি ব্যবস্থা নেয়া উচিৎ",banglatoco,"পরকীয়া করলে পাথর নিক্ষেপ করে মারা হয়, এমন আইন করব : অপু বিশ্বাস ইংল্যান্ডের ওয়ানডে ও টি-টোয়েন্টি দলের অধিনায়ক হিসেবে নিযুক্ত হয়েছেন ব্যাটার হ্যারি ব্রুক। সদ্য পদত্যাগ করা জস বাটলারের স্থলাভিষিক্ত হলেন ২৬ বছর বয়সী এই ক্রিকেটার।
আজ সোমবার (৭ এপ্রিল) তাকে আনুষ্ঠানিকভাবে নতুন অধিনায়ক হিসেবে ঘোষণা করে ইংল্যান্ড অ্যান্ড ওয়েলস ক্রিকেট বোর্ড (ইসিবি)।",-1,-1,-1,-1,0,0,0,0,0,1
আর জে বিয়ে ছাড়া বাচ্চা জন্ম দেয় তার কি আইন করবা মিস্টার ন৷ টি সাহেব,banglatoco,"পরকীয়া করলে পাথর নিক্ষেপ করে মারা হয়, এমন আইন করব : অপু বিশ্বাস ঢাকাই চলচ্চিত্রের আলোচিত চিত্রনায়িকা অপু বিশ্বাস সবসময়ই পরকীয়ার বিরোধীতা করেন। এর আগে এক সাক্ষাৎকারে এ ঢালিউড ক্যুইন বলেছিলেন, এখনকার সময়ে আমাদের সমাজে পরকীয়া বেড়ে গেছে। স্বামী আছে জানার পরও অনেক মেয়ে দেখবেন অন্যের স্বামীর সঙ্গে পরকীয়ায় যুক্ত হয়। এসব ঘটনা এখন অহরহ ঘটছে।এবারের ঈদুল ফিতরকে কেন্দ্র করে ঈদ পরবর্তী এক অনুষ্ঠানে হাজির হয়ে এসব কথা বলেছেন অপু বিশ্বাস। অনুষ্ঠানে হাজির হয়ে র‌্যাপিড ফায়ার নামের এক সেগমেন্টে অংশ নেন তিনি। সেখানে জানান, সমাজ থেকে পরকীয়া বন্ধ করতে চান এ অভিনেত্রী।",-1,-1,-1,-1,1,0,0,0,0,1
"হাসির কি আছে,,,ঠিকই বলেছে॥",banglatoco,"পরকীয়া করলে পাথর নিক্ষেপ করে মারা হয়, এমন আইন করব : অপু বিশ্বাস ঢাকাই চলচ্চিত্রের আলোচিত চিত্রনায়িকা অপু বিশ্বাস সবসময়ই পরকীয়ার বিরোধীতা করেন। এর আগে এক সাক্ষাৎকারে এ ঢালিউড ক্যুইন বলেছিলেন, এখনকার সময়ে আমাদের সমাজে পরকীয়া বেড়ে গেছে। স্বামী আছে জানার পরও অনেক মেয়ে দেখবেন অন্যের স্বামীর সঙ্গে পরকীয়ায় যুক্ত হয়। এসব ঘটনা এখন অহরহ ঘটছে।এবারের ঈদুল ফিতরকে কেন্দ্র করে ঈদ পরবর্তী এক অনুষ্ঠানে হাজির হয়ে এসব কথা বলেছেন অপু বিশ্বাস। অনুষ্ঠানে হাজির হয়ে র‌্যাপিড ফায়ার নামের এক সেগমেন্টে অংশ নেন তিনি। সেখানে জানান, সমাজ থেকে পরকীয়া বন্ধ করতে চান এ অভিনেত্রী।",-1,-1,-1,-1,0,0,0,0,0,1
তরে দিয়ে শুরু হক,banglatoco,"পরকীয়া করলে পাথর নিক্ষেপ করে মারা হয়, এমন আইন করব : অপু বিশ্বাস ঢাকাই চলচ্চিত্রের আলোচিত চিত্রনায়িকা অপু বিশ্বাস সবসময়ই পরকীয়ার বিরোধীতা করেন। এর আগে এক সাক্ষাৎকারে এ ঢালিউড ক্যুইন বলেছিলেন, এখনকার সময়ে আমাদের সমাজে পরকীয়া বেড়ে গেছে। স্বামী আছে জানার পরও অনেক মেয়ে দেখবেন অন্যের স্বামীর সঙ্গে পরকীয়ায় যুক্ত হয়। এসব ঘটনা এখন অহরহ ঘটছে।এবারের ঈদুল ফিতরকে কেন্দ্র করে ঈদ পরবর্তী এক অনুষ্ঠানে হাজির হয়ে এসব কথা বলেছেন অপু বিশ্বাস। অনুষ্ঠানে হাজির হয়ে র‌্যাপিড ফায়ার নামের এক সেগমেন্টে অংশ নেন তিনি। সেখানে জানান, সমাজ থেকে পরকীয়া বন্ধ করতে চান এ অভিনেত্রী।",-1,-1,-1,-1,1,0,0,0,0,1
অনেক কষ্ট থেকে অনুশোচনা এসেছেএইরকম আইন হলে ভালো হতো,banglatoco,"পরকীয়া করলে পাথর নিক্ষেপ করে মারা হয়, এমন আইন করব : অপু বিশ্বাস ঢাকাই চলচ্চিত্রের আলোচিত চিত্রনায়িকা অপু বিশ্বাস সবসময়ই পরকীয়ার বিরোধীতা করেন। এর আগে এক সাক্ষাৎকারে এ ঢালিউড ক্যুইন বলেছিলেন, এখনকার সময়ে আমাদের সমাজে পরকীয়া বেড়ে গেছে। স্বামী আছে জানার পরও অনেক মেয়ে দেখবেন অন্যের স্বামীর সঙ্গে পরকীয়ায় যুক্ত হয়। এসব ঘটনা এখন অহরহ ঘটছে।এবারের ঈদুল ফিতরকে কেন্দ্র করে ঈদ পরবর্তী এক অনুষ্ঠানে হাজির হয়ে এসব কথা বলেছেন অপু বিশ্বাস। অনুষ্ঠানে হাজির হয়ে র‌্যাপিড ফায়ার নামের এক সেগমেন্টে অংশ নেন তিনি। সেখানে জানান, সমাজ থেকে পরকীয়া বন্ধ করতে চান এ অভিনেত্রী।",-1,-1,-1,-1,0,0,0,0,0,1
অপু বিস্বাশ কে ধন্যবাদ,banglatoco,"পরকীয়া করলে পাথর নিক্ষেপ করে মারা হয়, এমন আইন করব : অপু বিশ্বাস ঢাকাই চলচ্চিত্রের আলোচিত চিত্রনায়িকা অপু বিশ্বাস সবসময়ই পরকীয়ার বিরোধীতা করেন। এর আগে এক সাক্ষাৎকারে এ ঢালিউড ক্যুইন বলেছিলেন, এখনকার সময়ে আমাদের সমাজে পরকীয়া বেড়ে গেছে। স্বামী আছে জানার পরও অনেক মেয়ে দেখবেন অন্যের স্বামীর সঙ্গে পরকীয়ায় যুক্ত হয়। এসব ঘটনা এখন অহরহ ঘটছে।এবারের ঈদুল ফিতরকে কেন্দ্র করে ঈদ পরবর্তী এক অনুষ্ঠানে হাজির হয়ে এসব কথা বলেছেন অপু বিশ্বাস। অনুষ্ঠানে হাজির হয়ে র‌্যাপিড ফায়ার নামের এক সেগমেন্টে অংশ নেন তিনি। সেখানে জানান, সমাজ থেকে পরকীয়া বন্ধ করতে চান এ অভিনেত্রী।",-1,-1,-1,-1,0,0,0,0,0,1
নিজের হলে পাড়া লাগিছে 😁😁,banglatoco,"পরকীয়া করলে পাথর নিক্ষেপ করে মারা হয়, এমন আইন করব : অপু বিশ্বাস ঢাকাই চলচ্চিত্রের আলোচিত চিত্রনায়িকা অপু বিশ্বাস সবসময়ই পরকীয়ার বিরোধীতা করেন। এর আগে এক সাক্ষাৎকারে এ ঢালিউড ক্যুইন বলেছিলেন, এখনকার সময়ে আমাদের সমাজে পরকীয়া বেড়ে গেছে। স্বামী আছে জানার পরও অনেক মেয়ে দেখবেন অন্যের স্বামীর সঙ্গে পরকীয়ায় যুক্ত হয়। এসব ঘটনা এখন অহরহ ঘটছে।এবারের ঈদুল ফিতরকে কেন্দ্র করে ঈদ পরবর্তী এক অনুষ্ঠানে হাজির হয়ে এসব কথা বলেছেন অপু বিশ্বাস। অনুষ্ঠানে হাজির হয়ে র‌্যাপিড ফায়ার নামের এক সেগমেন্টে অংশ নেন তিনি। সেখানে জানান, সমাজ থেকে পরকীয়া বন্ধ করতে চান এ অভিনেত্রী।",-1,-1,-1,-1,1,0,0,0,0,1
নিজের ঘর থেকে শুরু কর। আর যার বিয়ের আগে বাচ্চা হয় সে করবে আবার পরকিয়া বিরোধী আইন,banglatoco,"পরকীয়া করলে পাথর নিক্ষেপ করে মারা হয়, এমন আইন করব : অপু বিশ্বাস ঢাকাই চলচ্চিত্রের আলোচিত চিত্রনায়িকা অপু বিশ্বাস সবসময়ই পরকীয়ার বিরোধীতা করেন। এর আগে এক সাক্ষাৎকারে এ ঢালিউড ক্যুইন বলেছিলেন, এখনকার সময়ে আমাদের সমাজে পরকীয়া বেড়ে গেছে। স্বামী আছে জানার পরও অনেক মেয়ে দেখবেন অন্যের স্বামীর সঙ্গে পরকীয়ায় যুক্ত হয়। এসব ঘটনা এখন অহরহ ঘটছে।এবারের ঈদুল ফিতরকে কেন্দ্র করে ঈদ পরবর্তী এক অনুষ্ঠানে হাজির হয়ে এসব কথা বলেছেন অপু বিশ্বাস। অনুষ্ঠানে হাজির হয়ে র‌্যাপিড ফায়ার নামের এক সেগমেন্টে অংশ নেন তিনি। সেখানে জানান, সমাজ থেকে পরকীয়া বন্ধ করতে চান এ অভিনেত্রী।",-1,-1,-1,-1,1,0,0,0,0,1
"নিজের ভা*তার যখন অন্য কাউকে প্রাধান্য দেয়, 🥴🥴🥴🥴",banglatoco,"পরকীয়া করলে পাথর নিক্ষেপ করে মারা হয়, এমন আইন করব : অপু বিশ্বাস ঢাকাই চলচ্চিত্রের আলোচিত চিত্রনায়িকা অপু বিশ্বাস সবসময়ই পরকীয়ার বিরোধীতা করেন। এর আগে এক সাক্ষাৎকারে এ ঢালিউড ক্যুইন বলেছিলেন, এখনকার সময়ে আমাদের সমাজে পরকীয়া বেড়ে গেছে। স্বামী আছে জানার পরও অনেক মেয়ে দেখবেন অন্যের স্বামীর সঙ্গে পরকীয়ায় যুক্ত হয়। এসব ঘটনা এখন অহরহ ঘটছে।এবারের ঈদুল ফিতরকে কেন্দ্র করে ঈদ পরবর্তী এক অনুষ্ঠানে হাজির হয়ে এসব কথা বলেছেন অপু বিশ্বাস। অনুষ্ঠানে হাজির হয়ে র‌্যাপিড ফায়ার নামের এক সেগমেন্টে অংশ নেন তিনি। সেখানে জানান, সমাজ থেকে পরকীয়া বন্ধ করতে চান এ অভিনেত্রী।",-1,-1,-1,-1,1,0,0,0,0,1
আর দেহ ব্যবসা করলে কি করা হবে,banglatoco,"পরকীয়া করলে পাথর নিক্ষেপ করে মারা হয়, এমন আইন করব : অপু বিশ্বাস ঢাকাই চলচ্চিত্রের আলোচিত চিত্রনায়িকা অপু বিশ্বাস সবসময়ই পরকীয়ার বিরোধীতা করেন। এর আগে এক সাক্ষাৎকারে এ ঢালিউড ক্যুইন বলেছিলেন, এখনকার সময়ে আমাদের সমাজে পরকীয়া বেড়ে গেছে। স্বামী আছে জানার পরও অনেক মেয়ে দেখবেন অন্যের স্বামীর সঙ্গে পরকীয়ায় যুক্ত হয়। এসব ঘটনা এখন অহরহ ঘটছে।এবারের ঈদুল ফিতরকে কেন্দ্র করে ঈদ পরবর্তী এক অনুষ্ঠানে হাজির হয়ে এসব কথা বলেছেন অপু বিশ্বাস। অনুষ্ঠানে হাজির হয়ে র‌্যাপিড ফায়ার নামের এক সেগমেন্টে অংশ নেন তিনি। সেখানে জানান, সমাজ থেকে পরকীয়া বন্ধ করতে চান এ অভিনেত্রী।",-1,-1,-1,-1,1,0,0,0,0,1
"তরে তাইলে বহুবছর আগেই মারা উচিৎ ছিলো,,নস্টা নারী",banglatoco,"পরকীয়া করলে পাথর নিক্ষেপ করে মারা হয়, এমন আইন করব : অপু বিশ্বাস ঢাকাই চলচ্চিত্রের আলোচিত চিত্রনায়িকা অপু বিশ্বাস সবসময়ই পরকীয়ার বিরোধীতা করেন। এর আগে এক সাক্ষাৎকারে এ ঢালিউড ক্যুইন বলেছিলেন, এখনকার সময়ে আমাদের সমাজে পরকীয়া বেড়ে গেছে। স্বামী আছে জানার পরও অনেক মেয়ে দেখবেন অন্যের স্বামীর সঙ্গে পরকীয়ায় যুক্ত হয়। এসব ঘটনা এখন অহরহ ঘটছে।এবারের ঈদুল ফিতরকে কেন্দ্র করে ঈদ পরবর্তী এক অনুষ্ঠানে হাজির হয়ে এসব কথা বলেছেন অপু বিশ্বাস। অনুষ্ঠানে হাজির হয়ে র‌্যাপিড ফায়ার নামের এক সেগমেন্টে অংশ নেন তিনি। সেখানে জানান, সমাজ থেকে পরকীয়া বন্ধ করতে চান এ অভিনেত্রী।",-1,-1,-1,-1,1,0,0,0,0,1
আপার জন্য শুভকামনা,banglatoco,"পরকীয়া করলে পাথর নিক্ষেপ করে মারা হয়, এমন আইন করব : অপু বিশ্বাস ঢাকাই চলচ্চিত্রের আলোচিত চিত্রনায়িকা অপু বিশ্বাস সবসময়ই পরকীয়ার বিরোধীতা করেন। এর আগে এক সাক্ষাৎকারে এ ঢালিউড ক্যুইন বলেছিলেন, এখনকার সময়ে আমাদের সমাজে পরকীয়া বেড়ে গেছে। স্বামী আছে জানার পরও অনেক মেয়ে দেখবেন অন্যের স্বামীর সঙ্গে পরকীয়ায় যুক্ত হয়। এসব ঘটনা এখন অহরহ ঘটছে।এবারের ঈদুল ফিতরকে কেন্দ্র করে ঈদ পরবর্তী এক অনুষ্ঠানে হাজির হয়ে এসব কথা বলেছেন অপু বিশ্বাস। অনুষ্ঠানে হাজির হয়ে র‌্যাপিড ফায়ার নামের এক সেগমেন্টে অংশ নেন তিনি। সেখানে জানান, সমাজ থেকে পরকীয়া বন্ধ করতে চান এ অভিনেত্রী।",-1,-1,-1,-1,0,0,0,0,0,1
আগে নিজের স্বামীর উপর প্রয়োগ করুন।,banglatoco,"পরকীয়া করলে পাথর নিক্ষেপ করে মারা হয়, এমন আইন করব : অপু বিশ্বাস ঢাকাই চলচ্চিত্রের আলোচিত চিত্রনায়িকা অপু বিশ্বাস সবসময়ই পরকীয়ার বিরোধীতা করেন। এর আগে এক সাক্ষাৎকারে এ ঢালিউড ক্যুইন বলেছিলেন, এখনকার সময়ে আমাদের সমাজে পরকীয়া বেড়ে গেছে। স্বামী আছে জানার পরও অনেক মেয়ে দেখবেন অন্যের স্বামীর সঙ্গে পরকীয়ায় যুক্ত হয়। এসব ঘটনা এখন অহরহ ঘটছে।এবারের ঈদুল ফিতরকে কেন্দ্র করে ঈদ পরবর্তী এক অনুষ্ঠানে হাজির হয়ে এসব কথা বলেছেন অপু বিশ্বাস। অনুষ্ঠানে হাজির হয়ে র‌্যাপিড ফায়ার নামের এক সেগমেন্টে অংশ নেন তিনি। সেখানে জানান, সমাজ থেকে পরকীয়া বন্ধ করতে চান এ অভিনেত্রী।",-1,-1,-1,-1,0,0,0,0,0,1
উনি কি দুয়া তুলসীপাতা...,banglatoco,"পরকীয়া করলে পাথর নিক্ষেপ করে মারা হয়, এমন আইন করব : অপু বিশ্বাস ঢাকাই চলচ্চিত্রের আলোচিত চিত্রনায়িকা অপু বিশ্বাস সবসময়ই পরকীয়ার বিরোধীতা করেন। এর আগে এক সাক্ষাৎকারে এ ঢালিউড ক্যুইন বলেছিলেন, এখনকার সময়ে আমাদের সমাজে পরকীয়া বেড়ে গেছে। স্বামী আছে জানার পরও অনেক মেয়ে দেখবেন অন্যের স্বামীর সঙ্গে পরকীয়ায় যুক্ত হয়। এসব ঘটনা এখন অহরহ ঘটছে।এবারের ঈদুল ফিতরকে কেন্দ্র করে ঈদ পরবর্তী এক অনুষ্ঠানে হাজির হয়ে এসব কথা বলেছেন অপু বিশ্বাস। অনুষ্ঠানে হাজির হয়ে র‌্যাপিড ফায়ার নামের এক সেগমেন্টে অংশ নেন তিনি। সেখানে জানান, সমাজ থেকে পরকীয়া বন্ধ করতে চান এ অভিনেত্রী।",-1,-1,-1,-1,1,0,0,0,0,1
"মাশা-আল্লাহ, খুব সুন্দর পরামর্শ",banglatoco,"পরকীয়া করলে পাথর নিক্ষেপ করে মারা হয়, এমন আইন করব : অপু বিশ্বাস ঢাকাই চলচ্চিত্রের আলোচিত চিত্রনায়িকা অপু বিশ্বাস সবসময়ই পরকীয়ার বিরোধীতা করেন। এর আগে এক সাক্ষাৎকারে এ ঢালিউড ক্যুইন বলেছিলেন, এখনকার সময়ে আমাদের সমাজে পরকীয়া বেড়ে গেছে। স্বামী আছে জানার পরও অনেক মেয়ে দেখবেন অন্যের স্বামীর সঙ্গে পরকীয়ায় যুক্ত হয়। এসব ঘটনা এখন অহরহ ঘটছে।এবারের ঈদুল ফিতরকে কেন্দ্র করে ঈদ পরবর্তী এক অনুষ্ঠানে হাজির হয়ে এসব কথা বলেছেন অপু বিশ্বাস। অনুষ্ঠানে হাজির হয়ে র‌্যাপিড ফায়ার নামের এক সেগমেন্টে অংশ নেন তিনি। সেখানে জানান, সমাজ থেকে পরকীয়া বন্ধ করতে চান এ অভিনেত্রী।",-1,-1,-1,-1,0,0,0,0,0,1
হয়তো এই কথাটা অনেকের ভালো লাগবে না! কিন্তু এটাই করা উচিত।,banglatoco,"পরকীয়া করলে পাথর নিক্ষেপ করে মারা হয়, এমন আইন করব : অপু বিশ্বাস ঢাকাই চলচ্চিত্রের আলোচিত চিত্রনায়িকা অপু বিশ্বাস সবসময়ই পরকীয়ার বিরোধীতা করেন। এর আগে এক সাক্ষাৎকারে এ ঢালিউড ক্যুইন বলেছিলেন, এখনকার সময়ে আমাদের সমাজে পরকীয়া বেড়ে গেছে। স্বামী আছে জানার পরও অনেক মেয়ে দেখবেন অন্যের স্বামীর সঙ্গে পরকীয়ায় যুক্ত হয়। এসব ঘটনা এখন অহরহ ঘটছে।এবারের ঈদুল ফিতরকে কেন্দ্র করে ঈদ পরবর্তী এক অনুষ্ঠানে হাজির হয়ে এসব কথা বলেছেন অপু বিশ্বাস। অনুষ্ঠানে হাজির হয়ে র‌্যাপিড ফায়ার নামের এক সেগমেন্টে অংশ নেন তিনি। সেখানে জানান, সমাজ থেকে পরকীয়া বন্ধ করতে চান এ অভিনেত্রী।",-1,-1,-1,-1,0,0,0,0,0,1
আপনি ঠিক আছেন তো,banglatoco,"পরকীয়া করলে পাথর নিক্ষেপ করে মারা হয়, এমন আইন করব : অপু বিশ্বাস ঢাকাই চলচ্চিত্রের আলোচিত চিত্রনায়িকা অপু বিশ্বাস সবসময়ই পরকীয়ার বিরোধীতা করেন। এর আগে এক সাক্ষাৎকারে এ ঢালিউড ক্যুইন বলেছিলেন, এখনকার সময়ে আমাদের সমাজে পরকীয়া বেড়ে গেছে। স্বামী আছে জানার পরও অনেক মেয়ে দেখবেন অন্যের স্বামীর সঙ্গে পরকীয়ায় যুক্ত হয়। এসব ঘটনা এখন অহরহ ঘটছে।এবারের ঈদুল ফিতরকে কেন্দ্র করে ঈদ পরবর্তী এক অনুষ্ঠানে হাজির হয়ে এসব কথা বলেছেন অপু বিশ্বাস। অনুষ্ঠানে হাজির হয়ে র‌্যাপিড ফায়ার নামের এক সেগমেন্টে অংশ নেন তিনি। সেখানে জানান, সমাজ থেকে পরকীয়া বন্ধ করতে চান এ অভিনেত্রী।",-1,-1,-1,-1,0,0,0,0,0,1
"সুন্দর কথা বলেছেন,, তাহলে আগে আপনার ঘর থেকে উদ্বোধন করতে হবে!!",banglatoco,"পরকীয়া করলে পাথর নিক্ষেপ করে মারা হয়, এমন আইন করব : অপু বিশ্বাস ঢাকাই চলচ্চিত্রের আলোচিত চিত্রনায়িকা অপু বিশ্বাস সবসময়ই পরকীয়ার বিরোধীতা করেন। এর আগে এক সাক্ষাৎকারে এ ঢালিউড ক্যুইন বলেছিলেন, এখনকার সময়ে আমাদের সমাজে পরকীয়া বেড়ে গেছে। স্বামী আছে জানার পরও অনেক মেয়ে দেখবেন অন্যের স্বামীর সঙ্গে পরকীয়ায় যুক্ত হয়। এসব ঘটনা এখন অহরহ ঘটছে।এবারের ঈদুল ফিতরকে কেন্দ্র করে ঈদ পরবর্তী এক অনুষ্ঠানে হাজির হয়ে এসব কথা বলেছেন অপু বিশ্বাস। অনুষ্ঠানে হাজির হয়ে র‌্যাপিড ফায়ার নামের এক সেগমেন্টে অংশ নেন তিনি। সেখানে জানান, সমাজ থেকে পরকীয়া বন্ধ করতে চান এ অভিনেত্রী।",-1,-1,-1,-1,0,0,0,0,0,1
ধন্যবাদ অভিনেত্রী আপনার মতামতের জন্য,banglatoco,"পরকীয়া করলে পাথর নিক্ষেপ করে মারা হয়, এমন আইন করব : অপু বিশ্বাস ঢাকাই চলচ্চিত্রের আলোচিত চিত্রনায়িকা অপু বিশ্বাস সবসময়ই পরকীয়ার বিরোধীতা করেন। এর আগে এক সাক্ষাৎকারে এ ঢালিউড ক্যুইন বলেছিলেন, এখনকার সময়ে আমাদের সমাজে পরকীয়া বেড়ে গেছে। স্বামী আছে জানার পরও অনেক মেয়ে দেখবেন অন্যের স্বামীর সঙ্গে পরকীয়ায় যুক্ত হয়। এসব ঘটনা এখন অহরহ ঘটছে।এবারের ঈদুল ফিতরকে কেন্দ্র করে ঈদ পরবর্তী এক অনুষ্ঠানে হাজির হয়ে এসব কথা বলেছেন অপু বিশ্বাস। অনুষ্ঠানে হাজির হয়ে র‌্যাপিড ফায়ার নামের এক সেগমেন্টে অংশ নেন তিনি। সেখানে জানান, সমাজ থেকে পরকীয়া বন্ধ করতে চান এ অভিনেত্রী।",-1,-1,-1,-1,0,0,0,0,0,1
আহরে দিদি আহরে,banglatoco,"পরকীয়া করলে পাথর নিক্ষেপ করে মারা হয়, এমন আইন করব : অপু বিশ্বাস ঢাকাই চলচ্চিত্রের আলোচিত চিত্রনায়িকা অপু বিশ্বাস সবসময়ই পরকীয়ার বিরোধীতা করেন। এর আগে এক সাক্ষাৎকারে এ ঢালিউড ক্যুইন বলেছিলেন, এখনকার সময়ে আমাদের সমাজে পরকীয়া বেড়ে গেছে। স্বামী আছে জানার পরও অনেক মেয়ে দেখবেন অন্যের স্বামীর সঙ্গে পরকীয়ায় যুক্ত হয়। এসব ঘটনা এখন অহরহ ঘটছে।এবারের ঈদুল ফিতরকে কেন্দ্র করে ঈদ পরবর্তী এক অনুষ্ঠানে হাজির হয়ে এসব কথা বলেছেন অপু বিশ্বাস। অনুষ্ঠানে হাজির হয়ে র‌্যাপিড ফায়ার নামের এক সেগমেন্টে অংশ নেন তিনি। সেখানে জানান, সমাজ থেকে পরকীয়া বন্ধ করতে চান এ অভিনেত্রী।",-1,-1,-1,-1,1,0,0,0,0,1
"চোরের মায়ের বড় গলা,, প্রমাণিত",banglatoco,"পরকীয়া করলে পাথর নিক্ষেপ করে মারা হয়, এমন আইন করব : অপু বিশ্বাস ঢাকাই চলচ্চিত্রের আলোচিত চিত্রনায়িকা অপু বিশ্বাস সবসময়ই পরকীয়ার বিরোধীতা করেন। এর আগে এক সাক্ষাৎকারে এ ঢালিউড ক্যুইন বলেছিলেন, এখনকার সময়ে আমাদের সমাজে পরকীয়া বেড়ে গেছে। স্বামী আছে জানার পরও অনেক মেয়ে দেখবেন অন্যের স্বামীর সঙ্গে পরকীয়ায় যুক্ত হয়। এসব ঘটনা এখন অহরহ ঘটছে।এবারের ঈদুল ফিতরকে কেন্দ্র করে ঈদ পরবর্তী এক অনুষ্ঠানে হাজির হয়ে এসব কথা বলেছেন অপু বিশ্বাস। অনুষ্ঠানে হাজির হয়ে র‌্যাপিড ফায়ার নামের এক সেগমেন্টে অংশ নেন তিনি। সেখানে জানান, সমাজ থেকে পরকীয়া বন্ধ করতে চান এ অভিনেত্রী।",-1,-1,-1,-1,1,0,0,0,0,1
নিজে ঠিক না হয়ে আইন করলে হবে না,banglatoco,"পরকীয়া করলে পাথর নিক্ষেপ করে মারা হয়, এমন আইন করব : অপু বিশ্বাস ঢাকাই চলচ্চিত্রের আলোচিত চিত্রনায়িকা অপু বিশ্বাস সবসময়ই পরকীয়ার বিরোধীতা করেন। এর আগে এক সাক্ষাৎকারে এ ঢালিউড ক্যুইন বলেছিলেন, এখনকার সময়ে আমাদের সমাজে পরকীয়া বেড়ে গেছে। স্বামী আছে জানার পরও অনেক মেয়ে দেখবেন অন্যের স্বামীর সঙ্গে পরকীয়ায় যুক্ত হয়। এসব ঘটনা এখন অহরহ ঘটছে।এবারের ঈদুল ফিতরকে কেন্দ্র করে ঈদ পরবর্তী এক অনুষ্ঠানে হাজির হয়ে এসব কথা বলেছেন অপু বিশ্বাস। অনুষ্ঠানে হাজির হয়ে র‌্যাপিড ফায়ার নামের এক সেগমেন্টে অংশ নেন তিনি। সেখানে জানান, সমাজ থেকে পরকীয়া বন্ধ করতে চান এ অভিনেত্রী।",-1,-1,-1,-1,1,0,0,0,0,1
ভুতের মুখে রাম রাম কদু বিশ্বাস,banglatoco,"পরকীয়া করলে পাথর নিক্ষেপ করে মারা হয়, এমন আইন করব : অপু বিশ্বাস ঢাকাই চলচ্চিত্রের আলোচিত চিত্রনায়িকা অপু বিশ্বাস সবসময়ই পরকীয়ার বিরোধীতা করেন। এর আগে এক সাক্ষাৎকারে এ ঢালিউড ক্যুইন বলেছিলেন, এখনকার সময়ে আমাদের সমাজে পরকীয়া বেড়ে গেছে। স্বামী আছে জানার পরও অনেক মেয়ে দেখবেন অন্যের স্বামীর সঙ্গে পরকীয়ায় যুক্ত হয়। এসব ঘটনা এখন অহরহ ঘটছে।এবারের ঈদুল ফিতরকে কেন্দ্র করে ঈদ পরবর্তী এক অনুষ্ঠানে হাজির হয়ে এসব কথা বলেছেন অপু বিশ্বাস। অনুষ্ঠানে হাজির হয়ে র‌্যাপিড ফায়ার নামের এক সেগমেন্টে অংশ নেন তিনি। সেখানে জানান, সমাজ থেকে পরকীয়া বন্ধ করতে চান এ অভিনেত্রী।",-1,-1,-1,-1,1,0,0,0,0,1
আমি আশাবাদী,banglatoco,"পরকীয়া করলে পাথর নিক্ষেপ করে মারা হয়, এমন আইন করব : অপু বিশ্বাস ঢাকাই চলচ্চিত্রের আলোচিত চিত্রনায়িকা অপু বিশ্বাস সবসময়ই পরকীয়ার বিরোধীতা করেন। এর আগে এক সাক্ষাৎকারে এ ঢালিউড ক্যুইন বলেছিলেন, এখনকার সময়ে আমাদের সমাজে পরকীয়া বেড়ে গেছে। স্বামী আছে জানার পরও অনেক মেয়ে দেখবেন অন্যের স্বামীর সঙ্গে পরকীয়ায় যুক্ত হয়। এসব ঘটনা এখন অহরহ ঘটছে।এবারের ঈদুল ফিতরকে কেন্দ্র করে ঈদ পরবর্তী এক অনুষ্ঠানে হাজির হয়ে এসব কথা বলেছেন অপু বিশ্বাস। অনুষ্ঠানে হাজির হয়ে র‌্যাপিড ফায়ার নামের এক সেগমেন্টে অংশ নেন তিনি। সেখানে জানান, সমাজ থেকে পরকীয়া বন্ধ করতে চান এ অভিনেত্রী।",-1,-1,-1,-1,0,0,0,0,0,1
পরকীয়া কি শুধু মেয়েরাই করে? উনি ভাবছে শুধু মেয়েরাই পরকীয়া করে তা নাহলে সে শাকিব খানকে শ্রেষ্ঠ বাবা বলতো না।,banglatoco,"পরকীয়া করলে পাথর নিক্ষেপ করে মারা হয়, এমন আইন করব : অপু বিশ্বাস ঢাকাই চলচ্চিত্রের আলোচিত চিত্রনায়িকা অপু বিশ্বাস সবসময়ই পরকীয়ার বিরোধীতা করেন। এর আগে এক সাক্ষাৎকারে এ ঢালিউড ক্যুইন বলেছিলেন, এখনকার সময়ে আমাদের সমাজে পরকীয়া বেড়ে গেছে। স্বামী আছে জানার পরও অনেক মেয়ে দেখবেন অন্যের স্বামীর সঙ্গে পরকীয়ায় যুক্ত হয়। এসব ঘটনা এখন অহরহ ঘটছে।এবারের ঈদুল ফিতরকে কেন্দ্র করে ঈদ পরবর্তী এক অনুষ্ঠানে হাজির হয়ে এসব কথা বলেছেন অপু বিশ্বাস। অনুষ্ঠানে হাজির হয়ে র‌্যাপিড ফায়ার নামের এক সেগমেন্টে অংশ নেন তিনি। সেখানে জানান, সমাজ থেকে পরকীয়া বন্ধ করতে চান এ অভিনেত্রী।",-1,-1,-1,-1,0,0,0,0,0,1
কথায় কথায় ধর্ম পালটানো মহিলার মুখে ধর্মের কথা মানায়না,banglatoco,"পরকীয়া করলে পাথর নিক্ষেপ করে মারা হয়, এমন আইন করব : অপু বিশ্বাস ঢাকাই চলচ্চিত্রের আলোচিত চিত্রনায়িকা অপু বিশ্বাস সবসময়ই পরকীয়ার বিরোধীতা করেন। এর আগে এক সাক্ষাৎকারে এ ঢালিউড ক্যুইন বলেছিলেন, এখনকার সময়ে আমাদের সমাজে পরকীয়া বেড়ে গেছে। স্বামী আছে জানার পরও অনেক মেয়ে দেখবেন অন্যের স্বামীর সঙ্গে পরকীয়ায় যুক্ত হয়। এসব ঘটনা এখন অহরহ ঘটছে।এবারের ঈদুল ফিতরকে কেন্দ্র করে ঈদ পরবর্তী এক অনুষ্ঠানে হাজির হয়ে এসব কথা বলেছেন অপু বিশ্বাস। অনুষ্ঠানে হাজির হয়ে র‌্যাপিড ফায়ার নামের এক সেগমেন্টে অংশ নেন তিনি। সেখানে জানান, সমাজ থেকে পরকীয়া বন্ধ করতে চান এ অভিনেত্রী।",-1,-1,-1,-1,1,0,0,0,0,1
ছেলে মেয়ে সবার জন্য কঠিন আইন করা প্রয়োজন,banglatoco,"পরকীয়া করলে পাথর নিক্ষেপ করে মারা হয়, এমন আইন করব : অপু বিশ্বাস ঢাকাই চলচ্চিত্রের আলোচিত চিত্রনায়িকা অপু বিশ্বাস সবসময়ই পরকীয়ার বিরোধীতা করেন। এর আগে এক সাক্ষাৎকারে এ ঢালিউড ক্যুইন বলেছিলেন, এখনকার সময়ে আমাদের সমাজে পরকীয়া বেড়ে গেছে। স্বামী আছে জানার পরও অনেক মেয়ে দেখবেন অন্যের স্বামীর সঙ্গে পরকীয়ায় যুক্ত হয়। এসব ঘটনা এখন অহরহ ঘটছে।এবারের ঈদুল ফিতরকে কেন্দ্র করে ঈদ পরবর্তী এক অনুষ্ঠানে হাজির হয়ে এসব কথা বলেছেন অপু বিশ্বাস। অনুষ্ঠানে হাজির হয়ে র‌্যাপিড ফায়ার নামের এক সেগমেন্টে অংশ নেন তিনি। সেখানে জানান, সমাজ থেকে পরকীয়া বন্ধ করতে চান এ অভিনেত্রী।",-1,-1,-1,-1,0,0,0,0,0,1
"আবার দি কয় তার সাকিবের মত বাপ নাই এ জগতে,তুরা সবাই মিডিয়ার লোক রাই নোং'রা /শরীর দেখায়ে টাকা ইনকাম করিস,হেদায়েত করুক আল্লাহ",banglatoco,"পরকীয়া করলে পাথর নিক্ষেপ করে মারা হয়, এমন আইন করব : অপু বিশ্বাস ঢাকাই চলচ্চিত্রের আলোচিত চিত্রনায়িকা অপু বিশ্বাস সবসময়ই পরকীয়ার বিরোধীতা করেন। এর আগে এক সাক্ষাৎকারে এ ঢালিউড ক্যুইন বলেছিলেন, এখনকার সময়ে আমাদের সমাজে পরকীয়া বেড়ে গেছে। স্বামী আছে জানার পরও অনেক মেয়ে দেখবেন অন্যের স্বামীর সঙ্গে পরকীয়ায় যুক্ত হয়। এসব ঘটনা এখন অহরহ ঘটছে।এবারের ঈদুল ফিতরকে কেন্দ্র করে ঈদ পরবর্তী এক অনুষ্ঠানে হাজির হয়ে এসব কথা বলেছেন অপু বিশ্বাস। অনুষ্ঠানে হাজির হয়ে র‌্যাপিড ফায়ার নামের এক সেগমেন্টে অংশ নেন তিনি। সেখানে জানান, সমাজ থেকে পরকীয়া বন্ধ করতে চান এ অভিনেত্রী।",-1,-1,-1,-1,1,0,0,0,0,1
আমি ও একমত ❤️❤️❤️🇧🇩👍,banglatoco,"পরকীয়া করলে পাথর নিক্ষেপ করে মারা হয়, এমন আইন করব : অপু বিশ্বাস ঢাকাই চলচ্চিত্রের আলোচিত চিত্রনায়িকা অপু বিশ্বাস সবসময়ই পরকীয়ার বিরোধীতা করেন। এর আগে এক সাক্ষাৎকারে এ ঢালিউড ক্যুইন বলেছিলেন, এখনকার সময়ে আমাদের সমাজে পরকীয়া বেড়ে গেছে। স্বামী আছে জানার পরও অনেক মেয়ে দেখবেন অন্যের স্বামীর সঙ্গে পরকীয়ায় যুক্ত হয়। এসব ঘটনা এখন অহরহ ঘটছে।এবারের ঈদুল ফিতরকে কেন্দ্র করে ঈদ পরবর্তী এক অনুষ্ঠানে হাজির হয়ে এসব কথা বলেছেন অপু বিশ্বাস। অনুষ্ঠানে হাজির হয়ে র‌্যাপিড ফায়ার নামের এক সেগমেন্টে অংশ নেন তিনি। সেখানে জানান, সমাজ থেকে পরকীয়া বন্ধ করতে চান এ অভিনেত্রী।",-1,-1,-1,-1,0,0,0,0,0,1
ঠিক কথাই বলছে। এমন ব্যবস্থা করা হলেই সমাজ সংসার সুন্দর হতো।,banglatoco,"পরকীয়া করলে পাথর নিক্ষেপ করে মারা হয়, এমন আইন করব : অপু বিশ্বাস ঢাকাই চলচ্চিত্রের আলোচিত চিত্রনায়িকা অপু বিশ্বাস সবসময়ই পরকীয়ার বিরোধীতা করেন। এর আগে এক সাক্ষাৎকারে এ ঢালিউড ক্যুইন বলেছিলেন, এখনকার সময়ে আমাদের সমাজে পরকীয়া বেড়ে গেছে। স্বামী আছে জানার পরও অনেক মেয়ে দেখবেন অন্যের স্বামীর সঙ্গে পরকীয়ায় যুক্ত হয়। এসব ঘটনা এখন অহরহ ঘটছে।এবারের ঈদুল ফিতরকে কেন্দ্র করে ঈদ পরবর্তী এক অনুষ্ঠানে হাজির হয়ে এসব কথা বলেছেন অপু বিশ্বাস। অনুষ্ঠানে হাজির হয়ে র‌্যাপিড ফায়ার নামের এক সেগমেন্টে অংশ নেন তিনি। সেখানে জানান, সমাজ থেকে পরকীয়া বন্ধ করতে চান এ অভিনেত্রী।",-1,-1,-1,-1,0,0,0,0,0,1
"অশ্লীল, বেপর্দা, বেহায়াদের ক্ষেত্রেও এমন আইন করা উচিৎ!",banglatoco,"পরকীয়া করলে পাথর নিক্ষেপ করে মারা হয়, এমন আইন করব : অপু বিশ্বাস ঢাকাই চলচ্চিত্রের আলোচিত চিত্রনায়িকা অপু বিশ্বাস সবসময়ই পরকীয়ার বিরোধীতা করেন। এর আগে এক সাক্ষাৎকারে এ ঢালিউড ক্যুইন বলেছিলেন, এখনকার সময়ে আমাদের সমাজে পরকীয়া বেড়ে গেছে। স্বামী আছে জানার পরও অনেক মেয়ে দেখবেন অন্যের স্বামীর সঙ্গে পরকীয়ায় যুক্ত হয়। এসব ঘটনা এখন অহরহ ঘটছে।এবারের ঈদুল ফিতরকে কেন্দ্র করে ঈদ পরবর্তী এক অনুষ্ঠানে হাজির হয়ে এসব কথা বলেছেন অপু বিশ্বাস। অনুষ্ঠানে হাজির হয়ে র‌্যাপিড ফায়ার নামের এক সেগমেন্টে অংশ নেন তিনি। সেখানে জানান, সমাজ থেকে পরকীয়া বন্ধ করতে চান এ অভিনেত্রী।",-1,-1,-1,-1,1,0,0,0,0,1
"এমন আইন করা দরকার, তাহলে কোনো না'রীর জীবন নষ্ট হইতো না।কোনো সন্তান বাবা,মা থেকে বিচ্ছিন্ন হইতো না, বাবা,মার ভালোবাসা থেকে বিচ্ছিন্ন হইতো না।",banglatoco,"পরকীয়া করলে পাথর নিক্ষেপ করে মারা হয়, এমন আইন করব : অপু বিশ্বাস ঢাকাই চলচ্চিত্রের আলোচিত চিত্রনায়িকা অপু বিশ্বাস সবসময়ই পরকীয়ার বিরোধীতা করেন। এর আগে এক সাক্ষাৎকারে এ ঢালিউড ক্যুইন বলেছিলেন, এখনকার সময়ে আমাদের সমাজে পরকীয়া বেড়ে গেছে। স্বামী আছে জানার পরও অনেক মেয়ে দেখবেন অন্যের স্বামীর সঙ্গে পরকীয়ায় যুক্ত হয়। এসব ঘটনা এখন অহরহ ঘটছে।এবারের ঈদুল ফিতরকে কেন্দ্র করে ঈদ পরবর্তী এক অনুষ্ঠানে হাজির হয়ে এসব কথা বলেছেন অপু বিশ্বাস। অনুষ্ঠানে হাজির হয়ে র‌্যাপিড ফায়ার নামের এক সেগমেন্টে অংশ নেন তিনি। সেখানে জানান, সমাজ থেকে পরকীয়া বন্ধ করতে চান এ অভিনেত্রী।",-1,-1,-1,-1,0,0,0,0,0,1
বিয়ে না করে বাচ্চার মা হলে কি করা উচিত বল।ভূতের মুখে রাম রাম,banglatoco,"পরকীয়া করলে পাথর নিক্ষেপ করে মারা হয়, এমন আইন করব : অপু বিশ্বাস ঢাকাই চলচ্চিত্রের আলোচিত চিত্রনায়িকা অপু বিশ্বাস সবসময়ই পরকীয়ার বিরোধীতা করেন। এর আগে এক সাক্ষাৎকারে এ ঢালিউড ক্যুইন বলেছিলেন, এখনকার সময়ে আমাদের সমাজে পরকীয়া বেড়ে গেছে। স্বামী আছে জানার পরও অনেক মেয়ে দেখবেন অন্যের স্বামীর সঙ্গে পরকীয়ায় যুক্ত হয়। এসব ঘটনা এখন অহরহ ঘটছে।এবারের ঈদুল ফিতরকে কেন্দ্র করে ঈদ পরবর্তী এক অনুষ্ঠানে হাজির হয়ে এসব কথা বলেছেন অপু বিশ্বাস। অনুষ্ঠানে হাজির হয়ে র‌্যাপিড ফায়ার নামের এক সেগমেন্টে অংশ নেন তিনি। সেখানে জানান, সমাজ থেকে পরকীয়া বন্ধ করতে চান এ অভিনেত্রী।",-1,-1,-1,-1,1,0,0,0,0,1
তুমিও হাফ লেডিসদের সাথে ডলাডলি কম করো।,banglatoco,"পরকীয়া করলে পাথর নিক্ষেপ করে মারা হয়, এমন আইন করব : অপু বিশ্বাস ঢাকাই চলচ্চিত্রের আলোচিত চিত্রনায়িকা অপু বিশ্বাস সবসময়ই পরকীয়ার বিরোধীতা করেন। এর আগে এক সাক্ষাৎকারে এ ঢালিউড ক্যুইন বলেছিলেন, এখনকার সময়ে আমাদের সমাজে পরকীয়া বেড়ে গেছে। স্বামী আছে জানার পরও অনেক মেয়ে দেখবেন অন্যের স্বামীর সঙ্গে পরকীয়ায় যুক্ত হয়। এসব ঘটনা এখন অহরহ ঘটছে।এবারের ঈদুল ফিতরকে কেন্দ্র করে ঈদ পরবর্তী এক অনুষ্ঠানে হাজির হয়ে এসব কথা বলেছেন অপু বিশ্বাস। অনুষ্ঠানে হাজির হয়ে র‌্যাপিড ফায়ার নামের এক সেগমেন্টে অংশ নেন তিনি। সেখানে জানান, সমাজ থেকে পরকীয়া বন্ধ করতে চান এ অভিনেত্রী।",-1,-1,-1,-1,1,0,0,0,0,1
কমেডি বিশ্বাস।,banglatoco,"পরকীয়া করলে পাথর নিক্ষেপ করে মারা হয়, এমন আইন করব : অপু বিশ্বাস ঢাকাই চলচ্চিত্রের আলোচিত চিত্রনায়িকা অপু বিশ্বাস সবসময়ই পরকীয়ার বিরোধীতা করেন। এর আগে এক সাক্ষাৎকারে এ ঢালিউড ক্যুইন বলেছিলেন, এখনকার সময়ে আমাদের সমাজে পরকীয়া বেড়ে গেছে। স্বামী আছে জানার পরও অনেক মেয়ে দেখবেন অন্যের স্বামীর সঙ্গে পরকীয়ায় যুক্ত হয়। এসব ঘটনা এখন অহরহ ঘটছে।এবারের ঈদুল ফিতরকে কেন্দ্র করে ঈদ পরবর্তী এক অনুষ্ঠানে হাজির হয়ে এসব কথা বলেছেন অপু বিশ্বাস। অনুষ্ঠানে হাজির হয়ে র‌্যাপিড ফায়ার নামের এক সেগমেন্টে অংশ নেন তিনি। সেখানে জানান, সমাজ থেকে পরকীয়া বন্ধ করতে চান এ অভিনেত্রী।",-1,-1,-1,-1,1,0,0,0,0,1
দেহ ব্যবসায়ীর মুখে ধর্মের বাণী,banglatoco,"পরকীয়া করলে পাথর নিক্ষেপ করে মারা হয়, এমন আইন করব : অপু বিশ্বাস ঢাকাই চলচ্চিত্রের আলোচিত চিত্রনায়িকা অপু বিশ্বাস সবসময়ই পরকীয়ার বিরোধীতা করেন। এর আগে এক সাক্ষাৎকারে এ ঢালিউড ক্যুইন বলেছিলেন, এখনকার সময়ে আমাদের সমাজে পরকীয়া বেড়ে গেছে। স্বামী আছে জানার পরও অনেক মেয়ে দেখবেন অন্যের স্বামীর সঙ্গে পরকীয়ায় যুক্ত হয়। এসব ঘটনা এখন অহরহ ঘটছে।এবারের ঈদুল ফিতরকে কেন্দ্র করে ঈদ পরবর্তী এক অনুষ্ঠানে হাজির হয়ে এসব কথা বলেছেন অপু বিশ্বাস। অনুষ্ঠানে হাজির হয়ে র‌্যাপিড ফায়ার নামের এক সেগমেন্টে অংশ নেন তিনি। সেখানে জানান, সমাজ থেকে পরকীয়া বন্ধ করতে চান এ অভিনেত্রী।",-1,-1,-1,-1,1,0,0,0,0,1
"মন থেকে বলছেন,না ব্যক্তিগত ক্ষোভের কারণে বলছেন?",banglatoco,"পরকীয়া করলে পাথর নিক্ষেপ করে মারা হয়, এমন আইন করব : অপু বিশ্বাস ঢাকাই চলচ্চিত্রের আলোচিত চিত্রনায়িকা অপু বিশ্বাস সবসময়ই পরকীয়ার বিরোধীতা করেন। এর আগে এক সাক্ষাৎকারে এ ঢালিউড ক্যুইন বলেছিলেন, এখনকার সময়ে আমাদের সমাজে পরকীয়া বেড়ে গেছে। স্বামী আছে জানার পরও অনেক মেয়ে দেখবেন অন্যের স্বামীর সঙ্গে পরকীয়ায় যুক্ত হয়। এসব ঘটনা এখন অহরহ ঘটছে।এবারের ঈদুল ফিতরকে কেন্দ্র করে ঈদ পরবর্তী এক অনুষ্ঠানে হাজির হয়ে এসব কথা বলেছেন অপু বিশ্বাস। অনুষ্ঠানে হাজির হয়ে র‌্যাপিড ফায়ার নামের এক সেগমেন্টে অংশ নেন তিনি। সেখানে জানান, সমাজ থেকে পরকীয়া বন্ধ করতে চান এ অভিনেত্রী।",-1,-1,-1,-1,0,0,0,0,0,1
চোরের মুখে ধর্মের বাণী,banglatoco,"পরকীয়া করলে পাথর নিক্ষেপ করে মারা হয়, এমন আইন করব : অপু বিশ্বাস ঢাকাই চলচ্চিত্রের আলোচিত চিত্রনায়িকা অপু বিশ্বাস সবসময়ই পরকীয়ার বিরোধীতা করেন। এর আগে এক সাক্ষাৎকারে এ ঢালিউড ক্যুইন বলেছিলেন, এখনকার সময়ে আমাদের সমাজে পরকীয়া বেড়ে গেছে। স্বামী আছে জানার পরও অনেক মেয়ে দেখবেন অন্যের স্বামীর সঙ্গে পরকীয়ায় যুক্ত হয়। এসব ঘটনা এখন অহরহ ঘটছে।এবারের ঈদুল ফিতরকে কেন্দ্র করে ঈদ পরবর্তী এক অনুষ্ঠানে হাজির হয়ে এসব কথা বলেছেন অপু বিশ্বাস। অনুষ্ঠানে হাজির হয়ে র‌্যাপিড ফায়ার নামের এক সেগমেন্টে অংশ নেন তিনি। সেখানে জানান, সমাজ থেকে পরকীয়া বন্ধ করতে চান এ অভিনেত্রী।",-1,-1,-1,-1,1,0,0,0,0,1
মন্ত্রী এমপিদের খাটে গিয়ে কাপানোর জন্য কি শাস্তি হওয়া উচিত এই আইনটা আগে করা দরকার,banglatoco,"পরকীয়া করলে পাথর নিক্ষেপ করে মারা হয়, এমন আইন করব : অপু বিশ্বাস ঢাকাই চলচ্চিত্রের আলোচিত চিত্রনায়িকা অপু বিশ্বাস সবসময়ই পরকীয়ার বিরোধীতা করেন। এর আগে এক সাক্ষাৎকারে এ ঢালিউড ক্যুইন বলেছিলেন, এখনকার সময়ে আমাদের সমাজে পরকীয়া বেড়ে গেছে। স্বামী আছে জানার পরও অনেক মেয়ে দেখবেন অন্যের স্বামীর সঙ্গে পরকীয়ায় যুক্ত হয়। এসব ঘটনা এখন অহরহ ঘটছে।এবারের ঈদুল ফিতরকে কেন্দ্র করে ঈদ পরবর্তী এক অনুষ্ঠানে হাজির হয়ে এসব কথা বলেছেন অপু বিশ্বাস। অনুষ্ঠানে হাজির হয়ে র‌্যাপিড ফায়ার নামের এক সেগমেন্টে অংশ নেন তিনি। সেখানে জানান, সমাজ থেকে পরকীয়া বন্ধ করতে চান এ অভিনেত্রী।",-1,-1,-1,-1,1,0,0,0,0,1
আসলেই ঠিক। পরকীয়া করা মানে ১ টা সাজানো সুখের সংসার ভেঙে দেয়া।পরকীয়া করা নারী পুরুষ পৃথিবীর জঘন্যতম। এদের আইনগত শাস্তি থাকা দরকার,banglatoco,"পরকীয়া করলে পাথর নিক্ষেপ করে মারা হয়, এমন আইন করব : অপু বিশ্বাস ঢাকাই চলচ্চিত্রের আলোচিত চিত্রনায়িকা অপু বিশ্বাস সবসময়ই পরকীয়ার বিরোধীতা করেন। এর আগে এক সাক্ষাৎকারে এ ঢালিউড ক্যুইন বলেছিলেন, এখনকার সময়ে আমাদের সমাজে পরকীয়া বেড়ে গেছে। স্বামী আছে জানার পরও অনেক মেয়ে দেখবেন অন্যের স্বামীর সঙ্গে পরকীয়ায় যুক্ত হয়। এসব ঘটনা এখন অহরহ ঘটছে।এবারের ঈদুল ফিতরকে কেন্দ্র করে ঈদ পরবর্তী এক অনুষ্ঠানে হাজির হয়ে এসব কথা বলেছেন অপু বিশ্বাস। অনুষ্ঠানে হাজির হয়ে র‌্যাপিড ফায়ার নামের এক সেগমেন্টে অংশ নেন তিনি। সেখানে জানান, সমাজ থেকে পরকীয়া বন্ধ করতে চান এ অভিনেত্রী।",-1,-1,-1,-1,0,0,0,0,0,1
"যাক, ভাল একটা সিদ্ধান্ত,, এখানে যারা বাজে কমেন্ট করছে,তারা কখনোই মানুষ না,,",banglatoco,"পরকীয়া করলে পাথর নিক্ষেপ করে মারা হয়, এমন আইন করব : অপু বিশ্বাস ঢাকাই চলচ্চিত্রের আলোচিত চিত্রনায়িকা অপু বিশ্বাস সবসময়ই পরকীয়ার বিরোধীতা করেন। এর আগে এক সাক্ষাৎকারে এ ঢালিউড ক্যুইন বলেছিলেন, এখনকার সময়ে আমাদের সমাজে পরকীয়া বেড়ে গেছে। স্বামী আছে জানার পরও অনেক মেয়ে দেখবেন অন্যের স্বামীর সঙ্গে পরকীয়ায় যুক্ত হয়। এসব ঘটনা এখন অহরহ ঘটছে।এবারের ঈদুল ফিতরকে কেন্দ্র করে ঈদ পরবর্তী এক অনুষ্ঠানে হাজির হয়ে এসব কথা বলেছেন অপু বিশ্বাস। অনুষ্ঠানে হাজির হয়ে র‌্যাপিড ফায়ার নামের এক সেগমেন্টে অংশ নেন তিনি। সেখানে জানান, সমাজ থেকে পরকীয়া বন্ধ করতে চান এ অভিনেত্রী।",-1,-1,-1,-1,0,0,0,0,0,1
এদিকে শাকিব খানের সাথে আট বছর পরকীয়ায় জড়িত অপু বিশ্বাস,banglatoco,"পরকীয়া করলে পাথর নিক্ষেপ করে মারা হয়, এমন আইন করব : অপু বিশ্বাস ঢাকাই চলচ্চিত্রের আলোচিত চিত্রনায়িকা অপু বিশ্বাস সবসময়ই পরকীয়ার বিরোধীতা করেন। এর আগে এক সাক্ষাৎকারে এ ঢালিউড ক্যুইন বলেছিলেন, এখনকার সময়ে আমাদের সমাজে পরকীয়া বেড়ে গেছে। স্বামী আছে জানার পরও অনেক মেয়ে দেখবেন অন্যের স্বামীর সঙ্গে পরকীয়ায় যুক্ত হয়। এসব ঘটনা এখন অহরহ ঘটছে।এবারের ঈদুল ফিতরকে কেন্দ্র করে ঈদ পরবর্তী এক অনুষ্ঠানে হাজির হয়ে এসব কথা বলেছেন অপু বিশ্বাস। অনুষ্ঠানে হাজির হয়ে র‌্যাপিড ফায়ার নামের এক সেগমেন্টে অংশ নেন তিনি। সেখানে জানান, সমাজ থেকে পরকীয়া বন্ধ করতে চান এ অভিনেত্রী।",-1,-1,-1,-1,1,0,0,0,0,1
আমি আপনার সাথে একমত!বর্তমান বাংলাদেশে এই নিয়ম করা উচিত,banglatoco,"পরকীয়া করলে পাথর নিক্ষেপ করে মারা হয়, এমন আইন করব : অপু বিশ্বাস ঢাকাই চলচ্চিত্রের আলোচিত চিত্রনায়িকা অপু বিশ্বাস সবসময়ই পরকীয়ার বিরোধীতা করেন। এর আগে এক সাক্ষাৎকারে এ ঢালিউড ক্যুইন বলেছিলেন, এখনকার সময়ে আমাদের সমাজে পরকীয়া বেড়ে গেছে। স্বামী আছে জানার পরও অনেক মেয়ে দেখবেন অন্যের স্বামীর সঙ্গে পরকীয়ায় যুক্ত হয়। এসব ঘটনা এখন অহরহ ঘটছে।এবারের ঈদুল ফিতরকে কেন্দ্র করে ঈদ পরবর্তী এক অনুষ্ঠানে হাজির হয়ে এসব কথা বলেছেন অপু বিশ্বাস। অনুষ্ঠানে হাজির হয়ে র‌্যাপিড ফায়ার নামের এক সেগমেন্টে অংশ নেন তিনি। সেখানে জানান, সমাজ থেকে পরকীয়া বন্ধ করতে চান এ অভিনেত্রী।",-1,-1,-1,-1,0,0,0,0,0,1
"তুই কে, নিজেই পরকীয়া করিছ",banglatoco,"পরকীয়া করলে পাথর নিক্ষেপ করে মারা হয়, এমন আইন করব : অপু বিশ্বাস ঢাকাই চলচ্চিত্রের আলোচিত চিত্রনায়িকা অপু বিশ্বাস সবসময়ই পরকীয়ার বিরোধীতা করেন। এর আগে এক সাক্ষাৎকারে এ ঢালিউড ক্যুইন বলেছিলেন, এখনকার সময়ে আমাদের সমাজে পরকীয়া বেড়ে গেছে। স্বামী আছে জানার পরও অনেক মেয়ে দেখবেন অন্যের স্বামীর সঙ্গে পরকীয়ায় যুক্ত হয়। এসব ঘটনা এখন অহরহ ঘটছে।এবারের ঈদুল ফিতরকে কেন্দ্র করে ঈদ পরবর্তী এক অনুষ্ঠানে হাজির হয়ে এসব কথা বলেছেন অপু বিশ্বাস। অনুষ্ঠানে হাজির হয়ে র‌্যাপিড ফায়ার নামের এক সেগমেন্টে অংশ নেন তিনি। সেখানে জানান, সমাজ থেকে পরকীয়া বন্ধ করতে চান এ অভিনেত্রী।",-1,-1,-1,-1,1,0,0,0,0,1
"তোর ভাতারকে তো আগে মারা উচিত।নিজে পর্দা কর তারপর উপদেশ দিস,আর ধার্মিক ছবি বানাস।",banglatoco,"পরকীয়া করলে পাথর নিক্ষেপ করে মারা হয়, এমন আইন করব : অপু বিশ্বাস ঢাকাই চলচ্চিত্রের আলোচিত চিত্রনায়িকা অপু বিশ্বাস সবসময়ই পরকীয়ার বিরোধীতা করেন। এর আগে এক সাক্ষাৎকারে এ ঢালিউড ক্যুইন বলেছিলেন, এখনকার সময়ে আমাদের সমাজে পরকীয়া বেড়ে গেছে। স্বামী আছে জানার পরও অনেক মেয়ে দেখবেন অন্যের স্বামীর সঙ্গে পরকীয়ায় যুক্ত হয়। এসব ঘটনা এখন অহরহ ঘটছে।এবারের ঈদুল ফিতরকে কেন্দ্র করে ঈদ পরবর্তী এক অনুষ্ঠানে হাজির হয়ে এসব কথা বলেছেন অপু বিশ্বাস। অনুষ্ঠানে হাজির হয়ে র‌্যাপিড ফায়ার নামের এক সেগমেন্টে অংশ নেন তিনি। সেখানে জানান, সমাজ থেকে পরকীয়া বন্ধ করতে চান এ অভিনেত্রী।",-1,-1,-1,-1,1,0,0,0,0,1
উলঙ্গ হলেও কথা ভালা🙈,banglatoco,"পরকীয়া করলে পাথর নিক্ষেপ করে মারা হয়, এমন আইন করব : অপু বিশ্বাস ঢাকাই চলচ্চিত্রের আলোচিত চিত্রনায়িকা অপু বিশ্বাস সবসময়ই পরকীয়ার বিরোধীতা করেন। এর আগে এক সাক্ষাৎকারে এ ঢালিউড ক্যুইন বলেছিলেন, এখনকার সময়ে আমাদের সমাজে পরকীয়া বেড়ে গেছে। স্বামী আছে জানার পরও অনেক মেয়ে দেখবেন অন্যের স্বামীর সঙ্গে পরকীয়ায় যুক্ত হয়। এসব ঘটনা এখন অহরহ ঘটছে।এবারের ঈদুল ফিতরকে কেন্দ্র করে ঈদ পরবর্তী এক অনুষ্ঠানে হাজির হয়ে এসব কথা বলেছেন অপু বিশ্বাস। অনুষ্ঠানে হাজির হয়ে র‌্যাপিড ফায়ার নামের এক সেগমেন্টে অংশ নেন তিনি। সেখানে জানান, সমাজ থেকে পরকীয়া বন্ধ করতে চান এ অভিনেত্রী।",-1,-1,-1,-1,1,0,0,0,0,1
সবার আগে নিজের গায়ে তুর গায়ে মারতে হবে।সাকিব ভাইকে রেখে তুই জায়েদ খান এর সাথে কি করছিলি?খবিশ বেটি!,banglatoco,"পরকীয়া করলে পাথর নিক্ষেপ করে মারা হয়, এমন আইন করব : অপু বিশ্বাস ঢাকাই চলচ্চিত্রের আলোচিত চিত্রনায়িকা অপু বিশ্বাস সবসময়ই পরকীয়ার বিরোধীতা করেন। এর আগে এক সাক্ষাৎকারে এ ঢালিউড ক্যুইন বলেছিলেন, এখনকার সময়ে আমাদের সমাজে পরকীয়া বেড়ে গেছে। স্বামী আছে জানার পরও অনেক মেয়ে দেখবেন অন্যের স্বামীর সঙ্গে পরকীয়ায় যুক্ত হয়। এসব ঘটনা এখন অহরহ ঘটছে।এবারের ঈদুল ফিতরকে কেন্দ্র করে ঈদ পরবর্তী এক অনুষ্ঠানে হাজির হয়ে এসব কথা বলেছেন অপু বিশ্বাস। অনুষ্ঠানে হাজির হয়ে র‌্যাপিড ফায়ার নামের এক সেগমেন্টে অংশ নেন তিনি। সেখানে জানান, সমাজ থেকে পরকীয়া বন্ধ করতে চান এ অভিনেত্রী।",-1,-1,-1,-1,1,0,0,0,0,1
ন্যংটা হয়ে অভিনয় করলে শাস্তি হবেনা?,banglatoco,"পরকীয়া করলে পাথর নিক্ষেপ করে মারা হয়, এমন আইন করব : অপু বিশ্বাস ঢাকাই চলচ্চিত্রের আলোচিত চিত্রনায়িকা অপু বিশ্বাস সবসময়ই পরকীয়ার বিরোধীতা করেন। এর আগে এক সাক্ষাৎকারে এ ঢালিউড ক্যুইন বলেছিলেন, এখনকার সময়ে আমাদের সমাজে পরকীয়া বেড়ে গেছে। স্বামী আছে জানার পরও অনেক মেয়ে দেখবেন অন্যের স্বামীর সঙ্গে পরকীয়ায় যুক্ত হয়। এসব ঘটনা এখন অহরহ ঘটছে।এবারের ঈদুল ফিতরকে কেন্দ্র করে ঈদ পরবর্তী এক অনুষ্ঠানে হাজির হয়ে এসব কথা বলেছেন অপু বিশ্বাস। অনুষ্ঠানে হাজির হয়ে র‌্যাপিড ফায়ার নামের এক সেগমেন্টে অংশ নেন তিনি। সেখানে জানান, সমাজ থেকে পরকীয়া বন্ধ করতে চান এ অভিনেত্রী।",-1,-1,-1,-1,1,0,0,0,0,1
অসাধারণ কথা এমন হলে অনেক ভালো হয়,banglatoco,"পরকীয়া করলে পাথর নিক্ষেপ করে মারা হয়, এমন আইন করব : অপু বিশ্বাস ঢাকাই চলচ্চিত্রের আলোচিত চিত্রনায়িকা অপু বিশ্বাস সবসময়ই পরকীয়ার বিরোধীতা করেন। এর আগে এক সাক্ষাৎকারে এ ঢালিউড ক্যুইন বলেছিলেন, এখনকার সময়ে আমাদের সমাজে পরকীয়া বেড়ে গেছে। স্বামী আছে জানার পরও অনেক মেয়ে দেখবেন অন্যের স্বামীর সঙ্গে পরকীয়ায় যুক্ত হয়। এসব ঘটনা এখন অহরহ ঘটছে।এবারের ঈদুল ফিতরকে কেন্দ্র করে ঈদ পরবর্তী এক অনুষ্ঠানে হাজির হয়ে এসব কথা বলেছেন অপু বিশ্বাস। অনুষ্ঠানে হাজির হয়ে র‌্যাপিড ফায়ার নামের এক সেগমেন্টে অংশ নেন তিনি। সেখানে জানান, সমাজ থেকে পরকীয়া বন্ধ করতে চান এ অভিনেত্রী।",-1,-1,-1,-1,0,0,0,0,0,1
অনেক ধন্যবাদ আপনাকে,banglatoco,"পরকীয়া করলে পাথর নিক্ষেপ করে মারা হয়, এমন আইন করব : অপু বিশ্বাস ঢাকাই চলচ্চিত্রের আলোচিত চিত্রনায়িকা অপু বিশ্বাস সবসময়ই পরকীয়ার বিরোধীতা করেন। এর আগে এক সাক্ষাৎকারে এ ঢালিউড ক্যুইন বলেছিলেন, এখনকার সময়ে আমাদের সমাজে পরকীয়া বেড়ে গেছে। স্বামী আছে জানার পরও অনেক মেয়ে দেখবেন অন্যের স্বামীর সঙ্গে পরকীয়ায় যুক্ত হয়। এসব ঘটনা এখন অহরহ ঘটছে।এবারের ঈদুল ফিতরকে কেন্দ্র করে ঈদ পরবর্তী এক অনুষ্ঠানে হাজির হয়ে এসব কথা বলেছেন অপু বিশ্বাস। অনুষ্ঠানে হাজির হয়ে র‌্যাপিড ফায়ার নামের এক সেগমেন্টে অংশ নেন তিনি। সেখানে জানান, সমাজ থেকে পরকীয়া বন্ধ করতে চান এ অভিনেত্রী।",-1,-1,-1,-1,0,0,0,0,0,1
